global_index,split,id,file,true,pred,logit0,logit1,logit2,logit3,logit4,cycles,reference_match
0,train,circulo_0000,train/circulo/circulo_0000.png,0,0,86339,-49719,-11117,-11285,-40379,206520,1
1,train,circulo_0001,train/circulo/circulo_0001.png,0,0,81184,-55251,-14193,-23516,-37709,206520,1
2,train,circulo_0002,train/circulo/circulo_0002.png,0,0,50880,-53573,11890,-30548,-43300,206520,1
3,train,circulo_0003,train/circulo/circulo_0003.png,0,0,80637,-61343,-17621,-19359,-44114,206520,1
4,train,circulo_0004,train/circulo/circulo_0004.png,0,0,87229,-47539,-3572,-9493,-28278,206520,1
5,train,circulo_0005,train/circulo/circulo_0005.png,0,0,111434,-57085,-11810,-17849,-32217,206520,1
6,train,circulo_0006,train/circulo/circulo_0006.png,0,0,109351,-54607,-11429,-17101,-24520,206520,1
7,train,circulo_0007,train/circulo/circulo_0007.png,0,0,92983,-71004,-13751,-31497,-26848,206520,1
8,train,circulo_0008,train/circulo/circulo_0008.png,0,0,89463,-66280,-19399,-12874,-34308,206520,1
9,train,circulo_0009,train/circulo/circulo_0009.png,0,0,111440,-66843,-15869,-27019,-31338,206520,1
10,train,circulo_0010,train/circulo/circulo_0010.png,0,0,84737,-64601,-3354,-1135,-47622,206520,1
11,train,circulo_0011,train/circulo/circulo_0011.png,0,0,81969,-55267,-16470,-4011,-27152,206520,1
12,train,circulo_0012,train/circulo/circulo_0012.png,0,0,124931,-63172,-10238,-17137,-34020,206520,1
13,train,circulo_0013,train/circulo/circulo_0013.png,0,0,46667,-47889,6250,-14510,-32993,206520,1
14,train,circulo_0014,train/circulo/circulo_0014.png,0,0,83820,-45701,-7673,-12178,-27517,206520,1
15,train,circulo_0015,train/circulo/circulo_0015.png,0,0,93696,-62131,-16518,-28265,-51642,206520,1
16,train,circulo_0016,train/circulo/circulo_0016.png,0,0,90349,-64125,-5400,-11789,-28288,206520,1
17,train,circulo_0017,train/circulo/circulo_0017.png,0,0,86989,-72641,2039,-11870,-48000,206520,1
18,train,circulo_0018,train/circulo/circulo_0018.png,0,0,103689,-65790,-12166,-26913,-40744,206520,1
19,train,circulo_0019,train/circulo/circulo_0019.png,0,0,63313,-57789,424,2753,-41005,206520,1
20,train,circulo_0020,train/circulo/circulo_0020.png,0,0,100793,-68655,-10081,-18327,-44782,206520,1
21,train,circulo_0021,train/circulo/circulo_0021.png,0,0,81647,-62063,-6578,-10762,-27334,206520,1
22,train,circulo_0022,train/circulo/circulo_0022.png,0,0,92776,-62036,-13925,-33798,-29132,206520,1
23,train,circulo_0023,train/circulo/circulo_0023.png,0,0,102728,-44460,-2893,-18149,-27660,206520,1
24,train,circulo_0024,train/circulo/circulo_0024.png,0,0,82970,-57460,-6178,745,-36626,206520,1
25,train,circulo_0025,train/circulo/circulo_0025.png,0,0,111409,-58013,-4536,-19470,-36120,206520,1
26,train,circulo_0026,train/circulo/circulo_0026.png,0,0,106206,-66813,-10084,-28365,-34325,206520,1
27,train,circulo_0027,train/circulo/circulo_0027.png,0,0,106646,-63340,-13890,-22973,-34272,206520,1
28,train,circulo_0028,train/circulo/circulo_0028.png,0,0,78248,-56612,-12801,-18800,-37684,206520,1
29,train,circulo_0029,train/circulo/circulo_0029.png,0,0,73921,-59062,-361,21058,-37784,206520,1
30,train,circulo_0030,train/circulo/circulo_0030.png,0,0,93837,-48659,-10829,-15878,-23800,206520,1
31,train,circulo_0031,train/circulo/circulo_0031.png,0,0,86508,-53131,-9635,-22065,-22966,206520,1
32,train,circulo_0032,train/circulo/circulo_0032.png,0,0,102017,-49322,-9829,-15788,-24725,206520,1
33,train,circulo_0033,train/circulo/circulo_0033.png,0,0,82512,-65864,-4625,-12661,-31550,206520,1
34,train,circulo_0034,train/circulo/circulo_0034.png,0,0,84136,-55174,-3110,-11187,-34087,206520,1
35,train,circulo_0035,train/circulo/circulo_0035.png,0,0,107056,-73723,-14917,-29274,-32085,206520,1
36,train,circulo_0036,train/circulo/circulo_0036.png,0,0,108490,-71109,-17930,-22744,-36953,206520,1
37,train,circulo_0037,train/circulo/circulo_0037.png,0,0,87534,-55170,-17784,-10558,-22731,206520,1
38,train,circulo_0038,train/circulo/circulo_0038.png,0,0,90976,-58507,-16182,-19510,-26613,206520,1
39,train,circulo_0039,train/circulo/circulo_0039.png,0,0,94487,-67057,-4128,-16622,-36180,206520,1
40,train,circulo_0040,train/circulo/circulo_0040.png,0,0,105298,-65379,-17517,-23390,-41355,206520,1
41,train,circulo_0041,train/circulo/circulo_0041.png,0,0,97841,-65164,-3671,-12321,-37427,206520,1
42,train,circulo_0042,train/circulo/circulo_0042.png,0,0,101409,-57481,-13450,-22138,-35845,206520,1
43,train,circulo_0043,train/circulo/circulo_0043.png,0,0,115957,-64642,-16369,-26898,-31094,206520,1
44,train,circulo_0044,train/circulo/circulo_0044.png,0,0,122476,-60286,-3942,-21124,-36850,206520,1
45,train,circulo_0045,train/circulo/circulo_0045.png,0,0,71796,-56233,-321,-11127,-33356,206520,1
46,train,circulo_0046,train/circulo/circulo_0046.png,0,0,79353,-55269,-3803,2116,-36440,206520,1
47,train,circulo_0047,train/circulo/circulo_0047.png,0,0,82400,-53117,-12228,-18818,-22659,206520,1
48,train,circulo_0048,train/circulo/circulo_0048.png,0,0,94745,-64678,-13027,-24461,-38344,206520,1
49,train,circulo_0049,train/circulo/circulo_0049.png,0,0,81739,-34539,-10287,-542,2950,206520,1
50,train,circulo_0050,train/circulo/circulo_0050.png,0,0,90605,-47496,-7056,-18670,-28105,206520,1
51,train,circulo_0051,train/circulo/circulo_0051.png,0,0,95640,-67579,-8271,-19509,-24856,206520,1
52,train,circulo_0052,train/circulo/circulo_0052.png,0,0,119957,-63459,-13466,-22041,-33772,206520,1
53,train,circulo_0053,train/circulo/circulo_0053.png,0,0,88425,-75044,-15031,-21757,-58272,206520,1
54,train,circulo_0054,train/circulo/circulo_0054.png,0,0,85413,-56197,-15099,-12345,-35138,206520,1
55,train,circulo_0055,train/circulo/circulo_0055.png,0,0,103875,-70436,-14952,-25058,-29612,206520,1
56,train,circulo_0056,train/circulo/circulo_0056.png,0,0,100082,-64902,-7369,-27161,-38280,206520,1
57,train,circulo_0057,train/circulo/circulo_0057.png,0,0,95761,-51070,2707,-17468,-37357,206520,1
58,train,circulo_0058,train/circulo/circulo_0058.png,0,0,105067,-75209,-11968,-30167,-31703,206520,1
59,train,circulo_0059,train/circulo/circulo_0059.png,0,0,103754,-71611,-12862,-28873,-35711,206520,1
60,train,circulo_0060,train/circulo/circulo_0060.png,0,0,93361,-55807,-19614,-19120,-20772,206520,1
61,train,circulo_0061,train/circulo/circulo_0061.png,0,0,100187,-73142,-14357,-28242,-27481,206520,1
62,train,circulo_0062,train/circulo/circulo_0062.png,0,0,79103,-60429,-20119,-11118,-32089,206520,1
63,train,circulo_0063,train/circulo/circulo_0063.png,0,0,83775,-51658,-12083,-2001,-26654,206520,1
64,train,circulo_0064,train/circulo/circulo_0064.png,0,0,74550,-43551,-12883,-3624,-9241,206520,1
65,train,circulo_0065,train/circulo/circulo_0065.png,0,0,93694,-40346,-15599,9741,-6538,206520,1
66,train,circulo_0066,train/circulo/circulo_0066.png,0,0,97936,-69766,-4821,-16833,-35684,206520,1
67,train,circulo_0067,train/circulo/circulo_0067.png,0,0,110291,-71400,-19977,-19020,-35487,206520,1
68,train,circulo_0068,train/circulo/circulo_0068.png,0,0,91279,-67777,-5865,-11974,-51837,206520,1
69,train,circulo_0069,train/circulo/circulo_0069.png,0,0,95431,-68663,-18975,-11287,-33138,206520,1
70,train,circulo_0070,train/circulo/circulo_0070.png,0,0,134201,-54235,-8637,-16488,-31776,206520,1
71,train,circulo_0071,train/circulo/circulo_0071.png,0,0,116704,-66685,-21278,-25533,-31873,206520,1
72,train,circulo_0072,train/circulo/circulo_0072.png,0,0,80188,-43777,4965,-13890,-34571,206520,1
73,train,circulo_0073,train/circulo/circulo_0073.png,0,0,113172,-66590,-11244,-19336,-36406,206520,1
74,train,circulo_0074,train/circulo/circulo_0074.png,0,0,102299,-64716,-10143,-17771,-34788,206520,1
75,train,circulo_0075,train/circulo/circulo_0075.png,0,0,68908,-62159,2811,-18982,-46715,206520,1
76,train,circulo_0076,train/circulo/circulo_0076.png,0,0,89552,-51423,-13450,-13309,-24984,206520,1
77,train,circulo_0077,train/circulo/circulo_0077.png,0,0,88885,-53629,-10254,20161,-30395,206520,1
78,train,circulo_0078,train/circulo/circulo_0078.png,0,0,96584,-76767,-18556,-21379,-47078,206520,1
79,train,circulo_0079,train/circulo/circulo_0079.png,0,0,47026,-53872,13156,-27091,-46325,206520,1
80,train,circulo_0080,train/circulo/circulo_0080.png,0,0,82995,-63238,-8839,-10740,-35971,206520,1
81,train,circulo_0081,train/circulo/circulo_0081.png,0,0,108670,-75326,-14397,-31260,-36776,206520,1
82,train,circulo_0082,train/circulo/circulo_0082.png,0,0,104002,-49985,-3119,-16715,-35766,206520,1
83,train,circulo_0083,train/circulo/circulo_0083.png,0,0,86240,-47956,-13771,-8302,-12573,206520,1
84,train,circulo_0084,train/circulo/circulo_0084.png,0,0,81516,-62532,-18230,-13683,-32743,206520,1
85,train,circulo_0085,train/circulo/circulo_0085.png,0,0,98432,-64368,-10869,-26010,-30947,206520,1
86,train,circulo_0086,train/circulo/circulo_0086.png,0,0,104352,-60502,-9338,-19016,-36038,206520,1
87,train,circulo_0087,train/circulo/circulo_0087.png,0,0,100221,-63958,-9411,-18211,-36126,206520,1
88,train,circulo_0088,train/circulo/circulo_0088.png,0,0,75898,-58202,-15967,-10581,-33039,206520,1
89,train,circulo_0089,train/circulo/circulo_0089.png,0,0,95418,-59006,-8726,-23242,-33090,206520,1
90,train,circulo_0090,train/circulo/circulo_0090.png,0,0,75226,-62959,3380,-21834,-44881,206520,1
91,train,circulo_0091,train/circulo/circulo_0091.png,0,0,86682,-66751,-17574,-14865,-41533,206520,1
92,train,circulo_0092,train/circulo/circulo_0092.png,0,0,82709,-52338,-13982,-19736,-19424,206520,1
93,train,circulo_0093,train/circulo/circulo_0093.png,0,0,98337,-66509,-14265,-35090,-33560,206520,1
94,train,circulo_0094,train/circulo/circulo_0094.png,0,0,67207,-64475,379,-5748,-46407,206520,1
95,train,circulo_0095,train/circulo/circulo_0095.png,0,0,85278,-57428,-12221,-25703,-28442,206520,1
96,train,circulo_0096,train/circulo/circulo_0096.png,0,0,104844,-42222,-8847,-2917,-28628,206520,1
97,train,circulo_0097,train/circulo/circulo_0097.png,0,0,92233,-33088,-3918,-1329,-22454,206520,1
98,train,circulo_0098,train/circulo/circulo_0098.png,0,0,81517,-49204,-15945,-5095,-15871,206520,1
99,train,circulo_0099,train/circulo/circulo_0099.png,0,0,88242,-53416,-9253,-20189,-29547,206520,1
100,train,circulo_0100,train/circulo/circulo_0100.png,0,0,78340,-45010,-1945,-8920,-34853,206520,1
101,train,circulo_0101,train/circulo/circulo_0101.png,0,0,110289,-72881,-23202,-17558,-32413,206520,1
102,train,circulo_0102,train/circulo/circulo_0102.png,0,0,104853,-72173,-16405,-25423,-29776,206520,1
103,train,circulo_0103,train/circulo/circulo_0103.png,0,0,95528,-61040,-12147,-11776,-24060,206520,1
104,train,circulo_0104,train/circulo/circulo_0104.png,0,0,97494,-74866,-16657,-15943,-44554,206520,1
105,train,circulo_0105,train/circulo/circulo_0105.png,0,0,75208,-53267,-21332,-10828,-22142,206520,1
106,train,circulo_0106,train/circulo/circulo_0106.png,0,0,77313,-50412,-9626,-598,-24249,206520,1
107,train,circulo_0107,train/circulo/circulo_0107.png,0,0,103081,-69479,-14034,-25255,-26642,206520,1
108,train,circulo_0108,train/circulo/circulo_0108.png,0,0,102230,-62109,-20025,-22452,-26400,206520,1
109,train,circulo_0109,train/circulo/circulo_0109.png,0,0,84459,-49385,-8763,-18589,-27049,206520,1
110,train,circulo_0110,train/circulo/circulo_0110.png,0,0,82872,-55700,-9666,-24531,-25667,206520,1
111,train,circulo_0111,train/circulo/circulo_0111.png,0,0,81074,-60448,-15191,-16137,-33436,206520,1
112,train,circulo_0112,train/circulo/circulo_0112.png,0,0,108982,-76962,-18338,-27923,-29004,206520,1
113,train,circulo_0113,train/circulo/circulo_0113.png,0,0,99127,-64344,-14230,-21700,-25387,206520,1
114,train,circulo_0114,train/circulo/circulo_0114.png,0,0,90873,-63121,-9177,-22306,-27419,206520,1
115,train,circulo_0115,train/circulo/circulo_0115.png,0,0,94178,-68094,-19420,-10511,-29779,206520,1
116,train,circulo_0116,train/circulo/circulo_0116.png,0,0,80644,-42037,-11295,14861,-15872,206520,1
117,train,circulo_0117,train/circulo/circulo_0117.png,0,0,108021,-64665,-17898,-22791,-40910,206520,1
118,train,circulo_0118,train/circulo/circulo_0118.png,0,0,111896,-74614,-20513,-24095,-32310,206520,1
119,train,circulo_0119,train/circulo/circulo_0119.png,0,0,106553,-74407,-18273,-26119,-30702,206520,1
120,train,circulo_0120,train/circulo/circulo_0120.png,0,0,99503,-64794,-15442,-22136,-27645,206520,1
121,train,circulo_0121,train/circulo/circulo_0121.png,0,0,89866,-63558,-13670,-28905,-43216,206520,1
122,train,circulo_0122,train/circulo/circulo_0122.png,0,0,106097,-62689,-14940,-29447,-44750,206520,1
123,train,circulo_0123,train/circulo/circulo_0123.png,0,0,61130,-67371,6597,-9431,-51007,206520,1
124,train,circulo_0124,train/circulo/circulo_0124.png,0,0,98061,-54471,-10828,-22336,-30053,206520,1
125,train,circulo_0125,train/circulo/circulo_0125.png,0,0,82379,-55860,-11488,-5277,-26518,206520,1
126,train,circulo_0126,train/circulo/circulo_0126.png,0,0,85370,-56631,-12578,-15541,-20890,206520,1
127,train,circulo_0127,train/circulo/circulo_0127.png,0,0,97171,-66823,-14662,-31354,-36998,206520,1
128,train,circulo_0128,train/circulo/circulo_0128.png,0,0,117244,-37536,-3738,3740,-32410,206520,1
129,train,circulo_0129,train/circulo/circulo_0129.png,0,0,79800,-54032,-5918,-14473,-20236,206520,1
130,train,circulo_0130,train/circulo/circulo_0130.png,0,0,92787,-60713,-12530,-20401,-45504,206520,1
131,train,circulo_0131,train/circulo/circulo_0131.png,0,0,78305,-53463,-5459,19343,-36221,206520,1
132,train,circulo_0132,train/circulo/circulo_0132.png,0,0,79979,-60758,704,-5381,-39011,206520,1
133,train,circulo_0133,train/circulo/circulo_0133.png,0,0,92214,-50785,-8559,-14970,-38952,206520,1
134,train,circulo_0134,train/circulo/circulo_0134.png,0,0,82548,-53830,-15336,-23656,-33920,206520,1
135,train,circulo_0135,train/circulo/circulo_0135.png,0,0,87294,-53221,-12970,-8834,-24298,206520,1
136,train,circulo_0136,train/circulo/circulo_0136.png,0,0,102381,-68008,-21668,-22701,-25370,206520,1
137,train,circulo_0137,train/circulo/circulo_0137.png,0,0,87381,-58152,-15577,-10053,-21221,206520,1
138,train,circulo_0138,train/circulo/circulo_0138.png,0,0,86471,-56931,-14830,-8657,-41023,206520,1
139,train,circulo_0139,train/circulo/circulo_0139.png,0,0,102617,-51817,-7066,-18859,-30382,206520,1
140,train,circulo_0140,train/circulo/circulo_0140.png,0,0,81892,-56101,-18325,-10051,-33180,206520,1
141,train,circulo_0141,train/circulo/circulo_0141.png,0,0,89716,-71067,-19364,-27336,-49310,206520,1
142,train,circulo_0142,train/circulo/circulo_0142.png,0,0,99968,-66851,-10151,-26201,-36472,206520,1
143,train,circulo_0143,train/circulo/circulo_0143.png,0,0,99315,-59037,-15667,-16904,-28983,206520,1
144,train,circulo_0144,train/circulo/circulo_0144.png,0,0,101313,-53544,-7893,-18570,-29830,206520,1
145,train,circulo_0145,train/circulo/circulo_0145.png,0,0,91346,-65014,-19019,-24418,-36677,206520,1
146,train,circulo_0146,train/circulo/circulo_0146.png,0,0,118996,-57323,-4045,-22368,-37137,206520,1
147,train,circulo_0147,train/circulo/circulo_0147.png,0,0,85479,-57680,-10356,-15112,-22333,206520,1
148,train,circulo_0148,train/circulo/circulo_0148.png,0,0,48705,-49913,12036,-29876,-42184,206520,1
149,train,circulo_0149,train/circulo/circulo_0149.png,0,0,81231,-54209,-12605,-8993,-27428,206520,1
150,train,circulo_0150,train/circulo/circulo_0150.png,0,0,85929,-53499,-13137,-17281,-28675,206520,1
151,train,circulo_0151,train/circulo/circulo_0151.png,0,0,99247,-58510,-15872,-21822,-34562,206520,1
152,train,circulo_0152,train/circulo/circulo_0152.png,0,0,72702,-59517,-20673,-14471,-29434,206520,1
153,train,circulo_0153,train/circulo/circulo_0153.png,0,0,96428,-63757,-12296,-23519,-28369,206520,1
154,train,circulo_0154,train/circulo/circulo_0154.png,0,0,93155,-64179,-11398,-2819,-33297,206520,1
155,train,circulo_0155,train/circulo/circulo_0155.png,0,0,110087,-56758,-5431,-22985,-36810,206520,1
156,train,circulo_0156,train/circulo/circulo_0156.png,0,0,91491,-60722,-14141,-20178,-25896,206520,1
157,train,circulo_0157,train/circulo/circulo_0157.png,0,0,98871,-58786,-11673,-25315,-39685,206520,1
158,train,circulo_0158,train/circulo/circulo_0158.png,0,0,95695,-68970,-3606,-15607,-37368,206520,1
159,train,circulo_0159,train/circulo/circulo_0159.png,0,0,107846,-71549,-18977,-30481,-35147,206520,1
160,train,circulo_0160,train/circulo/circulo_0160.png,0,0,51026,-49307,10158,-19486,-40096,206520,1
161,train,circulo_0161,train/circulo/circulo_0161.png,0,0,84708,-59037,-1802,14634,-44471,206520,1
162,train,circulo_0162,train/circulo/circulo_0162.png,0,0,107481,-67766,-23121,-18725,-31802,206520,1
163,train,circulo_0163,train/circulo/circulo_0163.png,0,0,92024,-57924,-16573,-8313,-28550,206520,1
164,train,circulo_0164,train/circulo/circulo_0164.png,0,0,104513,-55423,-15779,-20819,-26647,206520,1
165,train,circulo_0165,train/circulo/circulo_0165.png,0,0,97105,-68149,-17217,-31756,-41203,206520,1
166,train,circulo_0166,train/circulo/circulo_0166.png,0,0,99276,-67419,-9270,-12738,-36950,206520,1
167,train,circulo_0167,train/circulo/circulo_0167.png,0,0,98158,-66853,-15231,-22591,-28076,206520,1
168,train,circulo_0168,train/circulo/circulo_0168.png,0,0,100187,-64958,-20559,-17843,-22433,206520,1
169,train,circulo_0169,train/circulo/circulo_0169.png,0,0,112026,-62901,-15571,-25631,-37441,206520,1
170,train,circulo_0170,train/circulo/circulo_0170.png,0,0,92065,-42171,-11707,-1417,249,206520,1
171,train,circulo_0171,train/circulo/circulo_0171.png,0,0,57032,-54044,6679,-16936,-44634,206520,1
172,train,circulo_0172,train/circulo/circulo_0172.png,0,0,114663,-50081,-4760,-4700,-37397,206520,1
173,train,circulo_0173,train/circulo/circulo_0173.png,0,0,88797,-58256,-13258,-26297,-26087,206520,1
174,train,circulo_0174,train/circulo/circulo_0174.png,0,0,104636,-52647,-9731,-17035,-26298,206520,1
175,train,circulo_0175,train/circulo/circulo_0175.png,0,0,76855,-50501,-15048,-9398,-26349,206520,1
176,train,circulo_0176,train/circulo/circulo_0176.png,0,0,117719,-53616,-14781,-20860,-25476,206520,1
177,train,circulo_0177,train/circulo/circulo_0177.png,0,0,108316,-68023,-12904,-29326,-35917,206520,1
178,train,circulo_0178,train/circulo/circulo_0178.png,0,0,95222,-64785,-14679,-30599,-36318,206520,1
179,train,circulo_0179,train/circulo/circulo_0179.png,0,0,83419,-56209,-11117,-18331,-34234,206520,1
180,train,circulo_0180,train/circulo/circulo_0180.png,0,0,94869,-60843,-11287,-23699,-29820,206520,1
181,train,circulo_0181,train/circulo/circulo_0181.png,0,0,93541,-59970,-14252,5499,-34328,206520,1
182,train,circulo_0182,train/circulo/circulo_0182.png,0,0,119826,-70594,-22324,-30398,-31259,206520,1
183,train,circulo_0183,train/circulo/circulo_0183.png,0,0,89811,-54876,-18203,-12557,-24329,206520,1
184,train,circulo_0184,train/circulo/circulo_0184.png,0,0,93331,-69215,-3289,-1413,-45662,206520,1
185,train,circulo_0185,train/circulo/circulo_0185.png,0,0,93919,-57409,-13190,-22312,-31834,206520,1
186,train,circulo_0186,train/circulo/circulo_0186.png,0,0,77568,-63653,1326,-15597,-37097,206520,1
187,train,circulo_0187,train/circulo/circulo_0187.png,0,0,108004,-72200,-21730,-22011,-28710,206520,1
188,train,circulo_0188,train/circulo/circulo_0188.png,0,0,85982,-66610,-3018,-5822,-46538,206520,1
189,train,circulo_0189,train/circulo/circulo_0189.png,0,0,80710,-55657,-12998,-26204,-20039,206520,1
190,train,circulo_0190,train/circulo/circulo_0190.png,0,0,87925,-62417,-18420,-19714,-45698,206520,1
191,train,circulo_0191,train/circulo/circulo_0191.png,0,0,106567,-53808,-4403,-15288,-31845,206520,1
192,train,circulo_0192,train/circulo/circulo_0192.png,0,0,92685,-71868,-23395,-17280,-36431,206520,1
193,train,circulo_0193,train/circulo/circulo_0193.png,0,0,97099,-70244,-167,-13480,-34969,206520,1
194,train,circulo_0194,train/circulo/circulo_0194.png,0,0,102506,-57501,1934,-22893,-38821,206520,1
195,train,circulo_0195,train/circulo/circulo_0195.png,0,0,86629,-51801,-8057,-20598,-25810,206520,1
196,train,circulo_0196,train/circulo/circulo_0196.png,0,0,95436,-55983,-7561,-20816,-34682,206520,1
197,train,circulo_0197,train/circulo/circulo_0197.png,0,0,75345,-52672,-126,-20770,-42317,206520,1
198,train,circulo_0198,train/circulo/circulo_0198.png,0,0,94367,-62191,-13859,-227,-34548,206520,1
199,train,circulo_0199,train/circulo/circulo_0199.png,0,0,81192,-55317,-14102,-20854,-18230,206520,1
200,train,circulo_0200,train/circulo/circulo_0200.png,0,0,113027,-41653,-4628,-13133,-25835,206520,1
201,train,circulo_0201,train/circulo/circulo_0201.png,0,0,97175,-66058,-10859,-22540,-28004,206520,1
202,train,circulo_0202,train/circulo/circulo_0202.png,0,0,90310,-61213,-23272,-13389,-22625,206520,1
203,train,circulo_0203,train/circulo/circulo_0203.png,0,0,94394,-66100,-13460,-19503,-24582,206520,1
204,train,circulo_0204,train/circulo/circulo_0204.png,0,0,98344,-67123,-12779,-8178,-36491,206520,1
205,train,circulo_0205,train/circulo/circulo_0205.png,0,0,90174,-54757,-10519,-19802,-31027,206520,1
206,train,circulo_0206,train/circulo/circulo_0206.png,0,0,94197,-59411,-20011,-9404,-29088,206520,1
207,train,circulo_0207,train/circulo/circulo_0207.png,0,0,103597,-55247,3512,-22402,-38723,206520,1
208,train,circulo_0208,train/circulo/circulo_0208.png,0,0,109540,-75192,-16800,-29564,-36191,206520,1
209,train,circulo_0209,train/circulo/circulo_0209.png,0,0,84784,-67673,-2029,9856,-51751,206520,1
210,train,circulo_0210,train/circulo/circulo_0210.png,0,0,125717,-63228,-9929,-17177,-32280,206520,1
211,train,circulo_0211,train/circulo/circulo_0211.png,0,0,84295,-64289,8435,-15502,-51539,206520,1
212,train,circulo_0212,train/circulo/circulo_0212.png,0,0,94082,-64325,-14609,-21356,-22679,206520,1
213,train,circulo_0213,train/circulo/circulo_0213.png,0,0,48886,-50256,12369,-32603,-41873,206520,1
214,train,circulo_0214,train/circulo/circulo_0214.png,0,0,103305,-68325,-16562,-24022,-32966,206520,1
215,train,circulo_0215,train/circulo/circulo_0215.png,0,0,85374,-53335,-13799,-16415,-18763,206520,1
216,train,circulo_0216,train/circulo/circulo_0216.png,0,0,86737,-54616,-13521,-21883,-24171,206520,1
217,train,circulo_0217,train/circulo/circulo_0217.png,0,0,88147,-64898,2641,-11718,-54242,206520,1
218,train,circulo_0218,train/circulo/circulo_0218.png,0,0,81756,-52339,-10408,-14396,-21535,206520,1
219,train,circulo_0219,train/circulo/circulo_0219.png,0,0,96792,-64340,-12793,-22076,-22020,206520,1
220,train,circulo_0220,train/circulo/circulo_0220.png,0,0,99659,-64326,-13644,-24742,-32707,206520,1
221,train,circulo_0221,train/circulo/circulo_0221.png,0,0,89544,-65650,-18347,-10646,-29549,206520,1
222,train,circulo_0222,train/circulo/circulo_0222.png,0,0,84985,-69869,-14949,-16082,-54819,206520,1
223,train,circulo_0223,train/circulo/circulo_0223.png,0,0,128861,-66018,-15667,-18612,-28525,206520,1
224,train,circulo_0224,train/circulo/circulo_0224.png,0,0,49797,-49168,13623,-16028,-40079,206520,1
225,train,circulo_0225,train/circulo/circulo_0225.png,0,0,85844,-57143,-9510,-15922,-38947,206520,1
226,train,circulo_0226,train/circulo/circulo_0226.png,0,0,85402,-62051,-15497,-18700,-42389,206520,1
227,train,circulo_0227,train/circulo/circulo_0227.png,0,0,98560,-50577,-12125,-14210,-20478,206520,1
228,train,circulo_0228,train/circulo/circulo_0228.png,0,0,88080,-56980,-15002,-18418,-24505,206520,1
229,train,circulo_0229,train/circulo/circulo_0229.png,0,0,88334,-72356,4043,-17021,-45342,206520,1
230,train,circulo_0230,train/circulo/circulo_0230.png,0,0,82036,-31982,-14534,11165,-7749,206520,1
231,train,circulo_0231,train/circulo/circulo_0231.png,0,0,92767,-61690,-18020,-17342,-21770,206520,1
232,train,circulo_0232,train/circulo/circulo_0232.png,0,0,98007,-73590,-15634,-25185,-58596,206520,1
233,train,circulo_0233,train/circulo/circulo_0233.png,0,0,98724,-62370,-20212,-12430,-30389,206520,1
234,train,circulo_0234,train/circulo/circulo_0234.png,0,0,91854,-64895,-16100,-13802,-37363,206520,1
235,train,circulo_0235,train/circulo/circulo_0235.png,0,0,76388,-54510,-52,-14037,-28411,206520,1
236,train,circulo_0236,train/circulo/circulo_0236.png,0,0,80490,-49590,-17865,-6875,-16362,206520,1
237,train,circulo_0237,train/circulo/circulo_0237.png,0,0,128117,-53757,-5134,-7059,-33270,206520,1
238,train,circulo_0238,train/circulo/circulo_0238.png,0,0,83796,-46897,-9224,-17895,-27751,206520,1
239,train,circulo_0239,train/circulo/circulo_0239.png,0,0,99535,-65549,-8352,-16794,-34180,206520,1
240,train,circulo_0240,train/circulo/circulo_0240.png,0,0,52866,-57223,12225,-27662,-51173,206520,1
241,train,circulo_0241,train/circulo/circulo_0241.png,0,0,79010,-51032,-11179,-6761,-31158,206520,1
242,train,circulo_0242,train/circulo/circulo_0242.png,0,0,106786,-77261,-19966,-26426,-30137,206520,1
243,train,circulo_0243,train/circulo/circulo_0243.png,0,0,92535,-61228,-14581,-24229,-36902,206520,1
244,train,circulo_0244,train/circulo/circulo_0244.png,0,0,95892,-71304,-8525,-5238,-44788,206520,1
245,train,circulo_0245,train/circulo/circulo_0245.png,0,0,85327,-52013,-9736,-6350,-21761,206520,1
246,train,circulo_0246,train/circulo/circulo_0246.png,0,0,86905,-71599,-6316,-15077,-36748,206520,1
247,train,circulo_0247,train/circulo/circulo_0247.png,0,0,70668,-53873,-1313,-9337,-30890,206520,1
248,train,circulo_0248,train/circulo/circulo_0248.png,0,0,78684,-38063,-13042,-2077,-5721,206520,1
249,train,circulo_0249,train/circulo/circulo_0249.png,0,0,80499,-52941,-10348,-21876,-24748,206520,1
250,train,circulo_0250,train/circulo/circulo_0250.png,0,0,64819,-53784,1944,-12804,-34333,206520,1
251,train,circulo_0251,train/circulo/circulo_0251.png,0,0,107300,-74038,-15715,-21838,-49294,206520,1
252,train,circulo_0252,train/circulo/circulo_0252.png,0,0,101766,-40918,793,-9987,-25106,206520,1
253,train,circulo_0253,train/circulo/circulo_0253.png,0,0,87347,-54839,-10495,-22323,-30088,206520,1
254,train,circulo_0254,train/circulo/circulo_0254.png,0,0,65626,-51353,824,13146,-34387,206520,1
255,train,circulo_0255,train/circulo/circulo_0255.png,0,0,89357,-59718,-14143,-18657,-20634,206520,1
256,train,circulo_0256,train/circulo/circulo_0256.png,0,0,83916,-57457,-3654,23271,-41749,206520,1
257,train,circulo_0257,train/circulo/circulo_0257.png,0,0,103842,-67981,-10367,-27029,-36378,206520,1
258,train,circulo_0258,train/circulo/circulo_0258.png,0,0,88709,-61967,-5291,-19417,-32453,206520,1
259,train,circulo_0259,train/circulo/circulo_0259.png,0,0,111908,-72996,-11020,-29358,-42326,206520,1
260,train,circulo_0260,train/circulo/circulo_0260.png,0,0,87106,-60934,-7502,-16077,-24264,206520,1
261,train,circulo_0261,train/circulo/circulo_0261.png,0,0,103735,-63095,-12168,-27770,-39180,206520,1
262,train,circulo_0262,train/circulo/circulo_0262.png,0,0,98386,-70449,-11363,-34805,-39106,206520,1
263,train,circulo_0263,train/circulo/circulo_0263.png,0,0,87769,-53866,-10578,-13626,-26601,206520,1
264,train,circulo_0264,train/circulo/circulo_0264.png,0,0,97421,-70797,-13746,-30466,-44327,206520,1
265,train,circulo_0265,train/circulo/circulo_0265.png,0,0,51395,-53820,7326,-22366,-41761,206520,1
266,train,circulo_0266,train/circulo/circulo_0266.png,0,0,71330,-49182,1455,32416,-33219,206520,1
267,train,circulo_0267,train/circulo/circulo_0267.png,0,0,90562,-61387,-11963,-21632,-26929,206520,1
268,train,circulo_0268,train/circulo/circulo_0268.png,0,0,93331,-65365,-14295,-23223,-22978,206520,1
269,train,circulo_0269,train/circulo/circulo_0269.png,0,0,107215,-68699,-10882,-27413,-38275,206520,1
270,train,circulo_0270,train/circulo/circulo_0270.png,0,0,92623,-61939,-11562,-23693,-27204,206520,1
271,train,circulo_0271,train/circulo/circulo_0271.png,0,0,104027,-66291,-16294,-20004,-29884,206520,1
272,train,circulo_0272,train/circulo/circulo_0272.png,0,0,100794,-63259,-11716,-19011,-44014,206520,1
273,train,circulo_0273,train/circulo/circulo_0273.png,0,0,87129,-46095,-12201,-18307,-27224,206520,1
274,train,circulo_0274,train/circulo/circulo_0274.png,0,0,80776,-39982,-14888,9979,-9018,206520,1
275,train,circulo_0275,train/circulo/circulo_0275.png,0,0,99107,-61307,-8139,-24246,-36831,206520,1
276,train,circulo_0276,train/circulo/circulo_0276.png,0,0,95090,-63599,-11342,-22408,-38778,206520,1
277,train,circulo_0277,train/circulo/circulo_0277.png,0,0,101149,-57399,-11721,-22989,-38634,206520,1
278,train,circulo_0278,train/circulo/circulo_0278.png,0,0,92115,-57885,-11019,-20879,-29151,206520,1
279,train,circulo_0279,train/circulo/circulo_0279.png,0,0,79558,-63054,-384,-12123,-38922,206520,1
280,train,quadrado_0000,train/quadrado/quadrado_0000.png,1,0,101272,-57729,-18632,-16107,-29714,206520,1
281,train,quadrado_0001,train/quadrado/quadrado_0001.png,1,0,73148,-63269,-566,-2854,-42827,206520,1
282,train,quadrado_0002,train/quadrado/quadrado_0002.png,1,0,81385,-43315,1900,-7721,-25724,206520,1
283,train,quadrado_0003,train/quadrado/quadrado_0003.png,1,0,101529,-57671,-20052,-12552,-19757,206520,1
284,train,quadrado_0004,train/quadrado/quadrado_0004.png,1,0,62569,-48187,-3199,10149,-37888,206520,1
285,train,quadrado_0005,train/quadrado/quadrado_0005.png,1,0,111690,-68950,-11110,-27573,-42952,206520,1
286,train,quadrado_0006,train/quadrado/quadrado_0006.png,1,0,74140,-64823,-19918,-1622,-35407,206520,1
287,train,quadrado_0007,train/quadrado/quadrado_0007.png,1,0,74471,-35676,713,6445,-31766,206520,1
288,train,quadrado_0008,train/quadrado/quadrado_0008.png,1,0,69739,-58355,10670,-16880,-47267,206520,1
289,train,quadrado_0009,train/quadrado/quadrado_0009.png,1,0,98269,-52359,624,-21338,-43195,206520,1
290,train,quadrado_0010,train/quadrado/quadrado_0010.png,1,0,106308,-57501,-4920,-31295,-28533,206520,1
291,train,quadrado_0011,train/quadrado/quadrado_0011.png,1,0,112324,-56770,-5255,-21227,-28513,206520,1
292,train,quadrado_0012,train/quadrado/quadrado_0012.png,1,0,97293,-57450,-9117,-25802,-31631,206520,1
293,train,quadrado_0013,train/quadrado/quadrado_0013.png,1,0,68127,-44201,1153,-5040,-40917,206520,1
294,train,quadrado_0014,train/quadrado/quadrado_0014.png,1,0,100245,-59279,162,-28269,-41234,206520,1
295,train,quadrado_0015,train/quadrado/quadrado_0015.png,1,0,65952,-53555,-3840,5574,-39535,206520,1
296,train,quadrado_0016,train/quadrado/quadrado_0016.png,1,0,81857,-66689,-7783,-10813,-58627,206520,1
297,train,quadrado_0017,train/quadrado/quadrado_0017.png,1,0,84998,-53858,-11467,-2177,-40207,206520,1
298,train,quadrado_0018,train/quadrado/quadrado_0018.png,1,0,77869,-37085,45,9829,-29314,206520,1
299,train,quadrado_0019,train/quadrado/quadrado_0019.png,1,0,73565,-51488,-8244,-5930,-34502,206520,1
300,train,quadrado_0020,train/quadrado/quadrado_0020.png,1,0,79733,-30997,-6729,18102,-4181,206520,1
301,train,quadrado_0021,train/quadrado/quadrado_0021.png,1,0,109731,-57643,-9908,-15838,-39283,206520,1
302,train,quadrado_0022,train/quadrado/quadrado_0022.png,1,0,86400,-37142,-13565,-3837,-14599,206520,1
303,train,quadrado_0023,train/quadrado/quadrado_0023.png,1,0,84129,-39160,-12585,6948,-22054,206520,1
304,train,quadrado_0024,train/quadrado/quadrado_0024.png,1,0,86134,-48187,-10750,4846,-32028,206520,1
305,train,quadrado_0025,train/quadrado/quadrado_0025.png,1,0,75962,-38934,-10654,-6470,-21593,206520,1
306,train,quadrado_0026,train/quadrado/quadrado_0026.png,1,0,100904,-44751,-3036,15210,-37420,206520,1
307,train,quadrado_0027,train/quadrado/quadrado_0027.png,1,0,126360,-74524,-12863,-31419,-51258,206520,1
308,train,quadrado_0028,train/quadrado/quadrado_0028.png,1,0,92313,-23058,2302,11212,-35772,206520,1
309,train,quadrado_0029,train/quadrado/quadrado_0029.png,1,0,73667,-54215,-16653,1750,-35063,206520,1
310,train,quadrado_0030,train/quadrado/quadrado_0030.png,1,0,71372,-40049,10675,-9861,-39813,206520,1
311,train,quadrado_0031,train/quadrado/quadrado_0031.png,1,0,109432,-63294,-25231,-16967,-46610,206520,1
312,train,quadrado_0032,train/quadrado/quadrado_0032.png,1,0,75958,-54979,-2606,-3857,-42438,206520,1
313,train,quadrado_0033,train/quadrado/quadrado_0033.png,1,0,87984,-65390,2588,-13956,-52473,206520,1
314,train,quadrado_0034,train/quadrado/quadrado_0034.png,1,0,72263,-51254,6288,26830,-37611,206520,1
315,train,quadrado_0035,train/quadrado/quadrado_0035.png,1,0,92544,-51200,-14876,-3754,-26843,206520,1
316,train,quadrado_0036,train/quadrado/quadrado_0036.png,1,0,86256,-60605,3989,-23889,-33492,206520,1
317,train,quadrado_0037,train/quadrado/quadrado_0037.png,1,0,95672,-67204,-4805,-19480,-49454,206520,1
318,train,quadrado_0038,train/quadrado/quadrado_0038.png,1,0,88767,-50965,-10739,-1955,-51948,206520,1
319,train,quadrado_0039,train/quadrado/quadrado_0039.png,1,0,56991,-52277,10046,-14549,-48142,206520,1
320,train,quadrado_0040,train/quadrado/quadrado_0040.png,1,0,89529,-57122,-13259,-12219,-48981,206520,1
321,train,quadrado_0041,train/quadrado/quadrado_0041.png,1,0,81160,-66098,1840,1673,-52618,206520,1
322,train,quadrado_0042,train/quadrado/quadrado_0042.png,1,0,97742,-50301,-8193,899,-27189,206520,1
323,train,quadrado_0043,train/quadrado/quadrado_0043.png,1,0,115146,-50981,-6991,199,-27721,206520,1
324,train,quadrado_0044,train/quadrado/quadrado_0044.png,1,0,92389,-50598,4612,-21957,-30031,206520,1
325,train,quadrado_0045,train/quadrado/quadrado_0045.png,1,0,80120,-36949,-2074,-5955,-44555,206520,1
326,train,quadrado_0046,train/quadrado/quadrado_0046.png,1,0,82396,-47623,-6320,-7901,-25898,206520,1
327,train,quadrado_0047,train/quadrado/quadrado_0047.png,1,0,96726,-67456,5924,-16514,-58447,206520,1
328,train,quadrado_0048,train/quadrado/quadrado_0048.png,1,0,111456,-67740,-12038,-19055,-52250,206520,1
329,train,quadrado_0049,train/quadrado/quadrado_0049.png,1,0,93955,-53431,-6828,-2674,-37955,206520,1
330,train,quadrado_0050,train/quadrado/quadrado_0050.png,1,0,90160,-35334,4187,-6538,-25273,206520,1
331,train,quadrado_0051,train/quadrado/quadrado_0051.png,1,0,117241,-68893,-5798,-30274,-37497,206520,1
332,train,quadrado_0052,train/quadrado/quadrado_0052.png,1,0,72359,-57085,-2937,5145,-43003,206520,1
333,train,quadrado_0053,train/quadrado/quadrado_0053.png,1,0,56095,-37940,1989,33147,-27844,206520,1
334,train,quadrado_0054,train/quadrado/quadrado_0054.png,1,0,89761,-33068,-18346,-851,1682,206520,1
335,train,quadrado_0055,train/quadrado/quadrado_0055.png,1,0,101598,-52114,-8307,-16323,-44625,206520,1
336,train,quadrado_0056,train/quadrado/quadrado_0056.png,1,0,106908,-56365,-10330,4557,-30253,206520,1
337,train,quadrado_0057,train/quadrado/quadrado_0057.png,1,0,114939,-58249,-816,-3828,-46531,206520,1
338,train,quadrado_0058,train/quadrado/quadrado_0058.png,1,0,93028,-65299,3407,-19683,-39280,206520,1
339,train,quadrado_0059,train/quadrado/quadrado_0059.png,1,0,85651,-65905,-26858,-7551,-46008,206520,1
340,train,quadrado_0060,train/quadrado/quadrado_0060.png,1,0,104024,-50957,-8898,10464,-36198,206520,1
341,train,quadrado_0061,train/quadrado/quadrado_0061.png,1,0,71791,-67303,17,4736,-56551,206520,1
342,train,quadrado_0062,train/quadrado/quadrado_0062.png,1,0,89390,-54959,-2690,1497,-39973,206520,1
343,train,quadrado_0063,train/quadrado/quadrado_0063.png,1,0,55161,-37150,-2028,27157,-28150,206520,1
344,train,quadrado_0064,train/quadrado/quadrado_0064.png,1,0,85498,-55988,-11891,-18335,-39763,206520,1
345,train,quadrado_0065,train/quadrado/quadrado_0065.png,1,0,76418,-60097,7739,-25143,-48963,206520,1
346,train,quadrado_0066,train/quadrado/quadrado_0066.png,1,0,77875,-59470,-5386,1835,-39102,206520,1
347,train,quadrado_0067,train/quadrado/quadrado_0067.png,1,0,77494,-40541,5868,4512,-52252,206520,1
348,train,quadrado_0068,train/quadrado/quadrado_0068.png,1,0,97577,-61377,-15792,-11018,-36916,206520,1
349,train,quadrado_0069,train/quadrado/quadrado_0069.png,1,0,59772,-56587,-3722,-5524,-46819,206520,1
350,train,quadrado_0070,train/quadrado/quadrado_0070.png,1,0,87351,-38514,-12023,-5402,-10981,206520,1
351,train,quadrado_0071,train/quadrado/quadrado_0071.png,1,0,89617,-40120,-7562,18986,-10078,206520,1
352,train,quadrado_0072,train/quadrado/quadrado_0072.png,1,0,58356,-33118,-4009,27471,-29870,206520,1
353,train,quadrado_0073,train/quadrado/quadrado_0073.png,1,0,86225,-47790,9451,2413,-51687,206520,1
354,train,quadrado_0074,train/quadrado/quadrado_0074.png,1,0,93046,-51216,7919,-21695,-28572,206520,1
355,train,quadrado_0075,train/quadrado/quadrado_0075.png,1,0,108647,-63383,-7755,-26655,-38769,206520,1
356,train,quadrado_0076,train/quadrado/quadrado_0076.png,1,0,94561,-49837,-10266,-11314,-28977,206520,1
357,train,quadrado_0077,train/quadrado/quadrado_0077.png,1,0,85133,-47298,-6390,-11127,-25111,206520,1
358,train,quadrado_0078,train/quadrado/quadrado_0078.png,1,0,87386,-48485,-9866,17394,-22143,206520,1
359,train,quadrado_0079,train/quadrado/quadrado_0079.png,1,0,77937,-42830,-5470,14647,-18093,206520,1
360,train,quadrado_0080,train/quadrado/quadrado_0080.png,1,0,95878,-53822,4323,-11854,-32829,206520,1
361,train,quadrado_0081,train/quadrado/quadrado_0081.png,1,0,108530,-73535,-13215,-31748,-49072,206520,1
362,train,quadrado_0082,train/quadrado/quadrado_0082.png,1,0,60507,-36818,-8312,24034,-23807,206520,1
363,train,quadrado_0083,train/quadrado/quadrado_0083.png,1,0,60078,-64395,9125,-10326,-69433,206520,1
364,train,quadrado_0084,train/quadrado/quadrado_0084.png,1,0,114727,-68133,-8555,-23405,-52190,206520,1
365,train,quadrado_0085,train/quadrado/quadrado_0085.png,1,0,60464,-46548,7828,-9488,-35743,206520,1
366,train,quadrado_0086,train/quadrado/quadrado_0086.png,1,0,72836,-34926,4650,1429,-48133,206520,1
367,train,quadrado_0087,train/quadrado/quadrado_0087.png,1,0,93092,-51916,-5896,-20403,-29695,206520,1
368,train,quadrado_0088,train/quadrado/quadrado_0088.png,1,0,80166,-67691,-10002,795,-43340,206520,1
369,train,quadrado_0089,train/quadrado/quadrado_0089.png,1,0,65187,-60676,-2889,-10492,-48962,206520,1
370,train,quadrado_0090,train/quadrado/quadrado_0090.png,1,0,92728,-58969,-7529,27393,-34098,206520,1
371,train,quadrado_0091,train/quadrado/quadrado_0091.png,1,0,74406,-61306,16064,-17343,-49587,206520,1
372,train,quadrado_0092,train/quadrado/quadrado_0092.png,1,0,93669,-48215,4027,-751,-38741,206520,1
373,train,quadrado_0093,train/quadrado/quadrado_0093.png,1,0,77296,-22151,-4121,-3762,-28588,206520,1
374,train,quadrado_0094,train/quadrado/quadrado_0094.png,1,0,84345,-56540,4195,-12082,-50760,206520,1
375,train,quadrado_0095,train/quadrado/quadrado_0095.png,1,0,102755,-57131,422,-19418,-32741,206520,1
376,train,quadrado_0096,train/quadrado/quadrado_0096.png,1,0,95069,-58399,-8925,-12250,-48303,206520,1
377,train,quadrado_0097,train/quadrado/quadrado_0097.png,1,0,87878,-45418,599,-15143,-34579,206520,1
378,train,quadrado_0098,train/quadrado/quadrado_0098.png,1,0,52976,-59186,4342,-28922,-52154,206520,1
379,train,quadrado_0099,train/quadrado/quadrado_0099.png,1,0,84910,-56146,-5354,-3732,-47696,206520,1
380,train,quadrado_0100,train/quadrado/quadrado_0100.png,1,0,96489,-53665,-646,-17707,-38714,206520,1
381,train,quadrado_0101,train/quadrado/quadrado_0101.png,1,0,91563,-51098,-9168,-22015,-29435,206520,1
382,train,quadrado_0102,train/quadrado/quadrado_0102.png,1,0,93604,-58554,10265,-11477,-58448,206520,1
383,train,quadrado_0103,train/quadrado/quadrado_0103.png,1,0,83233,-53337,-9470,-766,-33228,206520,1
384,train,quadrado_0104,train/quadrado/quadrado_0104.png,1,0,87303,-43036,-4146,1301,-22302,206520,1
385,train,quadrado_0105,train/quadrado/quadrado_0105.png,1,0,89841,-43981,2613,-14765,-34972,206520,1
386,train,quadrado_0106,train/quadrado/quadrado_0106.png,1,0,69295,-48844,3695,-12706,-37642,206520,1
387,train,quadrado_0107,train/quadrado/quadrado_0107.png,1,0,90196,-41483,-12386,-3328,-29848,206520,1
388,train,quadrado_0108,train/quadrado/quadrado_0108.png,1,0,82843,-49313,-671,13839,-37722,206520,1
389,train,quadrado_0109,train/quadrado/quadrado_0109.png,1,0,118090,-62183,-8644,-28367,-36748,206520,1
390,train,quadrado_0110,train/quadrado/quadrado_0110.png,1,0,68812,-30274,-1226,-66,-54892,206520,1
391,train,quadrado_0111,train/quadrado/quadrado_0111.png,1,0,113037,-51042,2058,2580,-52063,206520,1
392,train,quadrado_0112,train/quadrado/quadrado_0112.png,1,0,72634,-40642,917,-9795,-59558,206520,1
393,train,quadrado_0113,train/quadrado/quadrado_0113.png,1,0,78222,-50960,-171,-7695,-40480,206520,1
394,train,quadrado_0114,train/quadrado/quadrado_0114.png,1,0,94898,-59757,-13020,-19581,-33579,206520,1
395,train,quadrado_0115,train/quadrado/quadrado_0115.png,1,0,110981,-56755,-10569,-26946,-32448,206520,1
396,train,quadrado_0116,train/quadrado/quadrado_0116.png,1,0,86739,-74641,-11003,1718,-47142,206520,1
397,train,quadrado_0117,train/quadrado/quadrado_0117.png,1,0,95823,-52281,-11841,5467,-10783,206520,1
398,train,quadrado_0118,train/quadrado/quadrado_0118.png,1,0,87611,-62212,-4251,-11773,-55558,206520,1
399,train,quadrado_0119,train/quadrado/quadrado_0119.png,1,0,90327,-50850,-16579,-12461,-24819,206520,1
400,train,quadrado_0120,train/quadrado/quadrado_0120.png,1,0,86262,-50628,-13253,-17263,-41885,206520,1
401,train,quadrado_0121,train/quadrado/quadrado_0121.png,1,0,86724,-48245,-9051,-4450,-43324,206520,1
402,train,quadrado_0122,train/quadrado/quadrado_0122.png,1,0,86556,-53791,11088,-6183,-58827,206520,1
403,train,quadrado_0123,train/quadrado/quadrado_0123.png,1,0,85509,-45643,-7648,11692,-23911,206520,1
404,train,quadrado_0124,train/quadrado/quadrado_0124.png,1,0,116002,-67847,-379,-28088,-43173,206520,1
405,train,quadrado_0125,train/quadrado/quadrado_0125.png,1,0,122512,-67720,-2335,-40543,-37632,206520,1
406,train,quadrado_0126,train/quadrado/quadrado_0126.png,1,0,70366,-54558,-4185,27897,-44634,206520,1
407,train,quadrado_0127,train/quadrado/quadrado_0127.png,1,0,86195,-54804,2540,-26351,-30658,206520,1
408,train,quadrado_0128,train/quadrado/quadrado_0128.png,1,0,97973,-40637,-6891,-11696,-40466,206520,1
409,train,quadrado_0129,train/quadrado/quadrado_0129.png,1,0,86910,-61336,11376,-13645,-51641,206520,1
410,train,quadrado_0130,train/quadrado/quadrado_0130.png,1,0,98241,-64389,-16289,-6346,-54486,206520,1
411,train,quadrado_0131,train/quadrado/quadrado_0131.png,1,0,66801,-32245,2135,-12256,-37663,206520,1
412,train,quadrado_0132,train/quadrado/quadrado_0132.png,1,0,81604,-55188,-5266,25448,-38695,206520,1
413,train,quadrado_0133,train/quadrado/quadrado_0133.png,1,0,87590,-54308,-10842,-17057,-28619,206520,1
414,train,quadrado_0134,train/quadrado/quadrado_0134.png,1,0,79125,-50625,2547,-13239,-32964,206520,1
415,train,quadrado_0135,train/quadrado/quadrado_0135.png,1,0,72951,-47585,585,-12937,-28860,206520,1
416,train,quadrado_0136,train/quadrado/quadrado_0136.png,1,0,77185,-55070,5738,-7667,-45187,206520,1
417,train,quadrado_0137,train/quadrado/quadrado_0137.png,1,0,107541,-67824,-13083,-31184,-38619,206520,1
418,train,quadrado_0138,train/quadrado/quadrado_0138.png,1,0,103185,-51704,-9485,-22757,-30723,206520,1
419,train,quadrado_0139,train/quadrado/quadrado_0139.png,1,0,74923,-48226,1412,-1283,-34603,206520,1
420,train,quadrado_0140,train/quadrado/quadrado_0140.png,1,0,86431,-72072,-26757,-12094,-40953,206520,1
421,train,quadrado_0141,train/quadrado/quadrado_0141.png,1,0,109130,-67443,-7548,-24489,-45939,206520,1
422,train,quadrado_0142,train/quadrado/quadrado_0142.png,1,0,72671,-51951,-3789,18551,-50384,206520,1
423,train,quadrado_0143,train/quadrado/quadrado_0143.png,1,0,90062,-65792,-6447,-15531,-45796,206520,1
424,train,quadrado_0144,train/quadrado/quadrado_0144.png,1,0,77079,-62836,2871,-13039,-63092,206520,1
425,train,quadrado_0145,train/quadrado/quadrado_0145.png,1,0,74817,-62759,-7233,21707,-55664,206520,1
426,train,quadrado_0146,train/quadrado/quadrado_0146.png,1,0,87742,-55167,-5812,-22962,-28400,206520,1
427,train,quadrado_0147,train/quadrado/quadrado_0147.png,1,0,96432,-55796,-16878,-11700,-21511,206520,1
428,train,quadrado_0148,train/quadrado/quadrado_0148.png,1,0,100136,-41649,-14235,-3089,-12721,206520,1
429,train,quadrado_0149,train/quadrado/quadrado_0149.png,1,0,75780,-46174,4809,29294,-34028,206520,1
430,train,quadrado_0150,train/quadrado/quadrado_0150.png,1,0,113723,-60991,-3193,-12470,-50027,206520,1
431,train,quadrado_0151,train/quadrado/quadrado_0151.png,1,0,58862,-45790,551,23644,-35110,206520,1
432,train,quadrado_0152,train/quadrado/quadrado_0152.png,1,0,87891,-54479,-15819,-3193,-58041,206520,1
433,train,quadrado_0153,train/quadrado/quadrado_0153.png,1,0,93484,-52449,-15243,-15362,-23777,206520,1
434,train,quadrado_0154,train/quadrado/quadrado_0154.png,1,0,62992,-44740,-6051,28861,-31302,206520,1
435,train,quadrado_0155,train/quadrado/quadrado_0155.png,1,0,78020,-47183,-5318,410,-35764,206520,1
436,train,quadrado_0156,train/quadrado/quadrado_0156.png,1,0,89888,-60884,-6020,8674,-49029,206520,1
437,train,quadrado_0157,train/quadrado/quadrado_0157.png,1,0,108757,-34686,-3280,-12355,-28117,206520,1
438,train,quadrado_0158,train/quadrado/quadrado_0158.png,1,0,59493,-43472,-6803,21916,-34083,206520,1
439,train,quadrado_0159,train/quadrado/quadrado_0159.png,1,0,103804,-51354,-17535,-8424,-25780,206520,1
440,train,quadrado_0160,train/quadrado/quadrado_0160.png,1,0,79401,-57564,-5495,-10265,-46883,206520,1
441,train,quadrado_0161,train/quadrado/quadrado_0161.png,1,0,99225,-65999,-17724,-9449,-38895,206520,1
442,train,quadrado_0162,train/quadrado/quadrado_0162.png,1,0,96035,-57832,-13202,-5577,-47233,206520,1
443,train,quadrado_0163,train/quadrado/quadrado_0163.png,1,0,112523,-71397,-7056,-29052,-42929,206520,1
444,train,quadrado_0164,train/quadrado/quadrado_0164.png,1,0,105475,-43704,-9594,3682,-5798,206520,1
445,train,quadrado_0165,train/quadrado/quadrado_0165.png,1,0,95479,-56213,-5882,-17317,-40520,206520,1
446,train,quadrado_0166,train/quadrado/quadrado_0166.png,1,0,93822,-49063,-13479,-15727,-26290,206520,1
447,train,quadrado_0167,train/quadrado/quadrado_0167.png,1,0,95496,-45630,1815,-3733,-30403,206520,1
448,train,quadrado_0168,train/quadrado/quadrado_0168.png,1,0,86021,-46483,-6332,-3596,-35065,206520,1
449,train,quadrado_0169,train/quadrado/quadrado_0169.png,1,0,80358,-54925,-19169,-15606,-34548,206520,1
450,train,quadrado_0170,train/quadrado/quadrado_0170.png,1,0,79512,-49899,-9940,-58,-40910,206520,1
451,train,quadrado_0171,train/quadrado/quadrado_0171.png,1,0,90833,-67347,-3075,-16589,-48042,206520,1
452,train,quadrado_0172,train/quadrado/quadrado_0172.png,1,0,85570,-32589,-1419,13510,-34367,206520,1
453,train,quadrado_0173,train/quadrado/quadrado_0173.png,1,0,100465,-64856,-10367,-19956,-39479,206520,1
454,train,quadrado_0174,train/quadrado/quadrado_0174.png,1,0,67791,-40568,-3175,35178,-32438,206520,1
455,train,quadrado_0175,train/quadrado/quadrado_0175.png,1,0,93698,-47839,-7311,-2934,-41185,206520,1
456,train,quadrado_0176,train/quadrado/quadrado_0176.png,1,0,116967,-46840,7912,-649,-46737,206520,1
457,train,quadrado_0177,train/quadrado/quadrado_0177.png,1,0,60203,-41065,5508,-15902,-42101,206520,1
458,train,quadrado_0178,train/quadrado/quadrado_0178.png,1,0,106931,-61747,-4878,-18912,-30569,206520,1
459,train,quadrado_0179,train/quadrado/quadrado_0179.png,1,0,61252,-56477,15509,-24187,-59760,206520,1
460,train,quadrado_0180,train/quadrado/quadrado_0180.png,1,0,83589,-56137,-1773,18802,-40006,206520,1
461,train,quadrado_0181,train/quadrado/quadrado_0181.png,1,0,82360,-49241,-6101,16185,-37561,206520,1
462,train,quadrado_0182,train/quadrado/quadrado_0182.png,1,0,105848,-61975,-8727,-11838,-43140,206520,1
463,train,quadrado_0183,train/quadrado/quadrado_0183.png,1,0,75778,-44254,4394,-4474,-40958,206520,1
464,train,quadrado_0184,train/quadrado/quadrado_0184.png,1,0,63026,-55535,-4150,15185,-48279,206520,1
465,train,quadrado_0185,train/quadrado/quadrado_0185.png,1,0,66406,-49316,-688,-7800,-38113,206520,1
466,train,quadrado_0186,train/quadrado/quadrado_0186.png,1,0,88547,-49363,-6633,-12807,-42811,206520,1
467,train,quadrado_0187,train/quadrado/quadrado_0187.png,1,0,91281,-61213,-20063,-14054,-38410,206520,1
468,train,quadrado_0188,train/quadrado/quadrado_0188.png,1,0,89029,-32494,-10871,2386,22047,206520,1
469,train,quadrado_0189,train/quadrado/quadrado_0189.png,1,0,99843,-57734,3697,-14525,-44308,206520,1
470,train,quadrado_0190,train/quadrado/quadrado_0190.png,1,0,73609,-51431,6036,-15229,-43813,206520,1
471,train,quadrado_0191,train/quadrado/quadrado_0191.png,1,0,83270,-42645,2945,17565,-42417,206520,1
472,train,quadrado_0192,train/quadrado/quadrado_0192.png,1,0,91025,-58978,-2800,-13917,-48783,206520,1
473,train,quadrado_0193,train/quadrado/quadrado_0193.png,1,0,90154,-61645,-13184,-3406,-36534,206520,1
474,train,quadrado_0194,train/quadrado/quadrado_0194.png,1,0,82266,-53878,-17955,-5489,-23220,206520,1
475,train,quadrado_0195,train/quadrado/quadrado_0195.png,1,0,46001,-46497,8757,-17515,-49235,206520,1
476,train,quadrado_0196,train/quadrado/quadrado_0196.png,1,0,71347,-42275,-6691,24763,-19141,206520,1
477,train,quadrado_0197,train/quadrado/quadrado_0197.png,1,0,64273,-45680,6489,-9662,-51822,206520,1
478,train,quadrado_0198,train/quadrado/quadrado_0198.png,1,0,100425,-56615,-10280,-14663,-45897,206520,1
479,train,quadrado_0199,train/quadrado/quadrado_0199.png,1,0,112177,-43578,570,-2694,-49135,206520,1
480,train,quadrado_0200,train/quadrado/quadrado_0200.png,1,0,122461,-68013,-9216,-24496,-47053,206520,1
481,train,quadrado_0201,train/quadrado/quadrado_0201.png,1,0,106108,-65392,-15841,-21016,-42843,206520,1
482,train,quadrado_0202,train/quadrado/quadrado_0202.png,1,0,80708,-56851,-6602,-10386,-41634,206520,1
483,train,quadrado_0203,train/quadrado/quadrado_0203.png,1,0,91946,-62258,6289,-16870,-50099,206520,1
484,train,quadrado_0204,train/quadrado/quadrado_0204.png,1,0,74305,-47901,1808,-9584,-30410,206520,1
485,train,quadrado_0205,train/quadrado/quadrado_0205.png,1,0,81800,-46149,-656,-553,-28118,206520,1
486,train,quadrado_0206,train/quadrado/quadrado_0206.png,1,0,83105,-54448,-15413,-12826,-43253,206520,1
487,train,quadrado_0207,train/quadrado/quadrado_0207.png,1,0,80040,-55319,-14261,-3582,-39583,206520,1
488,train,quadrado_0208,train/quadrado/quadrado_0208.png,1,0,81928,-66890,-3817,1603,-56041,206520,1
489,train,quadrado_0209,train/quadrado/quadrado_0209.png,1,0,89922,-67798,-6318,4685,-54462,206520,1
490,train,quadrado_0210,train/quadrado/quadrado_0210.png,1,0,97558,-63166,-1979,-19299,-48712,206520,1
491,train,quadrado_0211,train/quadrado/quadrado_0211.png,1,0,86991,-56918,-12449,8533,-38551,206520,1
492,train,quadrado_0212,train/quadrado/quadrado_0212.png,1,0,76644,-52998,3129,22371,-40261,206520,1
493,train,quadrado_0213,train/quadrado/quadrado_0213.png,1,0,94153,-56997,-12363,-7935,-49452,206520,1
494,train,quadrado_0214,train/quadrado/quadrado_0214.png,1,0,124684,-67109,-2819,-36102,-42945,206520,1
495,train,quadrado_0215,train/quadrado/quadrado_0215.png,1,0,71206,-60822,-884,-2058,-48600,206520,1
496,train,quadrado_0216,train/quadrado/quadrado_0216.png,1,0,79386,-29737,-13261,8663,3083,206520,1
497,train,quadrado_0217,train/quadrado/quadrado_0217.png,1,0,89155,-49151,468,-8496,-34680,206520,1
498,train,quadrado_0218,train/quadrado/quadrado_0218.png,1,0,40337,-49950,10730,-20117,-48848,206520,1
499,train,quadrado_0219,train/quadrado/quadrado_0219.png,1,0,78931,-49675,-10208,2884,-43024,206520,1
500,train,quadrado_0220,train/quadrado/quadrado_0220.png,1,0,72234,-62527,-6008,5341,-53562,206520,1
501,train,quadrado_0221,train/quadrado/quadrado_0221.png,1,0,76413,-46836,-6827,-9240,-33674,206520,1
502,train,quadrado_0222,train/quadrado/quadrado_0222.png,1,0,76682,-42090,5175,-14652,-40352,206520,1
503,train,quadrado_0223,train/quadrado/quadrado_0223.png,1,0,118510,-65875,-14849,-20371,-39532,206520,1
504,train,quadrado_0224,train/quadrado/quadrado_0224.png,1,0,62626,-51366,-2159,-4061,-53646,206520,1
505,train,quadrado_0225,train/quadrado/quadrado_0225.png,1,0,71002,-55108,13,20943,-34083,206520,1
506,train,quadrado_0226,train/quadrado/quadrado_0226.png,1,0,75210,-48689,-2647,-11375,-38688,206520,1
507,train,quadrado_0227,train/quadrado/quadrado_0227.png,1,0,86670,-66904,8042,-14913,-53490,206520,1
508,train,quadrado_0228,train/quadrado/quadrado_0228.png,1,0,68538,-58800,-4562,-2669,-47762,206520,1
509,train,quadrado_0229,train/quadrado/quadrado_0229.png,1,0,117764,-46383,-8054,-1897,-19496,206520,1
510,train,quadrado_0230,train/quadrado/quadrado_0230.png,1,0,105471,-50820,3944,-164,-50176,206520,1
511,train,quadrado_0231,train/quadrado/quadrado_0231.png,1,0,105707,-62272,346,-7038,-34464,206520,1
512,train,quadrado_0232,train/quadrado/quadrado_0232.png,1,0,65167,-61056,752,-694,-61817,206520,1
513,train,quadrado_0233,train/quadrado/quadrado_0233.png,1,0,86404,-58638,-4084,-7813,-42295,206520,1
514,train,quadrado_0234,train/quadrado/quadrado_0234.png,1,0,108382,-67906,-5194,-23385,-44484,206520,1
515,train,quadrado_0235,train/quadrado/quadrado_0235.png,1,0,97490,-73014,-11960,2448,-55423,206520,1
516,train,quadrado_0236,train/quadrado/quadrado_0236.png,1,0,101727,-34948,1026,-17048,-31685,206520,1
517,train,quadrado_0237,train/quadrado/quadrado_0237.png,1,0,94943,-65270,-16946,5677,-37632,206520,1
518,train,quadrado_0238,train/quadrado/quadrado_0238.png,1,0,76635,-44337,7852,-12299,-37162,206520,1
519,train,quadrado_0239,train/quadrado/quadrado_0239.png,1,0,82976,-12748,364,10749,-33268,206520,1
520,train,quadrado_0240,train/quadrado/quadrado_0240.png,1,0,102339,-65004,-18125,-5982,-30930,206520,1
521,train,quadrado_0241,train/quadrado/quadrado_0241.png,1,0,79520,-50526,3010,-9583,-36202,206520,1
522,train,quadrado_0242,train/quadrado/quadrado_0242.png,1,0,91645,-45579,-12761,-6780,-22134,206520,1
523,train,quadrado_0243,train/quadrado/quadrado_0243.png,1,0,56356,-45252,6753,-13233,-44409,206520,1
524,train,quadrado_0244,train/quadrado/quadrado_0244.png,1,0,84935,-52908,-8852,6205,-28872,206520,1
525,train,quadrado_0245,train/quadrado/quadrado_0245.png,1,0,84032,-53596,-13524,-7146,-45976,206520,1
526,train,quadrado_0246,train/quadrado/quadrado_0246.png,1,0,100501,-57913,-14286,-18807,-30155,206520,1
527,train,quadrado_0247,train/quadrado/quadrado_0247.png,1,0,104725,-67211,-19969,-21262,-34202,206520,1
528,train,quadrado_0248,train/quadrado/quadrado_0248.png,1,0,102186,-74058,-14947,-20439,-39167,206520,1
529,train,quadrado_0249,train/quadrado/quadrado_0249.png,1,0,87037,-74200,-8456,-723,-42742,206520,1
530,train,quadrado_0250,train/quadrado/quadrado_0250.png,1,0,72822,-42266,817,11940,-31705,206520,1
531,train,quadrado_0251,train/quadrado/quadrado_0251.png,1,0,114595,-57694,-3388,1165,-34779,206520,1
532,train,quadrado_0252,train/quadrado/quadrado_0252.png,1,0,81117,-57571,-14148,2027,-44098,206520,1
533,train,quadrado_0253,train/quadrado/quadrado_0253.png,1,0,104324,-60898,-4250,-10894,-56184,206520,1
534,train,quadrado_0254,train/quadrado/quadrado_0254.png,1,0,102092,-45629,2232,-22341,-28375,206520,1
535,train,quadrado_0255,train/quadrado/quadrado_0255.png,1,0,66414,-56697,5525,-2280,-54405,206520,1
536,train,quadrado_0256,train/quadrado/quadrado_0256.png,1,0,93776,-35376,1476,-15525,-27323,206520,1
537,train,quadrado_0257,train/quadrado/quadrado_0257.png,1,0,88732,-53333,-16889,-10248,-30522,206520,1
538,train,quadrado_0258,train/quadrado/quadrado_0258.png,1,0,85724,-37979,2973,-1797,-43094,206520,1
539,train,quadrado_0259,train/quadrado/quadrado_0259.png,1,0,106369,-58889,-3820,-19517,-40149,206520,1
540,train,quadrado_0260,train/quadrado/quadrado_0260.png,1,0,77664,-54821,-2492,-6081,-38579,206520,1
541,train,quadrado_0261,train/quadrado/quadrado_0261.png,1,0,104592,-38060,-383,-5305,-36986,206520,1
542,train,quadrado_0262,train/quadrado/quadrado_0262.png,1,0,53691,-45912,19062,-23159,-49569,206520,1
543,train,quadrado_0263,train/quadrado/quadrado_0263.png,1,0,84094,-42766,-292,-8616,-28616,206520,1
544,train,quadrado_0264,train/quadrado/quadrado_0264.png,1,0,84364,-55000,-16351,-19292,-38059,206520,1
545,train,quadrado_0265,train/quadrado/quadrado_0265.png,1,0,91548,-34774,-443,-2144,-34438,206520,1
546,train,quadrado_0266,train/quadrado/quadrado_0266.png,1,0,87182,-30282,6754,-5768,-38529,206520,1
547,train,quadrado_0267,train/quadrado/quadrado_0267.png,1,0,51049,-54445,6697,-21743,-61243,206520,1
548,train,quadrado_0268,train/quadrado/quadrado_0268.png,1,0,73118,-16282,1881,7399,-44458,206520,1
549,train,quadrado_0269,train/quadrado/quadrado_0269.png,1,0,86878,-66953,-9008,14798,-38399,206520,1
550,train,quadrado_0270,train/quadrado/quadrado_0270.png,1,0,111103,-68385,-2990,-25971,-46322,206520,1
551,train,quadrado_0271,train/quadrado/quadrado_0271.png,1,0,75005,-57657,-4810,7930,-42123,206520,1
552,train,quadrado_0272,train/quadrado/quadrado_0272.png,1,0,115737,-50339,-5750,-5748,-19834,206520,1
553,train,quadrado_0273,train/quadrado/quadrado_0273.png,1,0,90374,-51849,-4577,-22445,-24385,206520,1
554,train,quadrado_0274,train/quadrado/quadrado_0274.png,1,0,87617,-63469,-10133,-20845,-40059,206520,1
555,train,quadrado_0275,train/quadrado/quadrado_0275.png,1,0,88749,-42925,-10458,10787,-16997,206520,1
556,train,quadrado_0276,train/quadrado/quadrado_0276.png,1,0,66199,-45252,8783,-12518,-35873,206520,1
557,train,quadrado_0277,train/quadrado/quadrado_0277.png,1,0,116487,-63527,2242,-1306,-47129,206520,1
558,train,quadrado_0278,train/quadrado/quadrado_0278.png,1,0,36923,-49061,21381,-22233,-41476,206520,1
559,train,quadrado_0279,train/quadrado/quadrado_0279.png,1,0,72376,-51983,4330,8953,-38934,206520,1
560,train,triangulo_0000,train/triangulo/triangulo_0000.png,2,0,87882,-47045,-7270,-16648,-30005,206520,1
561,train,triangulo_0001,train/triangulo/triangulo_0001.png,2,0,60594,-44536,-5614,-5440,-42408,206520,1
562,train,triangulo_0002,train/triangulo/triangulo_0002.png,2,0,59874,-52130,-476,-9075,-42184,206520,1
563,train,triangulo_0003,train/triangulo/triangulo_0003.png,2,0,93171,-55944,-9812,-18839,-28218,206520,1
564,train,triangulo_0004,train/triangulo/triangulo_0004.png,2,0,67587,-46708,-3617,21180,-36268,206520,1
565,train,triangulo_0005,train/triangulo/triangulo_0005.png,2,0,66804,-14687,8135,24704,-30418,206520,1
566,train,triangulo_0006,train/triangulo/triangulo_0006.png,2,0,75843,-66482,7180,-23548,-68647,206520,1
567,train,triangulo_0007,train/triangulo/triangulo_0007.png,2,0,90709,-58020,-5626,12172,-52115,206520,1
568,train,triangulo_0008,train/triangulo/triangulo_0008.png,2,0,81469,-45738,-3689,12051,-46077,206520,1
569,train,triangulo_0009,train/triangulo/triangulo_0009.png,2,0,113598,-37191,-6687,-15181,-38085,206520,1
570,train,triangulo_0010,train/triangulo/triangulo_0010.png,2,0,74396,-30290,-10095,1752,-34199,206520,1
571,train,triangulo_0011,train/triangulo/triangulo_0011.png,2,0,64983,-52769,-2131,25083,-19023,206520,1
572,train,triangulo_0012,train/triangulo/triangulo_0012.png,2,0,70600,-34188,93,240,-6474,206520,1
573,train,triangulo_0013,train/triangulo/triangulo_0013.png,2,0,70835,-48974,5740,-5750,-55040,206520,1
574,train,triangulo_0014,train/triangulo/triangulo_0014.png,2,0,81069,-36053,2852,-2816,-32818,206520,1
575,train,triangulo_0015,train/triangulo/triangulo_0015.png,2,0,62191,-25141,3594,-2256,-46387,206520,1
576,train,triangulo_0016,train/triangulo/triangulo_0016.png,2,0,65386,-41375,-1396,25325,-45435,206520,1
577,train,triangulo_0017,train/triangulo/triangulo_0017.png,2,0,97352,-38859,-8266,-8591,-30851,206520,1
578,train,triangulo_0018,train/triangulo/triangulo_0018.png,2,0,81763,-42873,2282,15730,-41805,206520,1
579,train,triangulo_0019,train/triangulo/triangulo_0019.png,2,0,63915,-53258,-5691,21124,-22504,206520,1
580,train,triangulo_0020,train/triangulo/triangulo_0020.png,2,0,81526,-57277,-5760,-10316,-33010,206520,1
581,train,triangulo_0021,train/triangulo/triangulo_0021.png,2,0,76653,-45898,13296,-3588,-48768,206520,1
582,train,triangulo_0022,train/triangulo/triangulo_0022.png,2,0,95184,-49680,-4636,5167,-39192,206520,1
583,train,triangulo_0023,train/triangulo/triangulo_0023.png,2,0,111558,-51106,-8086,-9266,-38134,206520,1
584,train,triangulo_0024,train/triangulo/triangulo_0024.png,2,0,55972,-39245,13619,7824,-50898,206520,1
585,train,triangulo_0025,train/triangulo/triangulo_0025.png,2,0,90758,-64872,-6453,3817,-47320,206520,1
586,train,triangulo_0026,train/triangulo/triangulo_0026.png,2,0,105689,-41589,-2375,-16443,-32201,206520,1
587,train,triangulo_0027,train/triangulo/triangulo_0027.png,2,0,96878,-61914,-13563,-14271,-43341,206520,1
588,train,triangulo_0028,train/triangulo/triangulo_0028.png,2,0,75031,-18037,-11836,1475,-29179,206520,1
589,train,triangulo_0029,train/triangulo/triangulo_0029.png,2,0,112471,-60498,-1539,-14176,-41856,206520,1
590,train,triangulo_0030,train/triangulo/triangulo_0030.png,2,0,40409,-49615,-2732,-20275,-46355,206520,1
591,train,triangulo_0031,train/triangulo/triangulo_0031.png,2,0,56433,-42098,9821,-9686,-32154,206520,1
592,train,triangulo_0032,train/triangulo/triangulo_0032.png,2,0,81029,-42924,-4759,12141,-20969,206520,1
593,train,triangulo_0033,train/triangulo/triangulo_0033.png,2,0,72574,-59036,-585,3769,-52538,206520,1
594,train,triangulo_0034,train/triangulo/triangulo_0034.png,2,0,91542,-59517,4479,2999,-56632,206520,1
595,train,triangulo_0035,train/triangulo/triangulo_0035.png,2,0,92512,-55426,14602,-1695,-61275,206520,1
596,train,triangulo_0036,train/triangulo/triangulo_0036.png,2,0,86312,-30701,-7440,25410,2173,206520,1
597,train,triangulo_0037,train/triangulo/triangulo_0037.png,2,0,86251,-42729,-6831,-3334,-35057,206520,1
598,train,triangulo_0038,train/triangulo/triangulo_0038.png,2,0,74494,-41496,-3659,-2632,-15617,206520,1
599,train,triangulo_0039,train/triangulo/triangulo_0039.png,2,0,81754,-57412,938,5870,-34647,206520,1
600,train,triangulo_0040,train/triangulo/triangulo_0040.png,2,0,57928,-30800,1266,23513,-29942,206520,1
601,train,triangulo_0041,train/triangulo/triangulo_0041.png,2,0,61299,-63064,-2121,-11663,-43441,206520,1
602,train,triangulo_0042,train/triangulo/triangulo_0042.png,2,0,50253,-44868,-7943,-5641,-37784,206520,1
603,train,triangulo_0043,train/triangulo/triangulo_0043.png,2,0,52261,-50345,-710,12072,-39413,206520,1
604,train,triangulo_0044,train/triangulo/triangulo_0044.png,2,0,74794,-27848,-4408,4544,-10678,206520,1
605,train,triangulo_0045,train/triangulo/triangulo_0045.png,2,0,67227,-45180,-4221,17423,-39235,206520,1
606,train,triangulo_0046,train/triangulo/triangulo_0046.png,2,0,77530,-56636,-5056,-5995,-27459,206520,1
607,train,triangulo_0047,train/triangulo/triangulo_0047.png,2,0,98750,-43283,-1933,-4052,-41208,206520,1
608,train,triangulo_0048,train/triangulo/triangulo_0048.png,2,0,55353,-51744,4614,-8074,-49283,206520,1
609,train,triangulo_0049,train/triangulo/triangulo_0049.png,2,0,77676,-39884,-5830,-2949,-29345,206520,1
610,train,triangulo_0050,train/triangulo/triangulo_0050.png,2,0,92123,-38463,-13824,10827,-15281,206520,1
611,train,triangulo_0051,train/triangulo/triangulo_0051.png,2,0,76089,-14757,-1003,-3212,-45982,206520,1
612,train,triangulo_0052,train/triangulo/triangulo_0052.png,2,0,84895,-47958,-2120,14208,-25938,206520,1
613,train,triangulo_0053,train/triangulo/triangulo_0053.png,2,0,85012,-56393,-13417,-7598,-19115,206520,1
614,train,triangulo_0054,train/triangulo/triangulo_0054.png,2,0,87616,-34730,-14053,22886,636,206520,1
615,train,triangulo_0055,train/triangulo/triangulo_0055.png,2,0,76602,-30431,-12781,-14832,12827,206520,1
616,train,triangulo_0056,train/triangulo/triangulo_0056.png,2,0,89810,-39237,-5499,15662,-27490,206520,1
617,train,triangulo_0057,train/triangulo/triangulo_0057.png,2,0,80020,-57182,-7263,9943,-42126,206520,1
618,train,triangulo_0058,train/triangulo/triangulo_0058.png,2,0,94144,-31917,-7032,20237,-1366,206520,1
619,train,triangulo_0059,train/triangulo/triangulo_0059.png,2,0,62186,-30456,45,27002,-36125,206520,1
620,train,triangulo_0060,train/triangulo/triangulo_0060.png,2,0,73275,-15485,914,15076,-32346,206520,1
621,train,triangulo_0061,train/triangulo/triangulo_0061.png,2,0,111722,-38212,-16665,-907,-13170,206520,1
622,train,triangulo_0062,train/triangulo/triangulo_0062.png,2,0,76784,-41710,-3917,20341,-18163,206520,1
623,train,triangulo_0063,train/triangulo/triangulo_0063.png,2,0,91710,-50588,-5957,18475,-48988,206520,1
624,train,triangulo_0064,train/triangulo/triangulo_0064.png,2,0,71131,-3721,-4774,-13514,-54056,206520,1
625,train,triangulo_0065,train/triangulo/triangulo_0065.png,2,0,82344,-51335,-4763,5615,-27916,206520,1
626,train,triangulo_0066,train/triangulo/triangulo_0066.png,2,0,76437,-44279,-2229,14729,-10672,206520,1
627,train,triangulo_0067,train/triangulo/triangulo_0067.png,2,0,82656,-56913,9977,-17822,-66985,206520,1
628,train,triangulo_0068,train/triangulo/triangulo_0068.png,2,0,82204,-52756,-3519,11684,-23261,206520,1
629,train,triangulo_0069,train/triangulo/triangulo_0069.png,2,0,69272,-50650,-2596,398,-46185,206520,1
630,train,triangulo_0070,train/triangulo/triangulo_0070.png,2,0,82928,-50532,-3606,-10893,-16531,206520,1
631,train,triangulo_0071,train/triangulo/triangulo_0071.png,2,0,72371,-39261,-3532,5213,-33261,206520,1
632,train,triangulo_0072,train/triangulo/triangulo_0072.png,2,0,69585,-20198,2147,25493,-31868,206520,1
633,train,triangulo_0073,train/triangulo/triangulo_0073.png,2,0,71686,-44523,12504,-17562,-33884,206520,1
634,train,triangulo_0074,train/triangulo/triangulo_0074.png,2,0,64140,-36664,8186,26903,-41719,206520,1
635,train,triangulo_0075,train/triangulo/triangulo_0075.png,2,0,63119,-46453,6198,9987,-39448,206520,1
636,train,triangulo_0076,train/triangulo/triangulo_0076.png,2,0,61065,-21523,6416,790,-43697,206520,1
637,train,triangulo_0077,train/triangulo/triangulo_0077.png,2,0,84482,-39246,-10757,-9554,14063,206520,1
638,train,triangulo_0078,train/triangulo/triangulo_0078.png,2,0,67065,-41089,5119,7107,-43271,206520,1
639,train,triangulo_0079,train/triangulo/triangulo_0079.png,2,0,106336,-41222,-6713,29983,-14053,206520,1
640,train,triangulo_0080,train/triangulo/triangulo_0080.png,2,0,56964,-44587,139,17326,-29353,206520,1
641,train,triangulo_0081,train/triangulo/triangulo_0081.png,2,0,57098,-43254,5056,14946,-27099,206520,1
642,train,triangulo_0082,train/triangulo/triangulo_0082.png,2,0,50566,-3052,16055,10690,-64891,206520,1
643,train,triangulo_0083,train/triangulo/triangulo_0083.png,2,0,52733,-50597,25012,-22496,-43528,206520,1
644,train,triangulo_0084,train/triangulo/triangulo_0084.png,2,0,88538,-31934,-3470,20309,6126,206520,1
645,train,triangulo_0085,train/triangulo/triangulo_0085.png,2,0,55483,-45410,7357,-14813,-52963,206520,1
646,train,triangulo_0086,train/triangulo/triangulo_0086.png,2,0,77950,-42816,3573,19425,-18887,206520,1
647,train,triangulo_0087,train/triangulo/triangulo_0087.png,2,0,57366,-50271,2967,6150,-39713,206520,1
648,train,triangulo_0088,train/triangulo/triangulo_0088.png,2,0,108471,-56901,-13027,-618,-30811,206520,1
649,train,triangulo_0089,train/triangulo/triangulo_0089.png,2,0,54502,-47739,-9223,1048,-41897,206520,1
650,train,triangulo_0090,train/triangulo/triangulo_0090.png,2,0,102688,-37176,2463,13711,-32701,206520,1
651,train,triangulo_0091,train/triangulo/triangulo_0091.png,2,0,85952,-37685,-9213,4132,13896,206520,1
652,train,triangulo_0092,train/triangulo/triangulo_0092.png,2,0,83562,-32302,8585,4993,-59308,206520,1
653,train,triangulo_0093,train/triangulo/triangulo_0093.png,2,0,72414,-51706,-6943,12795,-42092,206520,1
654,train,triangulo_0094,train/triangulo/triangulo_0094.png,2,0,70768,-20006,-8474,2535,12705,206520,1
655,train,triangulo_0095,train/triangulo/triangulo_0095.png,2,0,64033,-35683,-7280,12682,-28651,206520,1
656,train,triangulo_0096,train/triangulo/triangulo_0096.png,2,0,27970,-40818,-3194,-18443,-46356,206520,1
657,train,triangulo_0097,train/triangulo/triangulo_0097.png,2,0,53752,-44723,3749,1993,-41871,206520,1
658,train,triangulo_0098,train/triangulo/triangulo_0098.png,2,0,48558,-35498,9648,-10285,-39540,206520,1
659,train,triangulo_0099,train/triangulo/triangulo_0099.png,2,0,90891,-65109,-8956,6407,-23540,206520,1
660,train,triangulo_0100,train/triangulo/triangulo_0100.png,2,0,92731,-42685,-4855,-10578,-32729,206520,1
661,train,triangulo_0101,train/triangulo/triangulo_0101.png,2,0,82506,-49378,7228,22786,-36048,206520,1
662,train,triangulo_0102,train/triangulo/triangulo_0102.png,2,0,103716,-53976,-14350,559,-39989,206520,1
663,train,triangulo_0103,train/triangulo/triangulo_0103.png,2,0,89170,-42812,-1810,-9291,-24553,206520,1
664,train,triangulo_0104,train/triangulo/triangulo_0104.png,2,0,119091,-44725,259,-12303,-33815,206520,1
665,train,triangulo_0105,train/triangulo/triangulo_0105.png,2,0,76336,-65709,-3075,3132,-38193,206520,1
666,train,triangulo_0106,train/triangulo/triangulo_0106.png,2,0,89028,-42251,-3523,-13188,-8541,206520,1
667,train,triangulo_0107,train/triangulo/triangulo_0107.png,2,0,69319,-52963,3859,-9414,-50166,206520,1
668,train,triangulo_0108,train/triangulo/triangulo_0108.png,2,0,73810,-44661,-8988,-2932,-33240,206520,1
669,train,triangulo_0109,train/triangulo/triangulo_0109.png,2,0,56825,-38023,2678,31930,-57696,206520,1
670,train,triangulo_0110,train/triangulo/triangulo_0110.png,2,0,69724,-55882,19448,-9328,-50386,206520,1
671,train,triangulo_0111,train/triangulo/triangulo_0111.png,2,0,107397,-64591,-626,-13798,-32280,206520,1
672,train,triangulo_0112,train/triangulo/triangulo_0112.png,2,0,75659,-62188,2353,15750,-32624,206520,1
673,train,triangulo_0113,train/triangulo/triangulo_0113.png,2,0,103125,-58766,-3027,-21891,-23768,206520,1
674,train,triangulo_0114,train/triangulo/triangulo_0114.png,2,0,79712,-52986,2872,5808,-63886,206520,1
675,train,triangulo_0115,train/triangulo/triangulo_0115.png,2,0,91139,-40406,-20812,14471,-12958,206520,1
676,train,triangulo_0116,train/triangulo/triangulo_0116.png,2,0,80883,-46509,-9678,-14539,-2430,206520,1
677,train,triangulo_0117,train/triangulo/triangulo_0117.png,2,0,92089,-44561,-4076,26931,-22847,206520,1
678,train,triangulo_0118,train/triangulo/triangulo_0118.png,2,0,80291,-55555,-3631,8257,-46059,206520,1
679,train,triangulo_0119,train/triangulo/triangulo_0119.png,2,0,78708,-43106,-6454,-12464,-8942,206520,1
680,train,triangulo_0120,train/triangulo/triangulo_0120.png,2,0,65779,-37447,-8828,19081,-17630,206520,1
681,train,triangulo_0121,train/triangulo/triangulo_0121.png,2,0,77074,-61485,-2672,-3695,-33604,206520,1
682,train,triangulo_0122,train/triangulo/triangulo_0122.png,2,0,94077,-38058,-6492,-1441,-30228,206520,1
683,train,triangulo_0123,train/triangulo/triangulo_0123.png,2,0,77656,-26815,-8409,3669,-9246,206520,1
684,train,triangulo_0124,train/triangulo/triangulo_0124.png,2,0,46624,-41114,10922,-9342,-45748,206520,1
685,train,triangulo_0125,train/triangulo/triangulo_0125.png,2,0,93232,-57244,14644,-15651,-54556,206520,1
686,train,triangulo_0126,train/triangulo/triangulo_0126.png,2,0,73439,-46320,16386,-4713,-44438,206520,1
687,train,triangulo_0127,train/triangulo/triangulo_0127.png,2,0,70136,-42902,-269,28336,-22088,206520,1
688,train,triangulo_0128,train/triangulo/triangulo_0128.png,2,0,61427,-24296,3678,17554,-44074,206520,1
689,train,triangulo_0129,train/triangulo/triangulo_0129.png,2,0,69350,-11636,-9268,1397,-36775,206520,1
690,train,triangulo_0130,train/triangulo/triangulo_0130.png,2,0,79574,-50478,-1017,16464,-44620,206520,1
691,train,triangulo_0131,train/triangulo/triangulo_0131.png,2,0,73447,-58733,2229,-3688,-37388,206520,1
692,train,triangulo_0132,train/triangulo/triangulo_0132.png,2,0,68139,-54877,-2509,14095,-24450,206520,1
693,train,triangulo_0133,train/triangulo/triangulo_0133.png,2,0,96470,-47118,-6251,-9111,1871,206520,1
694,train,triangulo_0134,train/triangulo/triangulo_0134.png,2,0,74871,-49465,8824,8341,-48361,206520,1
695,train,triangulo_0135,train/triangulo/triangulo_0135.png,2,0,122605,-48860,-2423,-18695,-28032,206520,1
696,train,triangulo_0136,train/triangulo/triangulo_0136.png,2,0,75357,-32646,-568,33845,-36094,206520,1
697,train,triangulo_0137,train/triangulo/triangulo_0137.png,2,0,115223,-47848,-3554,-7545,-38472,206520,1
698,train,triangulo_0138,train/triangulo/triangulo_0138.png,2,0,85705,-48751,14970,2190,-54574,206520,1
699,train,triangulo_0139,train/triangulo/triangulo_0139.png,2,0,88216,-45667,-3741,-13774,-18211,206520,1
700,train,triangulo_0140,train/triangulo/triangulo_0140.png,2,0,46460,-37202,-5234,-2028,-36322,206520,1
701,train,triangulo_0141,train/triangulo/triangulo_0141.png,2,0,62330,-42372,-11020,37391,-26386,206520,1
702,train,triangulo_0142,train/triangulo/triangulo_0142.png,2,0,102661,-52016,13268,-486,-53919,206520,1
703,train,triangulo_0143,train/triangulo/triangulo_0143.png,2,0,68946,-48288,569,15980,-30923,206520,1
704,train,triangulo_0144,train/triangulo/triangulo_0144.png,2,0,96590,-41424,3039,-20453,-31809,206520,1
705,train,triangulo_0145,train/triangulo/triangulo_0145.png,2,0,75701,-26762,-12511,11598,-19983,206520,1
706,train,triangulo_0146,train/triangulo/triangulo_0146.png,2,0,99152,-33127,-5136,-4973,-17240,206520,1
707,train,triangulo_0147,train/triangulo/triangulo_0147.png,2,0,98613,-50551,16246,-7682,-53445,206520,1
708,train,triangulo_0148,train/triangulo/triangulo_0148.png,2,0,68295,-45620,6439,-6504,-35093,206520,1
709,train,triangulo_0149,train/triangulo/triangulo_0149.png,2,0,68585,-65266,-2593,580,-47910,206520,1
710,train,triangulo_0150,train/triangulo/triangulo_0150.png,2,0,60305,-26119,4993,22831,-31001,206520,1
711,train,triangulo_0151,train/triangulo/triangulo_0151.png,2,0,86924,-49181,-2482,11507,-43337,206520,1
712,train,triangulo_0152,train/triangulo/triangulo_0152.png,2,0,72721,-71982,3642,-6198,-55936,206520,1
713,train,triangulo_0153,train/triangulo/triangulo_0153.png,2,0,72336,-38909,-8339,9835,-6310,206520,1
714,train,triangulo_0154,train/triangulo/triangulo_0154.png,2,0,82404,-32203,892,4466,-28730,206520,1
715,train,triangulo_0155,train/triangulo/triangulo_0155.png,2,0,93673,-36081,-8886,16399,1346,206520,1
716,train,triangulo_0156,train/triangulo/triangulo_0156.png,2,0,116878,-60543,-2082,-23697,-33011,206520,1
717,train,triangulo_0157,train/triangulo/triangulo_0157.png,2,0,98742,-41561,-8698,21700,-12151,206520,1
718,train,triangulo_0158,train/triangulo/triangulo_0158.png,2,0,61051,-60496,14397,-34506,-70705,206520,1
719,train,triangulo_0159,train/triangulo/triangulo_0159.png,2,0,83802,-55888,-6281,12711,-27670,206520,1
720,train,triangulo_0160,train/triangulo/triangulo_0160.png,2,0,100356,-33134,231,-4110,-16609,206520,1
721,train,triangulo_0161,train/triangulo/triangulo_0161.png,2,0,70462,-37604,-8193,6536,-8926,206520,1
722,train,triangulo_0162,train/triangulo/triangulo_0162.png,2,0,68349,-72264,-2157,-10907,-33896,206520,1
723,train,triangulo_0163,train/triangulo/triangulo_0163.png,2,0,86148,-28386,-15801,13411,-1491,206520,1
724,train,triangulo_0164,train/triangulo/triangulo_0164.png,2,0,67861,-55802,112,16448,-25213,206520,1
725,train,triangulo_0165,train/triangulo/triangulo_0165.png,2,0,38508,-46244,6555,-19579,-46780,206520,1
726,train,triangulo_0166,train/triangulo/triangulo_0166.png,2,0,100385,-54876,13486,-16488,-51911,206520,1
727,train,triangulo_0167,train/triangulo/triangulo_0167.png,2,0,76648,-64416,446,7434,-39535,206520,1
728,train,triangulo_0168,train/triangulo/triangulo_0168.png,2,0,68353,-71474,-3425,-6676,-53239,206520,1
729,train,triangulo_0169,train/triangulo/triangulo_0169.png,2,0,71933,-44260,2431,7336,-39365,206520,1
730,train,triangulo_0170,train/triangulo/triangulo_0170.png,2,0,71761,-60482,8393,976,-54497,206520,1
731,train,triangulo_0171,train/triangulo/triangulo_0171.png,2,0,58675,-46280,9957,-4488,-51272,206520,1
732,train,triangulo_0172,train/triangulo/triangulo_0172.png,2,0,85955,-61273,-7455,12563,-36911,206520,1
733,train,triangulo_0173,train/triangulo/triangulo_0173.png,2,0,95235,-48411,-10724,-3497,-44033,206520,1
734,train,triangulo_0174,train/triangulo/triangulo_0174.png,2,0,79381,-31269,-18545,3193,-27305,206520,1
735,train,triangulo_0175,train/triangulo/triangulo_0175.png,2,0,81294,-28004,-19368,3924,44,206520,1
736,train,triangulo_0176,train/triangulo/triangulo_0176.png,2,0,62975,-57072,6998,-8451,-51374,206520,1
737,train,triangulo_0177,train/triangulo/triangulo_0177.png,2,0,75687,-55608,14991,-16060,-51932,206520,1
738,train,triangulo_0178,train/triangulo/triangulo_0178.png,2,0,83577,-41122,6537,26511,-41420,206520,1
739,train,triangulo_0179,train/triangulo/triangulo_0179.png,2,0,102822,-44540,-13353,3580,-42019,206520,1
740,train,triangulo_0180,train/triangulo/triangulo_0180.png,2,0,89252,-59734,-7143,-17877,-37689,206520,1
741,train,triangulo_0181,train/triangulo/triangulo_0181.png,2,0,36236,-39660,8641,-14705,-59283,206520,1
742,train,triangulo_0182,train/triangulo/triangulo_0182.png,2,0,79736,-19611,-11079,-662,-12560,206520,1
743,train,triangulo_0183,train/triangulo/triangulo_0183.png,2,0,82083,-42371,-15073,12405,-41970,206520,1
744,train,triangulo_0184,train/triangulo/triangulo_0184.png,2,0,74680,-36385,-4724,28951,-39760,206520,1
745,train,triangulo_0185,train/triangulo/triangulo_0185.png,2,0,78161,-44761,-6007,15204,-5238,206520,1
746,train,triangulo_0186,train/triangulo/triangulo_0186.png,2,0,62984,-32376,4484,25683,-34070,206520,1
747,train,triangulo_0187,train/triangulo/triangulo_0187.png,2,0,81309,-64792,-2031,906,-36887,206520,1
748,train,triangulo_0188,train/triangulo/triangulo_0188.png,2,0,62164,-49459,10425,-6084,-48438,206520,1
749,train,triangulo_0189,train/triangulo/triangulo_0189.png,2,0,70499,-19357,-3338,497,-35008,206520,1
750,train,triangulo_0190,train/triangulo/triangulo_0190.png,2,0,96902,-39201,-783,-4830,-24958,206520,1
751,train,triangulo_0191,train/triangulo/triangulo_0191.png,2,0,81557,-46824,-6194,-8283,-35026,206520,1
752,train,triangulo_0192,train/triangulo/triangulo_0192.png,2,0,82429,-31983,-23386,-16045,18583,206520,1
753,train,triangulo_0193,train/triangulo/triangulo_0193.png,2,0,72415,-44806,6127,5696,-39738,206520,1
754,train,triangulo_0194,train/triangulo/triangulo_0194.png,2,0,65151,-61179,2613,-13172,-53281,206520,1
755,train,triangulo_0195,train/triangulo/triangulo_0195.png,2,0,89376,-37169,-3075,-6288,-17183,206520,1
756,train,triangulo_0196,train/triangulo/triangulo_0196.png,2,0,65406,-34953,-1152,25054,-32426,206520,1
757,train,triangulo_0197,train/triangulo/triangulo_0197.png,2,0,95524,-57778,-8057,-20048,-7695,206520,1
758,train,triangulo_0198,train/triangulo/triangulo_0198.png,2,0,60391,-46608,12614,1567,-51461,206520,1
759,train,triangulo_0199,train/triangulo/triangulo_0199.png,2,0,64086,-62578,331,22077,-26433,206520,1
760,train,triangulo_0200,train/triangulo/triangulo_0200.png,2,0,81367,-77690,-9587,-9522,-30788,206520,1
761,train,triangulo_0201,train/triangulo/triangulo_0201.png,2,0,73744,-52552,2759,-747,-56236,206520,1
762,train,triangulo_0202,train/triangulo/triangulo_0202.png,2,0,109083,-60343,9759,14633,-67096,206520,1
763,train,triangulo_0203,train/triangulo/triangulo_0203.png,2,0,95874,-59377,10237,1050,-58309,206520,1
764,train,triangulo_0204,train/triangulo/triangulo_0204.png,2,0,125461,-57182,-2758,-14567,-44128,206520,1
765,train,triangulo_0205,train/triangulo/triangulo_0205.png,2,0,79280,-54040,-5106,4146,-24596,206520,1
766,train,triangulo_0206,train/triangulo/triangulo_0206.png,2,0,87793,-55194,-16544,2129,-25615,206520,1
767,train,triangulo_0207,train/triangulo/triangulo_0207.png,2,0,82623,-50632,-4526,19053,-23334,206520,1
768,train,triangulo_0208,train/triangulo/triangulo_0208.png,2,0,78196,-57581,1735,4916,-65287,206520,1
769,train,triangulo_0209,train/triangulo/triangulo_0209.png,2,0,60750,-54866,2119,-717,-40780,206520,1
770,train,triangulo_0210,train/triangulo/triangulo_0210.png,2,0,64589,-14637,-2274,13619,-38257,206520,1
771,train,triangulo_0211,train/triangulo/triangulo_0211.png,2,0,65919,-32417,4866,33616,-37490,206520,1
772,train,triangulo_0212,train/triangulo/triangulo_0212.png,2,0,69859,-43767,7947,23596,-49189,206520,1
773,train,triangulo_0213,train/triangulo/triangulo_0213.png,2,0,71376,-52467,2065,5940,-36548,206520,1
774,train,triangulo_0214,train/triangulo/triangulo_0214.png,2,0,100949,-53152,22266,-18744,-56404,206520,1
775,train,triangulo_0215,train/triangulo/triangulo_0215.png,2,0,82374,-45333,-5517,17372,-38765,206520,1
776,train,triangulo_0216,train/triangulo/triangulo_0216.png,2,0,88313,-74003,221,-927,-47217,206520,1
777,train,triangulo_0217,train/triangulo/triangulo_0217.png,2,0,49905,-44066,-3919,-2022,-45352,206520,1
778,train,triangulo_0218,train/triangulo/triangulo_0218.png,2,0,14742,-52304,5517,-30157,-46830,206520,1
779,train,triangulo_0219,train/triangulo/triangulo_0219.png,2,0,93963,-51269,799,19098,-19086,206520,1
780,train,triangulo_0220,train/triangulo/triangulo_0220.png,2,0,60613,-40905,-369,5762,-30273,206520,1
781,train,triangulo_0221,train/triangulo/triangulo_0221.png,2,0,79299,-60846,-6412,3772,-21258,206520,1
782,train,triangulo_0222,train/triangulo/triangulo_0222.png,2,0,117487,-38137,-11680,-12583,-29613,206520,1
783,train,triangulo_0223,train/triangulo/triangulo_0223.png,2,0,86007,-49295,-1860,478,-856,206520,1
784,train,triangulo_0224,train/triangulo/triangulo_0224.png,2,0,85544,-32489,-3514,20673,-22416,206520,1
785,train,triangulo_0225,train/triangulo/triangulo_0225.png,2,0,52194,-49002,10552,-12367,-63203,206520,1
786,train,triangulo_0226,train/triangulo/triangulo_0226.png,2,0,90088,-46160,-15844,20263,-5581,206520,1
787,train,triangulo_0227,train/triangulo/triangulo_0227.png,2,0,108066,-41460,-10099,-3621,-36274,206520,1
788,train,triangulo_0228,train/triangulo/triangulo_0228.png,2,0,82516,-71552,-2327,-7836,-67993,206520,1
789,train,triangulo_0229,train/triangulo/triangulo_0229.png,2,0,64153,-58715,914,-9432,-56850,206520,1
790,train,triangulo_0230,train/triangulo/triangulo_0230.png,2,0,71677,-30944,2587,16719,-28065,206520,1
791,train,triangulo_0231,train/triangulo/triangulo_0231.png,2,0,92073,-56300,14843,-14563,-52920,206520,1
792,train,triangulo_0232,train/triangulo/triangulo_0232.png,2,0,64045,-56055,-6642,-6428,-57678,206520,1
793,train,triangulo_0233,train/triangulo/triangulo_0233.png,2,0,89959,-41626,-8551,6628,-29896,206520,1
794,train,triangulo_0234,train/triangulo/triangulo_0234.png,2,0,63564,-48839,4720,15936,-37291,206520,1
795,train,triangulo_0235,train/triangulo/triangulo_0235.png,2,0,87048,-57387,-2067,-13309,-25418,206520,1
796,train,triangulo_0236,train/triangulo/triangulo_0236.png,2,0,82352,-58740,-10001,-6119,-28649,206520,1
797,train,triangulo_0237,train/triangulo/triangulo_0237.png,2,0,76807,-38138,-5373,9801,-45168,206520,1
798,train,triangulo_0238,train/triangulo/triangulo_0238.png,2,0,55668,-43283,3716,-12112,-54754,206520,1
799,train,triangulo_0239,train/triangulo/triangulo_0239.png,2,0,94545,-61088,-11653,-7499,-16274,206520,1
800,train,triangulo_0240,train/triangulo/triangulo_0240.png,2,0,82259,-39017,-6862,-11493,-22782,206520,1
801,train,triangulo_0241,train/triangulo/triangulo_0241.png,2,0,84110,-38061,-4013,-9292,-17559,206520,1
802,train,triangulo_0242,train/triangulo/triangulo_0242.png,2,0,69406,-57760,3752,1768,-40255,206520,1
803,train,triangulo_0243,train/triangulo/triangulo_0243.png,2,0,81430,-36861,-12771,-3098,-39601,206520,1
804,train,triangulo_0244,train/triangulo/triangulo_0244.png,2,0,69713,-47222,219,1995,-50938,206520,1
805,train,triangulo_0245,train/triangulo/triangulo_0245.png,2,0,88693,-51681,-2471,17395,-55328,206520,1
806,train,triangulo_0246,train/triangulo/triangulo_0246.png,2,0,102047,-39278,-22422,9487,14946,206520,1
807,train,triangulo_0247,train/triangulo/triangulo_0247.png,2,0,63620,-57822,15208,-16646,-53745,206520,1
808,train,triangulo_0248,train/triangulo/triangulo_0248.png,2,0,85920,-59819,-8667,15444,-36704,206520,1
809,train,triangulo_0249,train/triangulo/triangulo_0249.png,2,0,78752,-33063,-11633,4369,-12543,206520,1
810,train,triangulo_0250,train/triangulo/triangulo_0250.png,2,0,67961,-35054,12633,6036,-55031,206520,1
811,train,triangulo_0251,train/triangulo/triangulo_0251.png,2,0,63040,-43420,674,12634,-29404,206520,1
812,train,triangulo_0252,train/triangulo/triangulo_0252.png,2,0,76669,-41062,-4569,-3308,-22265,206520,1
813,train,triangulo_0253,train/triangulo/triangulo_0253.png,2,0,85274,-26543,-14129,-1223,5373,206520,1
814,train,triangulo_0254,train/triangulo/triangulo_0254.png,2,0,71810,-34876,-1166,25177,-32225,206520,1
815,train,triangulo_0255,train/triangulo/triangulo_0255.png,2,0,80010,-39517,2452,14244,-34347,206520,1
816,train,triangulo_0256,train/triangulo/triangulo_0256.png,2,0,79111,-17968,-18666,-4413,12284,206520,1
817,train,triangulo_0257,train/triangulo/triangulo_0257.png,2,0,96511,-37788,-7061,18539,-3349,206520,1
818,train,triangulo_0258,train/triangulo/triangulo_0258.png,2,0,83294,-53798,-10028,-16250,-37856,206520,1
819,train,triangulo_0259,train/triangulo/triangulo_0259.png,2,0,106582,-49661,-8191,-13085,-39162,206520,1
820,train,triangulo_0260,train/triangulo/triangulo_0260.png,2,0,100950,-50331,-11556,-567,-39540,206520,1
821,train,triangulo_0261,train/triangulo/triangulo_0261.png,2,0,88605,-42765,-3347,-9161,-52506,206520,1
822,train,triangulo_0262,train/triangulo/triangulo_0262.png,2,0,86268,-68753,463,6705,-50781,206520,1
823,train,triangulo_0263,train/triangulo/triangulo_0263.png,2,0,67355,-57601,7628,-2464,-46007,206520,1
824,train,triangulo_0264,train/triangulo/triangulo_0264.png,2,0,88246,-58767,16519,1752,-63932,206520,1
825,train,triangulo_0265,train/triangulo/triangulo_0265.png,2,0,71704,-47691,-2128,-6,-25441,206520,1
826,train,triangulo_0266,train/triangulo/triangulo_0266.png,2,0,79140,-47547,8149,4263,-48744,206520,1
827,train,triangulo_0267,train/triangulo/triangulo_0267.png,2,0,65697,-52828,-3951,-13747,-50094,206520,1
828,train,triangulo_0268,train/triangulo/triangulo_0268.png,2,0,66676,-52545,-5563,11252,-18098,206520,1
829,train,triangulo_0269,train/triangulo/triangulo_0269.png,2,0,93956,-37899,-1613,-10353,-19280,206520,1
830,train,triangulo_0270,train/triangulo/triangulo_0270.png,2,0,68049,-44377,8628,5050,-51943,206520,1
831,train,triangulo_0271,train/triangulo/triangulo_0271.png,2,0,133048,-52602,-6935,-15934,-44011,206520,1
832,train,triangulo_0272,train/triangulo/triangulo_0272.png,2,0,78835,-51224,-3160,-10106,-21101,206520,1
833,train,triangulo_0273,train/triangulo/triangulo_0273.png,2,0,60494,-52893,3170,8297,-44561,206520,1
834,train,triangulo_0274,train/triangulo/triangulo_0274.png,2,0,78107,-58178,-7312,1001,-47116,206520,1
835,train,triangulo_0275,train/triangulo/triangulo_0275.png,2,0,55916,-53574,51,-8418,-57492,206520,1
836,train,triangulo_0276,train/triangulo/triangulo_0276.png,2,0,61913,-52551,-3977,23374,-23580,206520,1
837,train,triangulo_0277,train/triangulo/triangulo_0277.png,2,0,88199,-44438,1272,20375,-26744,206520,1
838,train,triangulo_0278,train/triangulo/triangulo_0278.png,2,0,81129,-30326,-6383,18703,-8739,206520,1
839,train,triangulo_0279,train/triangulo/triangulo_0279.png,2,0,69557,-20078,-6240,-2162,8311,206520,1
840,train,cruz_0000,train/cruz/cruz_0000.png,3,0,81967,-39831,-7050,8778,-25546,206520,1
841,train,cruz_0001,train/cruz/cruz_0001.png,3,0,101086,-66916,-12573,6438,-8786,206520,1
842,train,cruz_0002,train/cruz/cruz_0002.png,3,0,79948,-60328,-8609,-25234,-41242,206520,1
843,train,cruz_0003,train/cruz/cruz_0003.png,3,0,103933,-47433,-12806,-7720,-14513,206520,1
844,train,cruz_0004,train/cruz/cruz_0004.png,3,0,70917,-61382,2789,-16571,-48938,206520,1
845,train,cruz_0005,train/cruz/cruz_0005.png,3,0,86663,-52928,-17544,4491,-30404,206520,1
846,train,cruz_0006,train/cruz/cruz_0006.png,3,0,80528,-60228,-15944,-2267,-35971,206520,1
847,train,cruz_0007,train/cruz/cruz_0007.png,3,0,90234,-44916,-44,-20950,-26690,206520,1
848,train,cruz_0008,train/cruz/cruz_0008.png,3,0,83643,-50133,-730,9554,-39079,206520,1
849,train,cruz_0009,train/cruz/cruz_0009.png,3,0,110144,-63707,-14353,-28665,-27240,206520,1
850,train,cruz_0010,train/cruz/cruz_0010.png,3,0,100790,-54014,-2445,-19338,-16951,206520,1
851,train,cruz_0011,train/cruz/cruz_0011.png,3,0,89736,-63064,3018,-14444,-37966,206520,1
852,train,cruz_0012,train/cruz/cruz_0012.png,3,0,107077,-67234,-14987,-25402,-52174,206520,1
853,train,cruz_0013,train/cruz/cruz_0013.png,3,0,69800,-53661,8483,-16047,-51332,206520,1
854,train,cruz_0014,train/cruz/cruz_0014.png,3,0,90535,-56509,-14091,-10330,-36463,206520,1
855,train,cruz_0015,train/cruz/cruz_0015.png,3,0,103229,-65312,-2508,-29125,-49533,206520,1
856,train,cruz_0016,train/cruz/cruz_0016.png,3,0,60900,-58182,15273,-18018,-37570,206520,1
857,train,cruz_0017,train/cruz/cruz_0017.png,3,0,99284,-68571,-15562,-2712,-36580,206520,1
858,train,cruz_0018,train/cruz/cruz_0018.png,3,0,107370,-65049,-10097,-22155,-36229,206520,1
859,train,cruz_0019,train/cruz/cruz_0019.png,3,0,94903,-55580,-18043,-15569,-22822,206520,1
860,train,cruz_0020,train/cruz/cruz_0020.png,3,0,103973,-51784,-2019,-12314,-35186,206520,1
861,train,cruz_0021,train/cruz/cruz_0021.png,3,0,118191,-64565,2426,-31338,-29751,206520,1
862,train,cruz_0022,train/cruz/cruz_0022.png,3,0,82467,-46465,-11298,-17210,-36413,206520,1
863,train,cruz_0023,train/cruz/cruz_0023.png,3,0,83936,-55840,-15693,-7711,-39863,206520,1
864,train,cruz_0024,train/cruz/cruz_0024.png,3,0,97567,-77355,-16635,1033,-32599,206520,1
865,train,cruz_0025,train/cruz/cruz_0025.png,3,0,112575,-65387,-8589,-19977,-28906,206520,1
866,train,cruz_0026,train/cruz/cruz_0026.png,3,0,78035,-78183,-27682,-10113,-47582,206520,1
867,train,cruz_0027,train/cruz/cruz_0027.png,3,0,92725,-67603,-12369,-6413,-48397,206520,1
868,train,cruz_0028,train/cruz/cruz_0028.png,3,0,84222,-48915,7649,-2112,-30045,206520,1
869,train,cruz_0029,train/cruz/cruz_0029.png,3,0,94597,-44105,-16795,1260,-19354,206520,1
870,train,cruz_0030,train/cruz/cruz_0030.png,3,0,92255,-60366,201,-19850,-49176,206520,1
871,train,cruz_0031,train/cruz/cruz_0031.png,3,0,98152,-42574,-22565,-19,6852,206520,1
872,train,cruz_0032,train/cruz/cruz_0032.png,3,0,73538,-61162,4743,-2709,-61013,206520,1
873,train,cruz_0033,train/cruz/cruz_0033.png,3,0,80764,-70156,-22208,-4767,-41928,206520,1
874,train,cruz_0034,train/cruz/cruz_0034.png,3,0,75294,-42148,4578,38018,-38755,206520,1
875,train,cruz_0035,train/cruz/cruz_0035.png,3,0,106501,-55103,-14603,10465,-13779,206520,1
876,train,cruz_0036,train/cruz/cruz_0036.png,3,0,74831,-62453,87,9431,-53214,206520,1
877,train,cruz_0037,train/cruz/cruz_0037.png,3,0,109085,-73297,-27647,-17700,-48931,206520,1
878,train,cruz_0038,train/cruz/cruz_0038.png,3,0,106320,-60484,-1943,-31840,-38554,206520,1
879,train,cruz_0039,train/cruz/cruz_0039.png,3,0,96090,-45990,-12058,10448,303,206520,1
880,train,cruz_0040,train/cruz/cruz_0040.png,3,0,98026,-36899,-573,-629,-42221,206520,1
881,train,cruz_0041,train/cruz/cruz_0041.png,3,0,115866,-60459,2348,-2604,-22950,206520,1
882,train,cruz_0042,train/cruz/cruz_0042.png,3,0,99080,-53363,-431,-27856,-31471,206520,1
883,train,cruz_0043,train/cruz/cruz_0043.png,3,0,89876,-48231,-12667,-21147,-25917,206520,1
884,train,cruz_0044,train/cruz/cruz_0044.png,3,0,93069,-56692,1938,-14083,-36718,206520,1
885,train,cruz_0045,train/cruz/cruz_0045.png,3,0,76067,-50540,5015,-14811,-51742,206520,1
886,train,cruz_0046,train/cruz/cruz_0046.png,3,0,80315,-50503,922,2589,-33580,206520,1
887,train,cruz_0047,train/cruz/cruz_0047.png,3,0,90373,-48718,-9940,-19499,-20853,206520,1
888,train,cruz_0048,train/cruz/cruz_0048.png,3,0,50717,-43276,8415,-13112,-47511,206520,1
889,train,cruz_0049,train/cruz/cruz_0049.png,3,0,54759,-40117,8924,3604,-48152,206520,1
890,train,cruz_0050,train/cruz/cruz_0050.png,3,0,88767,-40597,5630,-5520,-26996,206520,1
891,train,cruz_0051,train/cruz/cruz_0051.png,3,0,66596,-53081,2226,2936,-44040,206520,1
892,train,cruz_0052,train/cruz/cruz_0052.png,3,0,72263,-66130,6714,-9297,-52425,206520,1
893,train,cruz_0053,train/cruz/cruz_0053.png,3,0,103888,-78804,-13587,-11238,-53079,206520,1
894,train,cruz_0054,train/cruz/cruz_0054.png,3,0,108018,-61230,-5536,-24203,-33592,206520,1
895,train,cruz_0055,train/cruz/cruz_0055.png,3,0,103170,-59152,-20440,-9490,-42508,206520,1
896,train,cruz_0056,train/cruz/cruz_0056.png,3,0,88172,-49375,-2912,-9965,-26982,206520,1
897,train,cruz_0057,train/cruz/cruz_0057.png,3,0,123734,-86013,-22032,-31189,-45350,206520,1
898,train,cruz_0058,train/cruz/cruz_0058.png,3,0,94750,-47822,-5200,-16544,-28944,206520,1
899,train,cruz_0059,train/cruz/cruz_0059.png,3,0,76703,-75422,-4041,-16595,-43615,206520,1
900,train,cruz_0060,train/cruz/cruz_0060.png,3,0,100055,-75918,-15170,-23630,-39416,206520,1
901,train,cruz_0061,train/cruz/cruz_0061.png,3,0,79532,-43194,-10437,22426,-11530,206520,1
902,train,cruz_0062,train/cruz/cruz_0062.png,3,0,95274,-59420,2833,4203,-46387,206520,1
903,train,cruz_0063,train/cruz/cruz_0063.png,3,0,108324,-54208,-9216,-13921,-42504,206520,1
904,train,cruz_0064,train/cruz/cruz_0064.png,3,0,104606,-73380,-5015,-26448,-51499,206520,1
905,train,cruz_0065,train/cruz/cruz_0065.png,3,0,85910,-58683,-15912,-17054,-38146,206520,1
906,train,cruz_0066,train/cruz/cruz_0066.png,3,0,81551,-69326,-4384,-10335,-46133,206520,1
907,train,cruz_0067,train/cruz/cruz_0067.png,3,0,114106,-66242,-14169,-14304,-42115,206520,1
908,train,cruz_0068,train/cruz/cruz_0068.png,3,0,113883,-73982,-6809,-29527,-47253,206520,1
909,train,cruz_0069,train/cruz/cruz_0069.png,3,0,88019,-40148,-11220,14023,-634,206520,1
910,train,cruz_0070,train/cruz/cruz_0070.png,3,0,64740,-65604,-15590,-600,-36609,206520,1
911,train,cruz_0071,train/cruz/cruz_0071.png,3,0,80529,-58189,-5845,-8582,-33252,206520,1
912,train,cruz_0072,train/cruz/cruz_0072.png,3,0,95932,-65488,-8161,-16738,-32867,206520,1
913,train,cruz_0073,train/cruz/cruz_0073.png,3,0,70432,-49027,-7311,-840,-33234,206520,1
914,train,cruz_0074,train/cruz/cruz_0074.png,3,0,107475,-31179,-1056,-2776,-27319,206520,1
915,train,cruz_0075,train/cruz/cruz_0075.png,3,0,94381,-67872,-25239,6764,-40293,206520,1
916,train,cruz_0076,train/cruz/cruz_0076.png,3,0,80441,-51123,-3420,-12400,-34077,206520,1
917,train,cruz_0077,train/cruz/cruz_0077.png,3,0,90881,-74239,-26845,-5477,-50210,206520,1
918,train,cruz_0078,train/cruz/cruz_0078.png,3,0,94694,-57743,-7061,-9497,-25477,206520,1
919,train,cruz_0079,train/cruz/cruz_0079.png,3,0,86713,-62132,-7037,-21026,-42621,206520,1
920,train,cruz_0080,train/cruz/cruz_0080.png,3,0,85073,-60461,7156,-21997,-56817,206520,1
921,train,cruz_0081,train/cruz/cruz_0081.png,3,0,70148,-57397,1571,-15555,-51195,206520,1
922,train,cruz_0082,train/cruz/cruz_0082.png,3,0,74325,-50158,-4068,20471,-28436,206520,1
923,train,cruz_0083,train/cruz/cruz_0083.png,3,0,96107,-47081,12123,-11435,-27137,206520,1
924,train,cruz_0084,train/cruz/cruz_0084.png,3,0,81336,-23962,2283,3590,-30583,206520,1
925,train,cruz_0085,train/cruz/cruz_0085.png,3,0,82956,-47550,4411,-19886,-21793,206520,1
926,train,cruz_0086,train/cruz/cruz_0086.png,3,0,78699,-70331,481,-7809,-52093,206520,1
927,train,cruz_0087,train/cruz/cruz_0087.png,3,0,94446,-64751,-20694,-16613,-37702,206520,1
928,train,cruz_0088,train/cruz/cruz_0088.png,3,0,77461,-59149,-3444,-8573,-47101,206520,1
929,train,cruz_0089,train/cruz/cruz_0089.png,3,0,72995,-62488,-4576,-5994,-57029,206520,1
930,train,cruz_0090,train/cruz/cruz_0090.png,3,0,96475,-53481,-2454,-24888,-41337,206520,1
931,train,cruz_0091,train/cruz/cruz_0091.png,3,0,83987,-61420,-14998,-11143,-39930,206520,1
932,train,cruz_0092,train/cruz/cruz_0092.png,3,0,107848,-55072,-2131,-23418,-46194,206520,1
933,train,cruz_0093,train/cruz/cruz_0093.png,3,0,78967,-34069,8741,-1034,-33706,206520,1
934,train,cruz_0094,train/cruz/cruz_0094.png,3,0,82309,-65836,-16339,-4699,-40830,206520,1
935,train,cruz_0095,train/cruz/cruz_0095.png,3,0,86073,-38451,12409,10255,-44091,206520,1
936,train,cruz_0096,train/cruz/cruz_0096.png,3,0,104950,-63341,-8217,-14530,-31502,206520,1
937,train,cruz_0097,train/cruz/cruz_0097.png,3,0,87020,-46027,-490,-3007,-18022,206520,1
938,train,cruz_0098,train/cruz/cruz_0098.png,3,0,81338,-55812,-766,-22619,-36358,206520,1
939,train,cruz_0099,train/cruz/cruz_0099.png,3,0,100757,-64961,-3556,-29626,-42791,206520,1
940,train,cruz_0100,train/cruz/cruz_0100.png,3,0,73561,-56749,-10383,16712,-26471,206520,1
941,train,cruz_0101,train/cruz/cruz_0101.png,3,0,78272,-79112,9431,-20687,-60245,206520,1
942,train,cruz_0102,train/cruz/cruz_0102.png,3,0,61637,-36702,9216,-16620,-38942,206520,1
943,train,cruz_0103,train/cruz/cruz_0103.png,3,0,107480,-62278,1758,-31872,-45155,206520,1
944,train,cruz_0104,train/cruz/cruz_0104.png,3,0,74373,-36702,-10791,-8018,-14796,206520,1
945,train,cruz_0105,train/cruz/cruz_0105.png,3,0,75103,-66882,-6304,-4586,-57630,206520,1
946,train,cruz_0106,train/cruz/cruz_0106.png,3,0,50055,-51736,7367,-26105,-61964,206520,1
947,train,cruz_0107,train/cruz/cruz_0107.png,3,0,68902,-55520,7761,-12675,-42234,206520,1
948,train,cruz_0108,train/cruz/cruz_0108.png,3,0,79222,-32878,-16071,8029,-7526,206520,1
949,train,cruz_0109,train/cruz/cruz_0109.png,3,0,103826,-30569,10385,-8754,-44624,206520,1
950,train,cruz_0110,train/cruz/cruz_0110.png,3,0,101532,-55195,-11596,11111,-25670,206520,1
951,train,cruz_0111,train/cruz/cruz_0111.png,3,0,96679,-41993,-19887,-6826,-2816,206520,1
952,train,cruz_0112,train/cruz/cruz_0112.png,3,0,99530,-56382,-12297,-28685,-23437,206520,1
953,train,cruz_0113,train/cruz/cruz_0113.png,3,0,83456,-65346,-26480,-8874,-48918,206520,1
954,train,cruz_0114,train/cruz/cruz_0114.png,3,0,72369,-50489,-7937,-16420,-29012,206520,1
955,train,cruz_0115,train/cruz/cruz_0115.png,3,0,81016,-44008,3746,11898,-37255,206520,1
956,train,cruz_0116,train/cruz/cruz_0116.png,3,0,108051,-49708,-5513,-5010,-33490,206520,1
957,train,cruz_0117,train/cruz/cruz_0117.png,3,0,83254,-49966,-3638,-10192,-33381,206520,1
958,train,cruz_0118,train/cruz/cruz_0118.png,3,0,115739,-80754,-17940,-35672,-41201,206520,1
959,train,cruz_0119,train/cruz/cruz_0119.png,3,0,90961,-57421,-10897,-25572,-34040,206520,1
960,train,cruz_0120,train/cruz/cruz_0120.png,3,0,93214,-59283,-15602,-3585,-32514,206520,1
961,train,cruz_0121,train/cruz/cruz_0121.png,3,0,102870,-56959,-9726,-8031,-37152,206520,1
962,train,cruz_0122,train/cruz/cruz_0122.png,3,0,81834,-48345,2263,-11784,-33126,206520,1
963,train,cruz_0123,train/cruz/cruz_0123.png,3,0,102382,-55976,-23380,-11744,-7272,206520,1
964,train,cruz_0124,train/cruz/cruz_0124.png,3,0,102054,-36133,16,2033,-44653,206520,1
965,train,cruz_0125,train/cruz/cruz_0125.png,3,0,99056,-41824,-11049,-12781,-52159,206520,1
966,train,cruz_0126,train/cruz/cruz_0126.png,3,0,108621,-70487,-14354,-14368,-69767,206520,1
967,train,cruz_0127,train/cruz/cruz_0127.png,3,0,54327,-40381,-24,-10648,-40775,206520,1
968,train,cruz_0128,train/cruz/cruz_0128.png,3,0,99781,-47114,-7876,-21405,-30601,206520,1
969,train,cruz_0129,train/cruz/cruz_0129.png,3,0,106219,-61936,-8488,-34028,-36416,206520,1
970,train,cruz_0130,train/cruz/cruz_0130.png,3,0,92396,-58675,1537,-17000,-48777,206520,1
971,train,cruz_0131,train/cruz/cruz_0131.png,3,0,93628,-48143,-10508,-11251,-36338,206520,1
972,train,cruz_0132,train/cruz/cruz_0132.png,3,0,95087,-54234,-10963,3664,-23595,206520,1
973,train,cruz_0133,train/cruz/cruz_0133.png,3,0,50001,-63208,16919,-23746,-47171,206520,1
974,train,cruz_0134,train/cruz/cruz_0134.png,3,0,104353,-58399,-3242,-19290,-35284,206520,1
975,train,cruz_0135,train/cruz/cruz_0135.png,3,0,125362,-76920,-16787,-38461,-39811,206520,1
976,train,cruz_0136,train/cruz/cruz_0136.png,3,0,113424,-66526,-8085,-12785,-30661,206520,1
977,train,cruz_0137,train/cruz/cruz_0137.png,3,0,70855,-55260,157,-4536,-54688,206520,1
978,train,cruz_0138,train/cruz/cruz_0138.png,3,0,112536,-64271,252,-1025,-32661,206520,1
979,train,cruz_0139,train/cruz/cruz_0139.png,3,0,62949,-38539,-1798,38093,-33374,206520,1
980,train,cruz_0140,train/cruz/cruz_0140.png,3,0,115101,-58624,-20629,-7438,-37804,206520,1
981,train,cruz_0141,train/cruz/cruz_0141.png,3,0,71893,-43526,-5291,26952,-30968,206520,1
982,train,cruz_0142,train/cruz/cruz_0142.png,3,0,87608,-59353,-16782,-4232,-37459,206520,1
983,train,cruz_0143,train/cruz/cruz_0143.png,3,0,106901,-72304,-15041,-35179,-44006,206520,1
984,train,cruz_0144,train/cruz/cruz_0144.png,3,0,86363,-48563,-22694,-16222,-22611,206520,1
985,train,cruz_0145,train/cruz/cruz_0145.png,3,0,121129,-63812,2553,-28450,-36792,206520,1
986,train,cruz_0146,train/cruz/cruz_0146.png,3,0,111713,-70260,9905,-1495,-46320,206520,1
987,train,cruz_0147,train/cruz/cruz_0147.png,3,0,88141,-53399,-14008,-23246,-30075,206520,1
988,train,cruz_0148,train/cruz/cruz_0148.png,3,0,116148,-61418,7501,-28667,-49537,206520,1
989,train,cruz_0149,train/cruz/cruz_0149.png,3,0,95069,-49898,-3178,-30056,-26987,206520,1
990,train,cruz_0150,train/cruz/cruz_0150.png,3,0,103126,-61282,12650,-1449,-41021,206520,1
991,train,cruz_0151,train/cruz/cruz_0151.png,3,0,86273,-85365,-27527,-17936,-44674,206520,1
992,train,cruz_0152,train/cruz/cruz_0152.png,3,0,108891,-50169,-10563,-12669,-44430,206520,1
993,train,cruz_0153,train/cruz/cruz_0153.png,3,0,93918,-74215,-14159,-2992,-46056,206520,1
994,train,cruz_0154,train/cruz/cruz_0154.png,3,0,95627,-70696,-16150,-11851,-41550,206520,1
995,train,cruz_0155,train/cruz/cruz_0155.png,3,0,99735,-67993,-4061,-3532,-48671,206520,1
996,train,cruz_0156,train/cruz/cruz_0156.png,3,0,109972,-63440,-2268,-29234,-47104,206520,1
997,train,cruz_0157,train/cruz/cruz_0157.png,3,0,87009,-55942,-4844,-25105,-42870,206520,1
998,train,cruz_0158,train/cruz/cruz_0158.png,3,0,70715,-51461,-4938,-14831,-43970,206520,1
999,train,cruz_0159,train/cruz/cruz_0159.png,3,0,59045,-50233,-1273,-2570,-38236,206520,1
1000,train,cruz_0160,train/cruz/cruz_0160.png,3,0,95875,-53501,-19830,8478,-12558,206520,1
1001,train,cruz_0161,train/cruz/cruz_0161.png,3,0,95601,-51013,-16385,-24645,-45385,206520,1
1002,train,cruz_0162,train/cruz/cruz_0162.png,3,0,73094,-56499,-20609,-2697,-30273,206520,1
1003,train,cruz_0163,train/cruz/cruz_0163.png,3,0,99109,-40758,-22320,-6729,11402,206520,1
1004,train,cruz_0164,train/cruz/cruz_0164.png,3,0,85010,-53311,-2849,-6982,-39931,206520,1
1005,train,cruz_0165,train/cruz/cruz_0165.png,3,0,95811,-54344,4737,6695,-41647,206520,1
1006,train,cruz_0166,train/cruz/cruz_0166.png,3,0,76186,-46400,-1054,-13247,-27184,206520,1
1007,train,cruz_0167,train/cruz/cruz_0167.png,3,0,113936,-77921,-18295,-21488,-41838,206520,1
1008,train,cruz_0168,train/cruz/cruz_0168.png,3,0,87919,-67884,-13314,-3869,-45092,206520,1
1009,train,cruz_0169,train/cruz/cruz_0169.png,3,0,97687,-39078,-4290,-4659,-32581,206520,1
1010,train,cruz_0170,train/cruz/cruz_0170.png,3,0,107247,-65002,68,-33035,-54698,206520,1
1011,train,cruz_0171,train/cruz/cruz_0171.png,3,0,84915,-56924,-21650,-8330,-46495,206520,1
1012,train,cruz_0172,train/cruz/cruz_0172.png,3,0,115900,-58608,-11455,-10550,-24504,206520,1
1013,train,cruz_0173,train/cruz/cruz_0173.png,3,0,90528,-63180,-26234,-450,-30447,206520,1
1014,train,cruz_0174,train/cruz/cruz_0174.png,3,0,91109,-59692,8440,-17387,-43373,206520,1
1015,train,cruz_0175,train/cruz/cruz_0175.png,3,0,116334,-64765,-11107,-26031,-44532,206520,1
1016,train,cruz_0176,train/cruz/cruz_0176.png,3,0,92420,-43406,-14112,11692,-15084,206520,1
1017,train,cruz_0177,train/cruz/cruz_0177.png,3,0,93043,-49668,4853,11708,-37818,206520,1
1018,train,cruz_0178,train/cruz/cruz_0178.png,3,0,118531,-55450,-365,-29304,-46047,206520,1
1019,train,cruz_0179,train/cruz/cruz_0179.png,3,0,102429,-51601,-11383,-1751,-13319,206520,1
1020,train,cruz_0180,train/cruz/cruz_0180.png,3,0,85363,-44114,-9644,-13920,-31940,206520,1
1021,train,cruz_0181,train/cruz/cruz_0181.png,3,0,78414,-60299,4048,6416,-54752,206520,1
1022,train,cruz_0182,train/cruz/cruz_0182.png,3,0,52534,-55830,7258,-13978,-52634,206520,1
1023,train,cruz_0183,train/cruz/cruz_0183.png,3,0,76169,-65205,-4331,5963,-60061,206520,1
1024,train,cruz_0184,train/cruz/cruz_0184.png,3,0,73303,-43490,-8059,-423,-35816,206520,1
1025,train,cruz_0185,train/cruz/cruz_0185.png,3,0,93901,-68071,-19508,-10891,-48655,206520,1
1026,train,cruz_0186,train/cruz/cruz_0186.png,3,0,87188,-52479,-769,-23168,-37453,206520,1
1027,train,cruz_0187,train/cruz/cruz_0187.png,3,0,80506,-54300,4238,-26447,-50719,206520,1
1028,train,cruz_0188,train/cruz/cruz_0188.png,3,0,79858,-43898,14922,-9455,-49096,206520,1
1029,train,cruz_0189,train/cruz/cruz_0189.png,3,0,73082,-52809,-1007,-1594,-46701,206520,1
1030,train,cruz_0190,train/cruz/cruz_0190.png,3,0,65321,-45324,6774,-5785,-44472,206520,1
1031,train,cruz_0191,train/cruz/cruz_0191.png,3,0,88159,-49407,-18213,-13773,-29960,206520,1
1032,train,cruz_0192,train/cruz/cruz_0192.png,3,0,95975,-63979,-10334,-11261,-38344,206520,1
1033,train,cruz_0193,train/cruz/cruz_0193.png,3,0,83220,-59417,-1066,9126,-46508,206520,1
1034,train,cruz_0194,train/cruz/cruz_0194.png,3,0,102020,-65231,-19697,-10824,-23061,206520,1
1035,train,cruz_0195,train/cruz/cruz_0195.png,3,0,94343,-44917,-24821,-14667,-9022,206520,1
1036,train,cruz_0196,train/cruz/cruz_0196.png,3,0,109563,-57652,-21544,-4502,-37401,206520,1
1037,train,cruz_0197,train/cruz/cruz_0197.png,3,0,81500,-51206,-3139,-17437,-31597,206520,1
1038,train,cruz_0198,train/cruz/cruz_0198.png,3,0,107923,-72855,-7465,-27900,-47556,206520,1
1039,train,cruz_0199,train/cruz/cruz_0199.png,3,0,85675,-51855,-8070,12201,-34979,206520,1
1040,train,cruz_0200,train/cruz/cruz_0200.png,3,0,84494,-68397,-25205,-16310,-42221,206520,1
1041,train,cruz_0201,train/cruz/cruz_0201.png,3,0,85709,-36369,-218,34985,-28183,206520,1
1042,train,cruz_0202,train/cruz/cruz_0202.png,3,0,74299,-67915,-9460,-9688,-42701,206520,1
1043,train,cruz_0203,train/cruz/cruz_0203.png,3,0,82199,-52465,-9457,-8340,-26079,206520,1
1044,train,cruz_0204,train/cruz/cruz_0204.png,3,0,94289,-76616,-17535,-18218,-50188,206520,1
1045,train,cruz_0205,train/cruz/cruz_0205.png,3,0,61377,-54237,-30,-17634,-33804,206520,1
1046,train,cruz_0206,train/cruz/cruz_0206.png,3,0,94969,-71139,-25584,-6447,-39684,206520,1
1047,train,cruz_0207,train/cruz/cruz_0207.png,3,0,119345,-64543,1497,-31553,-33029,206520,1
1048,train,cruz_0208,train/cruz/cruz_0208.png,3,0,108769,-60038,7873,-16902,-46818,206520,1
1049,train,cruz_0209,train/cruz/cruz_0209.png,3,0,79559,-40260,-16643,-6754,-16494,206520,1
1050,train,cruz_0210,train/cruz/cruz_0210.png,3,0,94648,-47645,-13423,-12687,-14119,206520,1
1051,train,cruz_0211,train/cruz/cruz_0211.png,3,0,83663,-45070,-11282,23766,-10202,206520,1
1052,train,cruz_0212,train/cruz/cruz_0212.png,3,0,68216,-58392,2326,-14363,-35986,206520,1
1053,train,cruz_0213,train/cruz/cruz_0213.png,3,0,112322,-66700,-309,-25586,-48577,206520,1
1054,train,cruz_0214,train/cruz/cruz_0214.png,3,0,92500,-65942,-12904,-17397,-54583,206520,1
1055,train,cruz_0215,train/cruz/cruz_0215.png,3,0,79351,-34810,-7110,17258,-13604,206520,1
1056,train,cruz_0216,train/cruz/cruz_0216.png,3,0,87813,-61729,-14226,10186,-34732,206520,1
1057,train,cruz_0217,train/cruz/cruz_0217.png,3,0,76236,-42227,1882,-16215,-36384,206520,1
1058,train,cruz_0218,train/cruz/cruz_0218.png,3,0,103789,-51055,-6518,-31349,-24534,206520,1
1059,train,cruz_0219,train/cruz/cruz_0219.png,3,0,68351,-51046,-2227,11258,-42340,206520,1
1060,train,cruz_0220,train/cruz/cruz_0220.png,3,0,99947,-61282,8736,5957,-36326,206520,1
1061,train,cruz_0221,train/cruz/cruz_0221.png,3,0,68591,-59414,-1888,1928,-40531,206520,1
1062,train,cruz_0222,train/cruz/cruz_0222.png,3,0,81246,-51773,-7043,-12361,-34368,206520,1
1063,train,cruz_0223,train/cruz/cruz_0223.png,3,0,84731,-54480,-13604,8737,-19473,206520,1
1064,train,cruz_0224,train/cruz/cruz_0224.png,3,0,103693,-65244,-8687,-12111,-53453,206520,1
1065,train,cruz_0225,train/cruz/cruz_0225.png,3,0,87541,-57359,-14917,-17762,-34419,206520,1
1066,train,cruz_0226,train/cruz/cruz_0226.png,3,0,59885,-46804,982,-11206,-37783,206520,1
1067,train,cruz_0227,train/cruz/cruz_0227.png,3,0,104227,-53242,4487,-27817,-37251,206520,1
1068,train,cruz_0228,train/cruz/cruz_0228.png,3,0,95989,-60876,-13060,-22428,-37018,206520,1
1069,train,cruz_0229,train/cruz/cruz_0229.png,3,0,54054,-45733,-5289,-9686,-39422,206520,1
1070,train,cruz_0230,train/cruz/cruz_0230.png,3,0,85204,-36127,-11720,-13255,-15282,206520,1
1071,train,cruz_0231,train/cruz/cruz_0231.png,3,0,106087,-78857,-22729,-14951,-55419,206520,1
1072,train,cruz_0232,train/cruz/cruz_0232.png,3,0,60900,-49638,5930,-18655,-42326,206520,1
1073,train,cruz_0233,train/cruz/cruz_0233.png,3,0,114741,-59631,11156,-24877,-46475,206520,1
1074,train,cruz_0234,train/cruz/cruz_0234.png,3,0,105986,-55273,-23440,-19572,-27851,206520,1
1075,train,cruz_0235,train/cruz/cruz_0235.png,3,0,41667,-53172,-954,-38015,-67153,206520,1
1076,train,cruz_0236,train/cruz/cruz_0236.png,3,0,101642,-74153,-5236,-10857,-53619,206520,1
1077,train,cruz_0237,train/cruz/cruz_0237.png,3,0,100047,-49812,-5837,-25980,-30509,206520,1
1078,train,cruz_0238,train/cruz/cruz_0238.png,3,0,100492,-67911,-6123,-7052,-36950,206520,1
1079,train,cruz_0239,train/cruz/cruz_0239.png,3,0,68825,-64255,1804,-16,-56451,206520,1
1080,train,cruz_0240,train/cruz/cruz_0240.png,3,0,91320,-56360,-11549,-21458,-39016,206520,1
1081,train,cruz_0241,train/cruz/cruz_0241.png,3,0,85553,-43657,-14476,8342,900,206520,1
1082,train,cruz_0242,train/cruz/cruz_0242.png,3,0,77179,-67148,-2280,11551,-55405,206520,1
1083,train,cruz_0243,train/cruz/cruz_0243.png,3,0,91321,-41348,-22025,-18915,-36771,206520,1
1084,train,cruz_0244,train/cruz/cruz_0244.png,3,0,111860,-71833,-13379,-22339,-48115,206520,1
1085,train,cruz_0245,train/cruz/cruz_0245.png,3,0,83590,-57236,4577,-13531,-38135,206520,1
1086,train,cruz_0246,train/cruz/cruz_0246.png,3,0,104097,-61996,1216,-25707,-30357,206520,1
1087,train,cruz_0247,train/cruz/cruz_0247.png,3,0,113585,-61272,6053,-31652,-45107,206520,1
1088,train,cruz_0248,train/cruz/cruz_0248.png,3,0,90354,-61999,-15140,-11831,-47463,206520,1
1089,train,cruz_0249,train/cruz/cruz_0249.png,3,0,97530,-71661,-17537,-6740,-37620,206520,1
1090,train,cruz_0250,train/cruz/cruz_0250.png,3,0,65525,-46291,1671,-26199,-42103,206520,1
1091,train,cruz_0251,train/cruz/cruz_0251.png,3,0,75168,-48270,-14341,8297,-36304,206520,1
1092,train,cruz_0252,train/cruz/cruz_0252.png,3,0,89246,-71449,-14705,-846,-27932,206520,1
1093,train,cruz_0253,train/cruz/cruz_0253.png,3,0,79823,-53927,-9998,-12213,-33377,206520,1
1094,train,cruz_0254,train/cruz/cruz_0254.png,3,0,92288,-52046,10837,-11095,-46905,206520,1
1095,train,cruz_0255,train/cruz/cruz_0255.png,3,0,89019,-56591,-13863,-8969,-43126,206520,1
1096,train,cruz_0256,train/cruz/cruz_0256.png,3,0,110749,-71224,-16451,-36853,-31039,206520,1
1097,train,cruz_0257,train/cruz/cruz_0257.png,3,0,76544,-29199,-3330,6853,-28780,206520,1
1098,train,cruz_0258,train/cruz/cruz_0258.png,3,0,82931,-52144,12950,-9378,-44637,206520,1
1099,train,cruz_0259,train/cruz/cruz_0259.png,3,0,45972,-43319,6306,-16615,-46161,206520,1
1100,train,cruz_0260,train/cruz/cruz_0260.png,3,0,64579,-50453,3037,12584,-43861,206520,1
1101,train,cruz_0261,train/cruz/cruz_0261.png,3,0,43802,-60669,138,-32912,-45651,206520,1
1102,train,cruz_0262,train/cruz/cruz_0262.png,3,0,106120,-68549,-8379,-35430,-33555,206520,1
1103,train,cruz_0263,train/cruz/cruz_0263.png,3,0,68896,-55214,1038,-4397,-45165,206520,1
1104,train,cruz_0264,train/cruz/cruz_0264.png,3,0,99242,-35156,-1327,5698,-36953,206520,1
1105,train,cruz_0265,train/cruz/cruz_0265.png,3,0,69882,-44410,-153,35842,-38510,206520,1
1106,train,cruz_0266,train/cruz/cruz_0266.png,3,0,101416,-74886,-3262,-13424,-54184,206520,1
1107,train,cruz_0267,train/cruz/cruz_0267.png,3,0,78838,-68023,4520,-10692,-52571,206520,1
1108,train,cruz_0268,train/cruz/cruz_0268.png,3,0,106220,-69390,-767,-19331,-61869,206520,1
1109,train,cruz_0269,train/cruz/cruz_0269.png,3,0,104891,-60475,-17037,-13432,-62787,206520,1
1110,train,cruz_0270,train/cruz/cruz_0270.png,3,0,90321,-52903,11709,-12275,-49331,206520,1
1111,train,cruz_0271,train/cruz/cruz_0271.png,3,0,94694,-81865,-15352,-9080,-50884,206520,1
1112,train,cruz_0272,train/cruz/cruz_0272.png,3,0,83918,-49862,-18401,-15166,-40661,206520,1
1113,train,cruz_0273,train/cruz/cruz_0273.png,3,0,90734,-54232,-15917,6907,-31143,206520,1
1114,train,cruz_0274,train/cruz/cruz_0274.png,3,0,76964,-63539,-19093,-1464,-37181,206520,1
1115,train,cruz_0275,train/cruz/cruz_0275.png,3,0,84203,-53361,-19666,-5191,-33885,206520,1
1116,train,cruz_0276,train/cruz/cruz_0276.png,3,0,78901,-56183,11888,-22108,-53839,206520,1
1117,train,cruz_0277,train/cruz/cruz_0277.png,3,0,41475,-51276,-417,-35925,-60218,206520,1
1118,train,cruz_0278,train/cruz/cruz_0278.png,3,0,95496,-33873,1044,-10221,-29997,206520,1
1119,train,cruz_0279,train/cruz/cruz_0279.png,3,0,55669,-49206,-1808,-16807,-51607,206520,1
1120,train,estrela_0000,train/estrela/estrela_0000.png,4,0,79817,-33963,2917,11435,-32587,206520,1
1121,train,estrela_0001,train/estrela/estrela_0001.png,4,0,82179,-74926,2022,-12274,-61885,206520,1
1122,train,estrela_0002,train/estrela/estrela_0002.png,4,0,106537,-62705,-16724,-7814,-33471,206520,1
1123,train,estrela_0003,train/estrela/estrela_0003.png,4,0,90710,-46728,-14737,2840,-4013,206520,1
1124,train,estrela_0004,train/estrela/estrela_0004.png,4,0,92568,-64942,-3309,851,-32293,206520,1
1125,train,estrela_0005,train/estrela/estrela_0005.png,4,0,70416,-51110,2630,343,-40608,206520,1
1126,train,estrela_0006,train/estrela/estrela_0006.png,4,0,93128,-54391,-12885,-10326,-34260,206520,1
1127,train,estrela_0007,train/estrela/estrela_0007.png,4,0,108676,-54633,-13316,-8579,-31230,206520,1
1128,train,estrela_0008,train/estrela/estrela_0008.png,4,0,69999,-70559,6570,-3063,-58004,206520,1
1129,train,estrela_0009,train/estrela/estrela_0009.png,4,0,106969,-76184,-8208,764,-25118,206520,1
1130,train,estrela_0010,train/estrela/estrela_0010.png,4,0,103460,-66535,-6098,-702,-33150,206520,1
1131,train,estrela_0011,train/estrela/estrela_0011.png,4,0,53128,-40570,-4190,-750,-44676,206520,1
1132,train,estrela_0012,train/estrela/estrela_0012.png,4,0,81967,-51119,5743,-6144,-51115,206520,1
1133,train,estrela_0013,train/estrela/estrela_0013.png,4,0,104531,-73287,5408,-5761,-44588,206520,1
1134,train,estrela_0014,train/estrela/estrela_0014.png,4,0,83776,-40851,-681,8451,-6580,206520,1
1135,train,estrela_0015,train/estrela/estrela_0015.png,4,0,94980,-67198,-12856,-5306,-34229,206520,1
1136,train,estrela_0016,train/estrela/estrela_0016.png,4,0,94325,-63576,-9478,-3102,-27770,206520,1
1137,train,estrela_0017,train/estrela/estrela_0017.png,4,0,108824,-69371,-428,-10310,-53347,206520,1
1138,train,estrela_0018,train/estrela/estrela_0018.png,4,0,105122,-67850,5724,61,-46428,206520,1
1139,train,estrela_0019,train/estrela/estrela_0019.png,4,0,91071,-61516,1415,-3751,-62957,206520,1
1140,train,estrela_0020,train/estrela/estrela_0020.png,4,0,85096,-32691,-6973,3722,-19868,206520,1
1141,train,estrela_0021,train/estrela/estrela_0021.png,4,0,79474,-58082,12022,22844,-47797,206520,1
1142,train,estrela_0022,train/estrela/estrela_0022.png,4,0,87780,-46268,-5319,2932,-48537,206520,1
1143,train,estrela_0023,train/estrela/estrela_0023.png,4,0,56512,-55970,-4207,-6043,-48529,206520,1
1144,train,estrela_0024,train/estrela/estrela_0024.png,4,0,62071,-48252,3026,-634,-57645,206520,1
1145,train,estrela_0025,train/estrela/estrela_0025.png,4,0,86842,-43865,-3693,94,-38121,206520,1
1146,train,estrela_0026,train/estrela/estrela_0026.png,4,0,91399,-31320,-15685,-4756,9687,206520,1
1147,train,estrela_0027,train/estrela/estrela_0027.png,4,0,105152,-51793,-15711,-9943,-35937,206520,1
1148,train,estrela_0028,train/estrela/estrela_0028.png,4,0,109391,-69325,-7876,-10074,-37777,206520,1
1149,train,estrela_0029,train/estrela/estrela_0029.png,4,0,106376,-71871,396,-17053,-42184,206520,1
1150,train,estrela_0030,train/estrela/estrela_0030.png,4,0,99000,-38129,-12541,-9356,-41562,206520,1
1151,train,estrela_0031,train/estrela/estrela_0031.png,4,0,77656,-33498,-11236,7341,3443,206520,1
1152,train,estrela_0032,train/estrela/estrela_0032.png,4,0,97601,-42195,-28524,4816,3458,206520,1
1153,train,estrela_0033,train/estrela/estrela_0033.png,4,0,90117,-59452,-16184,2670,-37738,206520,1
1154,train,estrela_0034,train/estrela/estrela_0034.png,4,0,64432,-32019,-4481,-811,-26138,206520,1
1155,train,estrela_0035,train/estrela/estrela_0035.png,4,0,98886,-71168,-17078,-893,-24252,206520,1
1156,train,estrela_0036,train/estrela/estrela_0036.png,4,0,76862,-51683,683,-591,-53680,206520,1
1157,train,estrela_0037,train/estrela/estrela_0037.png,4,0,56819,-53124,-429,-16128,-56248,206520,1
1158,train,estrela_0038,train/estrela/estrela_0038.png,4,0,73477,-36037,5144,-11870,-31561,206520,1
1159,train,estrela_0039,train/estrela/estrela_0039.png,4,0,115719,-81811,-4371,-3189,-46874,206520,1
1160,train,estrela_0040,train/estrela/estrela_0040.png,4,0,117002,-82961,-1631,-358,-61799,206520,1
1161,train,estrela_0041,train/estrela/estrela_0041.png,4,0,101969,-77477,-11739,3222,-20275,206520,1
1162,train,estrela_0042,train/estrela/estrela_0042.png,4,0,98779,-65770,-5201,-166,-21910,206520,1
1163,train,estrela_0043,train/estrela/estrela_0043.png,4,0,60001,-54340,11297,-15605,-58888,206520,1
1164,train,estrela_0044,train/estrela/estrela_0044.png,4,0,88755,-66125,-5822,-7390,-56561,206520,1
1165,train,estrela_0045,train/estrela/estrela_0045.png,4,0,82407,-53007,10688,-18874,-40165,206520,1
1166,train,estrela_0046,train/estrela/estrela_0046.png,4,0,95636,-62225,3308,9257,-35722,206520,1
1167,train,estrela_0047,train/estrela/estrela_0047.png,4,0,78124,-44088,-16511,2311,-13308,206520,1
1168,train,estrela_0048,train/estrela/estrela_0048.png,4,0,97762,-68255,3408,-1340,-51939,206520,1
1169,train,estrela_0049,train/estrela/estrela_0049.png,4,0,59712,-46638,20811,-10092,-52140,206520,1
1170,train,estrela_0050,train/estrela/estrela_0050.png,4,0,93724,-52931,593,7664,-40645,206520,1
1171,train,estrela_0051,train/estrela/estrela_0051.png,4,0,77078,-46544,-5768,17958,-33007,206520,1
1172,train,estrela_0052,train/estrela/estrela_0052.png,4,0,63790,-39795,6364,-5607,-53251,206520,1
1173,train,estrela_0053,train/estrela/estrela_0053.png,4,0,80974,-50988,2948,-26024,-46061,206520,1
1174,train,estrela_0054,train/estrela/estrela_0054.png,4,0,103957,-71416,532,-907,-54558,206520,1
1175,train,estrela_0055,train/estrela/estrela_0055.png,4,0,54518,-37245,5598,4444,-41425,206520,1
1176,train,estrela_0056,train/estrela/estrela_0056.png,4,0,85220,-37833,-16047,3145,11750,206520,1
1177,train,estrela_0057,train/estrela/estrela_0057.png,4,0,95309,-42057,-16558,5367,-1135,206520,1
1178,train,estrela_0058,train/estrela/estrela_0058.png,4,0,73088,-24822,-10212,7607,9092,206520,1
1179,train,estrela_0059,train/estrela/estrela_0059.png,4,0,109555,-49542,-18273,-6962,-22831,206520,1
1180,train,estrela_0060,train/estrela/estrela_0060.png,4,0,83270,-39075,-2608,12291,-23101,206520,1
1181,train,estrela_0061,train/estrela/estrela_0061.png,4,0,74748,-53262,-5254,16493,-53766,206520,1
1182,train,estrela_0062,train/estrela/estrela_0062.png,4,0,31626,-37925,8582,-21111,-36512,206520,1
1183,train,estrela_0063,train/estrela/estrela_0063.png,4,0,95651,-44385,-23041,2552,-11806,206520,1
1184,train,estrela_0064,train/estrela/estrela_0064.png,4,0,90677,-50383,-6501,-9848,-36555,206520,1
1185,train,estrela_0065,train/estrela/estrela_0065.png,4,0,84485,-42055,642,12236,-44227,206520,1
1186,train,estrela_0066,train/estrela/estrela_0066.png,4,0,66831,-41453,3420,-7348,-48725,206520,1
1187,train,estrela_0067,train/estrela/estrela_0067.png,4,0,88562,-65789,-1753,-3106,-50928,206520,1
1188,train,estrela_0068,train/estrela/estrela_0068.png,4,0,47799,-54716,1027,-7710,-50729,206520,1
1189,train,estrela_0069,train/estrela/estrela_0069.png,4,0,68964,-51186,2531,-23625,-63228,206520,1
1190,train,estrela_0070,train/estrela/estrela_0070.png,4,0,96583,-37104,-16182,6914,-2720,206520,1
1191,train,estrela_0071,train/estrela/estrela_0071.png,4,0,101153,-49878,2274,-23338,-50370,206520,1
1192,train,estrela_0072,train/estrela/estrela_0072.png,4,0,51184,-39448,13444,-10350,-62563,206520,1
1193,train,estrela_0073,train/estrela/estrela_0073.png,4,0,88377,-58041,1322,-40969,-52121,206520,1
1194,train,estrela_0074,train/estrela/estrela_0074.png,4,0,119485,-62543,-4395,-12968,-47013,206520,1
1195,train,estrela_0075,train/estrela/estrela_0075.png,4,0,78496,-45963,1175,10800,-42648,206520,1
1196,train,estrela_0076,train/estrela/estrela_0076.png,4,0,62138,-52397,-3188,-14982,-54772,206520,1
1197,train,estrela_0077,train/estrela/estrela_0077.png,4,0,70614,-48285,1045,-17105,-42313,206520,1
1198,train,estrela_0078,train/estrela/estrela_0078.png,4,0,78582,-26164,-11752,11703,-1832,206520,1
1199,train,estrela_0079,train/estrela/estrela_0079.png,4,0,79783,-38926,-17340,2570,-703,206520,1
1200,train,estrela_0080,train/estrela/estrela_0080.png,4,0,73480,-35677,-12612,-760,15957,206520,1
1201,train,estrela_0081,train/estrela/estrela_0081.png,4,0,56241,-35397,-12365,34344,-24396,206520,1
1202,train,estrela_0082,train/estrela/estrela_0082.png,4,0,79217,-52540,-441,-15952,-50775,206520,1
1203,train,estrela_0083,train/estrela/estrela_0083.png,4,0,109032,-78854,3862,-7665,-51519,206520,1
1204,train,estrela_0084,train/estrela/estrela_0084.png,4,0,62126,-42957,6789,-4984,-41627,206520,1
1205,train,estrela_0085,train/estrela/estrela_0085.png,4,0,57901,-60442,-3779,-20098,-49856,206520,1
1206,train,estrela_0086,train/estrela/estrela_0086.png,4,0,61630,-43235,13069,-6870,-57930,206520,1
1207,train,estrela_0087,train/estrela/estrela_0087.png,4,0,83051,-31863,-12735,10663,-2272,206520,1
1208,train,estrela_0088,train/estrela/estrela_0088.png,4,0,85893,-51025,-967,-9284,-35570,206520,1
1209,train,estrela_0089,train/estrela/estrela_0089.png,4,0,84067,-58339,974,-15898,-61466,206520,1
1210,train,estrela_0090,train/estrela/estrela_0090.png,4,0,95454,-55879,-7712,-5430,-29218,206520,1
1211,train,estrela_0091,train/estrela/estrela_0091.png,4,0,69785,-56212,10415,-1262,-58452,206520,1
1212,train,estrela_0092,train/estrela/estrela_0092.png,4,0,86033,-74766,10394,-13707,-56239,206520,1
1213,train,estrela_0093,train/estrela/estrela_0093.png,4,0,95219,-69054,-13398,-18370,-45832,206520,1
1214,train,estrela_0094,train/estrela/estrela_0094.png,4,0,103188,-69045,-5059,-641,-33230,206520,1
1215,train,estrela_0095,train/estrela/estrela_0095.png,4,0,97579,-35819,-17634,-4771,-25904,206520,1
1216,train,estrela_0096,train/estrela/estrela_0096.png,4,0,60325,-45550,-1919,-8421,-38797,206520,1
1217,train,estrela_0097,train/estrela/estrela_0097.png,4,0,107356,-57984,3860,8084,-38302,206520,1
1218,train,estrela_0098,train/estrela/estrela_0098.png,4,0,66846,-43097,6425,-74,-40152,206520,1
1219,train,estrela_0099,train/estrela/estrela_0099.png,4,0,91874,-43552,-27952,-7772,-34950,206520,1
1220,train,estrela_0100,train/estrela/estrela_0100.png,4,0,85453,-53197,4082,1059,-35776,206520,1
1221,train,estrela_0101,train/estrela/estrela_0101.png,4,0,85888,-42605,-609,-11885,-51062,206520,1
1222,train,estrela_0102,train/estrela/estrela_0102.png,4,0,44518,-42195,3633,-19912,-35469,206520,1
1223,train,estrela_0103,train/estrela/estrela_0103.png,4,0,89238,-59277,893,8051,-45683,206520,1
1224,train,estrela_0104,train/estrela/estrela_0104.png,4,0,90636,-54477,-12214,17142,-34537,206520,1
1225,train,estrela_0105,train/estrela/estrela_0105.png,4,0,83171,-49522,-16956,-758,-18777,206520,1
1226,train,estrela_0106,train/estrela/estrela_0106.png,4,0,103603,-56654,-14712,-728,-39216,206520,1
1227,train,estrela_0107,train/estrela/estrela_0107.png,4,0,86731,-52699,-8472,15653,-25928,206520,1
1228,train,estrela_0108,train/estrela/estrela_0108.png,4,0,77186,-52002,-5587,9808,-39713,206520,1
1229,train,estrela_0109,train/estrela/estrela_0109.png,4,0,53984,-36592,-3403,12703,-34279,206520,1
1230,train,estrela_0110,train/estrela/estrela_0110.png,4,0,78428,-35543,-13002,23452,-7881,206520,1
1231,train,estrela_0111,train/estrela/estrela_0111.png,4,0,67834,-32936,-12149,-3901,11156,206520,1
1232,train,estrela_0112,train/estrela/estrela_0112.png,4,0,60160,-70361,882,-18902,-49385,206520,1
1233,train,estrela_0113,train/estrela/estrela_0113.png,4,0,90622,-52848,1234,4644,-41703,206520,1
1234,train,estrela_0114,train/estrela/estrela_0114.png,4,0,56468,-51174,3447,-21927,-43899,206520,1
1235,train,estrela_0115,train/estrela/estrela_0115.png,4,0,100381,-50990,626,-8969,-33270,206520,1
1236,train,estrela_0116,train/estrela/estrela_0116.png,4,0,89115,-58266,2768,-959,-33535,206520,1
1237,train,estrela_0117,train/estrela/estrela_0117.png,4,0,64612,-49065,4689,-2910,-36625,206520,1
1238,train,estrela_0118,train/estrela/estrela_0118.png,4,0,56225,-42296,-2451,19955,-29582,206520,1
1239,train,estrela_0119,train/estrela/estrela_0119.png,4,0,75192,-31813,-2310,3115,-36603,206520,1
1240,train,estrela_0120,train/estrela/estrela_0120.png,4,0,61872,-41976,11278,-4653,-64960,206520,1
1241,train,estrela_0121,train/estrela/estrela_0121.png,4,0,72923,-67930,2008,-5652,-56093,206520,1
1242,train,estrela_0122,train/estrela/estrela_0122.png,4,0,106543,-37043,-18020,-1727,-984,206520,1
1243,train,estrela_0123,train/estrela/estrela_0123.png,4,0,59235,-42674,-478,-3001,-42323,206520,1
1244,train,estrela_0124,train/estrela/estrela_0124.png,4,0,61859,-45353,1813,14480,-28724,206520,1
1245,train,estrela_0125,train/estrela/estrela_0125.png,4,0,89459,-59812,-10068,5001,-28627,206520,1
1246,train,estrela_0126,train/estrela/estrela_0126.png,4,0,64455,-48874,3160,3139,-42904,206520,1
1247,train,estrela_0127,train/estrela/estrela_0127.png,4,0,79975,-50646,7040,-18934,-43109,206520,1
1248,train,estrela_0128,train/estrela/estrela_0128.png,4,0,89228,-53703,-6016,31077,-34706,206520,1
1249,train,estrela_0129,train/estrela/estrela_0129.png,4,0,107006,-76202,-6738,-9287,-46627,206520,1
1250,train,estrela_0130,train/estrela/estrela_0130.png,4,0,88070,-45731,-21309,16454,-20811,206520,1
1251,train,estrela_0131,train/estrela/estrela_0131.png,4,0,81069,-33266,-10255,9645,-4656,206520,1
1252,train,estrela_0132,train/estrela/estrela_0132.png,4,0,85378,-61898,-3130,-36988,-45588,206520,1
1253,train,estrela_0133,train/estrela/estrela_0133.png,4,0,97994,-70493,-11280,4602,-21385,206520,1
1254,train,estrela_0134,train/estrela/estrela_0134.png,4,0,86687,-33294,-13894,-6145,10785,206520,1
1255,train,estrela_0135,train/estrela/estrela_0135.png,4,0,72502,-40774,-4013,33379,-13294,206520,1
1256,train,estrela_0136,train/estrela/estrela_0136.png,4,0,110944,-81222,-9264,-6185,-24551,206520,1
1257,train,estrela_0137,train/estrela/estrela_0137.png,4,0,104658,-86505,-7468,-4942,-45741,206520,1
1258,train,estrela_0138,train/estrela/estrela_0138.png,4,0,93285,-39607,-18541,10851,-17804,206520,1
1259,train,estrela_0139,train/estrela/estrela_0139.png,4,0,84560,-39919,-2150,5228,-14447,206520,1
1260,train,estrela_0140,train/estrela/estrela_0140.png,4,0,103753,-72451,-3525,-2724,-32614,206520,1
1261,train,estrela_0141,train/estrela/estrela_0141.png,4,0,103684,-47531,-8397,-9592,-40254,206520,1
1262,train,estrela_0142,train/estrela/estrela_0142.png,4,0,75824,-36896,-5123,12009,-10006,206520,1
1263,train,estrela_0143,train/estrela/estrela_0143.png,4,0,84739,-65062,-9315,-970,-45925,206520,1
1264,train,estrela_0144,train/estrela/estrela_0144.png,4,0,63781,-49473,117,-5667,-38333,206520,1
1265,train,estrela_0145,train/estrela/estrela_0145.png,4,0,53751,-45496,11505,-12830,-43666,206520,1
1266,train,estrela_0146,train/estrela/estrela_0146.png,4,0,97363,-63042,-237,16237,-41870,206520,1
1267,train,estrela_0147,train/estrela/estrela_0147.png,4,0,101171,-44166,8690,14694,-39167,206520,1
1268,train,estrela_0148,train/estrela/estrela_0148.png,4,0,86318,-61449,-494,-19851,-48783,206520,1
1269,train,estrela_0149,train/estrela/estrela_0149.png,4,0,66034,-49689,4424,-4825,-46741,206520,1
1270,train,estrela_0150,train/estrela/estrela_0150.png,4,0,51137,-37099,-2338,23137,-34336,206520,1
1271,train,estrela_0151,train/estrela/estrela_0151.png,4,0,83783,-39190,1545,14345,-30811,206520,1
1272,train,estrela_0152,train/estrela/estrela_0152.png,4,0,75789,-35332,-11008,6095,-10274,206520,1
1273,train,estrela_0153,train/estrela/estrela_0153.png,4,0,77499,-35576,-12979,-5098,16115,206520,1
1274,train,estrela_0154,train/estrela/estrela_0154.png,4,0,88528,-43723,103,7095,-36709,206520,1
1275,train,estrela_0155,train/estrela/estrela_0155.png,4,0,52209,-61316,-2223,-33930,-48492,206520,1
1276,train,estrela_0156,train/estrela/estrela_0156.png,4,0,69685,-39074,5816,7919,-54488,206520,1
1277,train,estrela_0157,train/estrela/estrela_0157.png,4,0,114184,-77871,-1355,-7219,-43637,206520,1
1278,train,estrela_0158,train/estrela/estrela_0158.png,4,0,91189,-59801,-539,-11538,-35045,206520,1
1279,train,estrela_0159,train/estrela/estrela_0159.png,4,0,122934,-72310,11298,2469,-65637,206520,1
1280,train,estrela_0160,train/estrela/estrela_0160.png,4,0,86900,-39294,-432,-6931,-29011,206520,1
1281,train,estrela_0161,train/estrela/estrela_0161.png,4,0,83497,-53721,-1282,4798,-42747,206520,1
1282,train,estrela_0162,train/estrela/estrela_0162.png,4,0,104944,-65495,-1552,-4847,-49449,206520,1
1283,train,estrela_0163,train/estrela/estrela_0163.png,4,0,73045,-44741,3129,-6961,-41325,206520,1
1284,train,estrela_0164,train/estrela/estrela_0164.png,4,0,73919,-56740,-3249,1897,-48036,206520,1
1285,train,estrela_0165,train/estrela/estrela_0165.png,4,0,49455,-50241,15145,-21826,-58241,206520,1
1286,train,estrela_0166,train/estrela/estrela_0166.png,4,0,93619,-40437,-15358,-2768,-2316,206520,1
1287,train,estrela_0167,train/estrela/estrela_0167.png,4,0,88022,-44568,-26832,-875,-34744,206520,1
1288,train,estrela_0168,train/estrela/estrela_0168.png,4,0,97512,-47562,-14930,2180,5336,206520,1
1289,train,estrela_0169,train/estrela/estrela_0169.png,4,0,78147,-55178,-15088,11863,-29313,206520,1
1290,train,estrela_0170,train/estrela/estrela_0170.png,4,0,62428,-52006,3145,1186,-46790,206520,1
1291,train,estrela_0171,train/estrela/estrela_0171.png,4,0,90612,-42339,3707,7304,-34731,206520,1
1292,train,estrela_0172,train/estrela/estrela_0172.png,4,0,99705,-41934,-16814,-24485,-46128,206520,1
1293,train,estrela_0173,train/estrela/estrela_0173.png,4,0,76873,-38615,4439,11560,-24177,206520,1
1294,train,estrela_0174,train/estrela/estrela_0174.png,4,0,87326,-31725,-13395,152,-10444,206520,1
1295,train,estrela_0175,train/estrela/estrela_0175.png,4,0,71942,-47425,-3328,-6979,-35249,206520,1
1296,train,estrela_0176,train/estrela/estrela_0176.png,4,0,91504,-52111,7413,2334,-40464,206520,1
1297,train,estrela_0177,train/estrela/estrela_0177.png,4,0,118225,-64856,-1493,-20459,-42314,206520,1
1298,train,estrela_0178,train/estrela/estrela_0178.png,4,0,85696,-39798,-11769,14097,-11256,206520,1
1299,train,estrela_0179,train/estrela/estrela_0179.png,4,0,65817,-48006,15035,-7259,-51665,206520,1
1300,train,estrela_0180,train/estrela/estrela_0180.png,4,0,78735,-32993,-20941,9612,-716,206520,1
1301,train,estrela_0181,train/estrela/estrela_0181.png,4,0,66723,-36651,-585,11893,-44336,206520,1
1302,train,estrela_0182,train/estrela/estrela_0182.png,4,0,86867,-64472,3594,-17740,-70722,206520,1
1303,train,estrela_0183,train/estrela/estrela_0183.png,4,0,68794,-1283,10783,8617,-38127,206520,1
1304,train,estrela_0184,train/estrela/estrela_0184.png,4,0,83727,-49796,13518,-15852,-47607,206520,1
1305,train,estrela_0185,train/estrela/estrela_0185.png,4,0,83928,-53978,4639,-7853,-57606,206520,1
1306,train,estrela_0186,train/estrela/estrela_0186.png,4,0,89499,-61634,-7947,-12241,-35188,206520,1
1307,train,estrela_0187,train/estrela/estrela_0187.png,4,0,106046,-77674,-7148,-7234,-37448,206520,1
1308,train,estrela_0188,train/estrela/estrela_0188.png,4,0,89809,-52843,-3032,-37293,-48558,206520,1
1309,train,estrela_0189,train/estrela/estrela_0189.png,4,0,82839,-58979,-8050,19517,-46425,206520,1
1310,train,estrela_0190,train/estrela/estrela_0190.png,4,0,84329,-69123,3380,-14559,-65437,206520,1
1311,train,estrela_0191,train/estrela/estrela_0191.png,4,0,63362,-35826,-5152,-7380,-29763,206520,1
1312,train,estrela_0192,train/estrela/estrela_0192.png,4,0,80500,-54901,9841,-35521,-45019,206520,1
1313,train,estrela_0193,train/estrela/estrela_0193.png,4,0,40877,-41975,8425,-25954,-40285,206520,1
1314,train,estrela_0194,train/estrela/estrela_0194.png,4,0,88069,-51545,1091,1244,-32144,206520,1
1315,train,estrela_0195,train/estrela/estrela_0195.png,4,0,93450,-42148,-1299,9793,-35396,206520,1
1316,train,estrela_0196,train/estrela/estrela_0196.png,4,0,70574,-50064,1392,-6546,-48539,206520,1
1317,train,estrela_0197,train/estrela/estrela_0197.png,4,0,78022,-36394,-1357,-15483,-34261,206520,1
1318,train,estrela_0198,train/estrela/estrela_0198.png,4,0,73653,-50085,3381,-4976,-48323,206520,1
1319,train,estrela_0199,train/estrela/estrela_0199.png,4,0,93884,-66216,9122,-3303,-46985,206520,1
1320,train,estrela_0200,train/estrela/estrela_0200.png,4,0,95804,-38029,-6220,20230,-11512,206520,1
1321,train,estrela_0201,train/estrela/estrela_0201.png,4,0,79009,-25970,-14351,-4215,9581,206520,1
1322,train,estrela_0202,train/estrela/estrela_0202.png,4,0,94996,-58066,-22189,-9893,-39627,206520,1
1323,train,estrela_0203,train/estrela/estrela_0203.png,4,0,55334,-45462,-2214,2852,-46944,206520,1
1324,train,estrela_0204,train/estrela/estrela_0204.png,4,0,116053,-84613,-3374,-2514,-32411,206520,1
1325,train,estrela_0205,train/estrela/estrela_0205.png,4,0,88916,-54756,-9276,1302,-20726,206520,1
1326,train,estrela_0206,train/estrela/estrela_0206.png,4,0,110988,-57944,6717,-7255,-61658,206520,1
1327,train,estrela_0207,train/estrela/estrela_0207.png,4,0,108824,-66113,-18901,-13975,-46607,206520,1
1328,train,estrela_0208,train/estrela/estrela_0208.png,4,0,107720,-66060,6750,3117,-40506,206520,1
1329,train,estrela_0209,train/estrela/estrela_0209.png,4,0,67568,-49863,11805,-10581,-37217,206520,1
1330,train,estrela_0210,train/estrela/estrela_0210.png,4,0,100358,-48181,-8746,-3007,-31702,206520,1
1331,train,estrela_0211,train/estrela/estrela_0211.png,4,0,89913,-34622,-12387,3898,-2906,206520,1
1332,train,estrela_0212,train/estrela/estrela_0212.png,4,0,92738,-65378,-9868,-23451,-51043,206520,1
1333,train,estrela_0213,train/estrela/estrela_0213.png,4,0,84619,-41310,-21272,-2726,-6061,206520,1
1334,train,estrela_0214,train/estrela/estrela_0214.png,4,0,87612,-54669,-16152,3584,-24135,206520,1
1335,train,estrela_0215,train/estrela/estrela_0215.png,4,0,82269,-36232,-13479,15628,-15268,206520,1
1336,train,estrela_0216,train/estrela/estrela_0216.png,4,0,74897,-61320,4903,-9471,-58450,206520,1
1337,train,estrela_0217,train/estrela/estrela_0217.png,4,0,40517,-35583,12432,-18354,-37689,206520,1
1338,train,estrela_0218,train/estrela/estrela_0218.png,4,0,112604,-79117,2340,15559,-37674,206520,1
1339,train,estrela_0219,train/estrela/estrela_0219.png,4,0,62510,-28171,10037,-1335,-52977,206520,1
1340,train,estrela_0220,train/estrela/estrela_0220.png,4,0,35906,-40820,9589,-24597,-41279,206520,1
1341,train,estrela_0221,train/estrela/estrela_0221.png,4,0,116066,-51091,-2481,-18413,-44019,206520,1
1342,train,estrela_0222,train/estrela/estrela_0222.png,4,0,102701,-56548,-24078,-17649,-38564,206520,1
1343,train,estrela_0223,train/estrela/estrela_0223.png,4,0,100470,-37599,-460,13802,-19071,206520,1
1344,train,estrela_0224,train/estrela/estrela_0224.png,4,0,97974,-59200,-437,-82,-30159,206520,1
1345,train,estrela_0225,train/estrela/estrela_0225.png,4,0,66510,-39170,-799,14520,-27460,206520,1
1346,train,estrela_0226,train/estrela/estrela_0226.png,4,0,92766,-50691,-23581,7201,-14974,206520,1
1347,train,estrela_0227,train/estrela/estrela_0227.png,4,0,106837,-70530,5357,-19425,-43788,206520,1
1348,train,estrela_0228,train/estrela/estrela_0228.png,4,0,51130,-19247,4629,3510,-41653,206520,1
1349,train,estrela_0229,train/estrela/estrela_0229.png,4,0,64935,-53552,21501,-3356,-55964,206520,1
1350,train,estrela_0230,train/estrela/estrela_0230.png,4,0,88372,-56037,1242,-12948,-36574,206520,1
1351,train,estrela_0231,train/estrela/estrela_0231.png,4,0,90705,-64614,17808,-19684,-45606,206520,1
1352,train,estrela_0232,train/estrela/estrela_0232.png,4,0,66621,-39637,-3709,-7049,-36437,206520,1
1353,train,estrela_0233,train/estrela/estrela_0233.png,4,0,99589,-36254,-5316,6572,-21048,206520,1
1354,train,estrela_0234,train/estrela/estrela_0234.png,4,0,80032,-55918,-2698,-1277,-35101,206520,1
1355,train,estrela_0235,train/estrela/estrela_0235.png,4,0,107230,-38327,-13928,-5715,-22868,206520,1
1356,train,estrela_0236,train/estrela/estrela_0236.png,4,0,79674,-37801,9757,1873,-34645,206520,1
1357,train,estrela_0237,train/estrela/estrela_0237.png,4,0,99769,-36100,-5611,-17480,-41439,206520,1
1358,train,estrela_0238,train/estrela/estrela_0238.png,4,0,90974,-58338,-2266,15902,-39466,206520,1
1359,train,estrela_0239,train/estrela/estrela_0239.png,4,0,67185,-25399,-5565,28131,-32831,206520,1
1360,train,estrela_0240,train/estrela/estrela_0240.png,4,0,69855,-38017,53,-15404,-32251,206520,1
1361,train,estrela_0241,train/estrela/estrela_0241.png,4,0,72814,-32550,-1784,14167,-11698,206520,1
1362,train,estrela_0242,train/estrela/estrela_0242.png,4,0,58331,-32558,17751,-19374,-65559,206520,1
1363,train,estrela_0243,train/estrela/estrela_0243.png,4,0,66886,-62807,-3284,-10150,-55063,206520,1
1364,train,estrela_0244,train/estrela/estrela_0244.png,4,0,49910,-36249,182,27070,-36930,206520,1
1365,train,estrela_0245,train/estrela/estrela_0245.png,4,0,74892,-35259,-6635,11991,-9179,206520,1
1366,train,estrela_0246,train/estrela/estrela_0246.png,4,0,75297,-33838,-9340,5666,-11503,206520,1
1367,train,estrela_0247,train/estrela/estrela_0247.png,4,0,58466,-39956,-481,4395,-46396,206520,1
1368,train,estrela_0248,train/estrela/estrela_0248.png,4,0,104285,-46627,-19617,-7242,-19537,206520,1
1369,train,estrela_0249,train/estrela/estrela_0249.png,4,0,98211,-51871,1722,8607,-11361,206520,1
1370,train,estrela_0250,train/estrela/estrela_0250.png,4,0,84457,-42853,-22283,-13963,-27972,206520,1
1371,train,estrela_0251,train/estrela/estrela_0251.png,4,0,106515,-53242,1111,5079,-30406,206520,1
1372,train,estrela_0252,train/estrela/estrela_0252.png,4,0,92506,-52875,8306,12762,-22249,206520,1
1373,train,estrela_0253,train/estrela/estrela_0253.png,4,0,91063,-59847,-1784,-3576,-44271,206520,1
1374,train,estrela_0254,train/estrela/estrela_0254.png,4,0,56282,-47283,-1025,-9539,-49193,206520,1
1375,train,estrela_0255,train/estrela/estrela_0255.png,4,0,94419,-60718,-2223,-31527,-54966,206520,1
1376,train,estrela_0256,train/estrela/estrela_0256.png,4,0,90385,-36002,-16736,11763,2951,206520,1
1377,train,estrela_0257,train/estrela/estrela_0257.png,4,0,76049,-70332,-1014,-22532,-68043,206520,1
1378,train,estrela_0258,train/estrela/estrela_0258.png,4,0,58806,-26661,9105,523,-49407,206520,1
1379,train,estrela_0259,train/estrela/estrela_0259.png,4,0,108693,-70920,-2735,15410,-31669,206520,1
1380,train,estrela_0260,train/estrela/estrela_0260.png,4,0,72965,-36065,-10205,4754,-23657,206520,1
1381,train,estrela_0261,train/estrela/estrela_0261.png,4,0,81655,-45271,-19454,16148,-25972,206520,1
1382,train,estrela_0262,train/estrela/estrela_0262.png,4,0,119890,-51499,-9450,-19947,-60667,206520,1
1383,train,estrela_0263,train/estrela/estrela_0263.png,4,0,91866,-59363,607,108,-43402,206520,1
1384,train,estrela_0264,train/estrela/estrela_0264.png,4,0,80551,-51214,-1600,19810,-36583,206520,1
1385,train,estrela_0265,train/estrela/estrela_0265.png,4,0,79786,-36877,-8891,8556,-23861,206520,1
1386,train,estrela_0266,train/estrela/estrela_0266.png,4,0,84896,-37308,2411,4498,-21255,206520,1
1387,train,estrela_0267,train/estrela/estrela_0267.png,4,0,78861,-55254,1386,3614,-35885,206520,1
1388,train,estrela_0268,train/estrela/estrela_0268.png,4,0,70562,-31842,-22666,7325,-11063,206520,1
1389,train,estrela_0269,train/estrela/estrela_0269.png,4,0,98848,-77113,-11089,-11693,-48177,206520,1
1390,train,estrela_0270,train/estrela/estrela_0270.png,4,0,52183,-56980,-7476,-24396,-48247,206520,1
1391,train,estrela_0271,train/estrela/estrela_0271.png,4,0,98768,-37870,-15418,2134,-19087,206520,1
1392,train,estrela_0272,train/estrela/estrela_0272.png,4,0,79845,-33019,-11838,-4260,-27225,206520,1
1393,train,estrela_0273,train/estrela/estrela_0273.png,4,0,81157,-36468,-22184,101,3765,206520,1
1394,train,estrela_0274,train/estrela/estrela_0274.png,4,0,71356,-22695,6849,8582,-49014,206520,1
1395,train,estrela_0275,train/estrela/estrela_0275.png,4,0,110003,-70103,2235,1427,-57886,206520,1
1396,train,estrela_0276,train/estrela/estrela_0276.png,4,0,62816,-55732,22510,-14041,-51468,206520,1
1397,train,estrela_0277,train/estrela/estrela_0277.png,4,0,86177,-60428,-7516,2149,-44641,206520,1
1398,train,estrela_0278,train/estrela/estrela_0278.png,4,0,66300,-42546,-775,18130,-28530,206520,1
1399,train,estrela_0279,train/estrela/estrela_0279.png,4,0,68052,-54563,12960,-7419,-59110,206520,1
1400,val,circulo_0000,val/circulo/circulo_0000.png,0,0,112616,-65123,-13585,-23319,-34599,206520,1
1401,val,circulo_0001,val/circulo/circulo_0001.png,0,0,79714,-47430,-10901,-8750,-15566,206520,1
1402,val,circulo_0002,val/circulo/circulo_0002.png,0,0,97822,-62941,-13814,-3530,-34861,206520,1
1403,val,circulo_0003,val/circulo/circulo_0003.png,0,0,93906,-64394,-15391,-20263,-24676,206520,1
1404,val,circulo_0004,val/circulo/circulo_0004.png,0,0,91563,-65770,-20085,-25828,-33080,206520,1
1405,val,circulo_0005,val/circulo/circulo_0005.png,0,0,81364,-51360,-10998,-24768,-24178,206520,1
1406,val,circulo_0006,val/circulo/circulo_0006.png,0,0,103085,-68451,-14353,-28361,-34381,206520,1
1407,val,circulo_0007,val/circulo/circulo_0007.png,0,0,90975,-73989,-22283,-16686,-41118,206520,1
1408,val,circulo_0008,val/circulo/circulo_0008.png,0,0,80299,-47988,3398,-12131,-31560,206520,1
1409,val,circulo_0009,val/circulo/circulo_0009.png,0,0,109243,-47417,-7945,-17980,-27502,206520,1
1410,val,circulo_0010,val/circulo/circulo_0010.png,0,0,72983,-53574,-5895,-803,-38005,206520,1
1411,val,circulo_0011,val/circulo/circulo_0011.png,0,0,86209,-55755,-15588,-17735,-18422,206520,1
1412,val,circulo_0012,val/circulo/circulo_0012.png,0,0,80934,-60976,-6205,-3381,-41754,206520,1
1413,val,circulo_0013,val/circulo/circulo_0013.png,0,0,81480,-65769,-2227,-15205,-33942,206520,1
1414,val,circulo_0014,val/circulo/circulo_0014.png,0,0,87393,-52452,-11945,-21058,-27952,206520,1
1415,val,circulo_0015,val/circulo/circulo_0015.png,0,0,77184,-49780,-12611,-4633,-24203,206520,1
1416,val,circulo_0016,val/circulo/circulo_0016.png,0,0,84730,-43631,-2167,33271,-28928,206520,1
1417,val,circulo_0017,val/circulo/circulo_0017.png,0,0,72549,-66571,7323,-15157,-51692,206520,1
1418,val,circulo_0018,val/circulo/circulo_0018.png,0,0,82881,-68269,8048,-15711,-50128,206520,1
1419,val,circulo_0019,val/circulo/circulo_0019.png,0,0,84218,-54552,-13749,-15194,-19895,206520,1
1420,val,circulo_0020,val/circulo/circulo_0020.png,0,0,115474,-67193,-13146,-30138,-37358,206520,1
1421,val,circulo_0021,val/circulo/circulo_0021.png,0,0,90630,-53927,-9849,-19650,-35262,206520,1
1422,val,circulo_0022,val/circulo/circulo_0022.png,0,0,79832,-55964,-17589,-19754,-34558,206520,1
1423,val,circulo_0023,val/circulo/circulo_0023.png,0,0,100409,-73245,-18583,-20222,-34881,206520,1
1424,val,circulo_0024,val/circulo/circulo_0024.png,0,0,83152,-73545,-22461,-19359,-39771,206520,1
1425,val,circulo_0025,val/circulo/circulo_0025.png,0,0,75018,-61994,-36,3904,-52585,206520,1
1426,val,circulo_0026,val/circulo/circulo_0026.png,0,0,60138,-61443,1789,-8027,-44075,206520,1
1427,val,circulo_0027,val/circulo/circulo_0027.png,0,0,94565,-55134,-11171,-23631,-31950,206520,1
1428,val,circulo_0028,val/circulo/circulo_0028.png,0,0,89066,-48613,2060,-16948,-31306,206520,1
1429,val,circulo_0029,val/circulo/circulo_0029.png,0,0,122010,-54579,-1176,-21143,-31984,206520,1
1430,val,circulo_0030,val/circulo/circulo_0030.png,0,0,86722,-56860,-12454,-5191,-29506,206520,1
1431,val,circulo_0031,val/circulo/circulo_0031.png,0,0,105946,-50904,-3779,-13457,-40517,206520,1
1432,val,circulo_0032,val/circulo/circulo_0032.png,0,0,74073,-61345,-19726,-14846,-32046,206520,1
1433,val,circulo_0033,val/circulo/circulo_0033.png,0,0,76504,-61184,-14218,-12479,-41090,206520,1
1434,val,circulo_0034,val/circulo/circulo_0034.png,0,0,78716,-49047,-5664,17990,-27172,206520,1
1435,val,circulo_0035,val/circulo/circulo_0035.png,0,0,112213,-53749,-5491,-13146,-35201,206520,1
1436,val,circulo_0036,val/circulo/circulo_0036.png,0,0,107261,-44548,6425,-13316,-39006,206520,1
1437,val,circulo_0037,val/circulo/circulo_0037.png,0,0,115263,-28546,-7455,3562,-27230,206520,1
1438,val,circulo_0038,val/circulo/circulo_0038.png,0,0,101196,-70890,-18973,-20209,-28093,206520,1
1439,val,circulo_0039,val/circulo/circulo_0039.png,0,0,72513,-41622,-3245,-8334,-35048,206520,1
1440,val,circulo_0040,val/circulo/circulo_0040.png,0,0,77037,-49576,-19881,-9223,-19718,206520,1
1441,val,circulo_0041,val/circulo/circulo_0041.png,0,0,103097,-66074,-12313,-26223,-33943,206520,1
1442,val,circulo_0042,val/circulo/circulo_0042.png,0,0,87490,-60261,-15572,-14019,-30051,206520,1
1443,val,circulo_0043,val/circulo/circulo_0043.png,0,0,99258,-68663,-20716,-25054,-30929,206520,1
1444,val,circulo_0044,val/circulo/circulo_0044.png,0,0,96664,-61961,-19477,-21506,-25774,206520,1
1445,val,circulo_0045,val/circulo/circulo_0045.png,0,0,107570,-76796,-16840,-28990,-34614,206520,1
1446,val,circulo_0046,val/circulo/circulo_0046.png,0,0,89595,-61287,-13966,-24437,-33865,206520,1
1447,val,circulo_0047,val/circulo/circulo_0047.png,0,0,82867,-53016,-17878,-13055,-17789,206520,1
1448,val,circulo_0048,val/circulo/circulo_0048.png,0,0,95587,-76012,-14768,-26096,-58067,206520,1
1449,val,circulo_0049,val/circulo/circulo_0049.png,0,0,83945,-39751,-14889,-3914,-3444,206520,1
1450,val,circulo_0050,val/circulo/circulo_0050.png,0,0,103753,-64951,-12936,-20031,-35522,206520,1
1451,val,circulo_0051,val/circulo/circulo_0051.png,0,0,85305,-64719,-9463,-8458,-25460,206520,1
1452,val,circulo_0052,val/circulo/circulo_0052.png,0,0,102672,-70058,-11613,-34127,-37603,206520,1
1453,val,circulo_0053,val/circulo/circulo_0053.png,0,0,79566,-58799,-2091,3437,-40861,206520,1
1454,val,circulo_0054,val/circulo/circulo_0054.png,0,0,95448,-67187,-15491,-25650,-27080,206520,1
1455,val,circulo_0055,val/circulo/circulo_0055.png,0,0,83313,-49559,-16642,-8276,-12544,206520,1
1456,val,circulo_0056,val/circulo/circulo_0056.png,0,0,75740,-53195,1597,-6965,-37378,206520,1
1457,val,circulo_0057,val/circulo/circulo_0057.png,0,0,85933,-62366,-15778,-13268,-32009,206520,1
1458,val,circulo_0058,val/circulo/circulo_0058.png,0,0,98818,-59666,-20179,-11807,-25722,206520,1
1459,val,circulo_0059,val/circulo/circulo_0059.png,0,0,95086,-55528,-6330,-20091,-40168,206520,1
1460,val,quadrado_0000,val/quadrado/quadrado_0000.png,1,0,93467,-57127,-12964,-19718,-35318,206520,1
1461,val,quadrado_0001,val/quadrado/quadrado_0001.png,1,0,78854,-59567,-191,-8858,-51420,206520,1
1462,val,quadrado_0002,val/quadrado/quadrado_0002.png,1,0,85014,-56856,-15971,-10826,-43523,206520,1
1463,val,quadrado_0003,val/quadrado/quadrado_0003.png,1,0,79235,-69004,3072,-1172,-51383,206520,1
1464,val,quadrado_0004,val/quadrado/quadrado_0004.png,1,0,98733,-46970,2178,-8003,-46106,206520,1
1465,val,quadrado_0005,val/quadrado/quadrado_0005.png,1,0,81864,-61201,7877,-15544,-57137,206520,1
1466,val,quadrado_0006,val/quadrado/quadrado_0006.png,1,0,57534,-47320,-1138,-4449,-46291,206520,1
1467,val,quadrado_0007,val/quadrado/quadrado_0007.png,1,0,85426,-61918,5392,-27290,-42750,206520,1
1468,val,quadrado_0008,val/quadrado/quadrado_0008.png,1,0,88092,-47861,-8413,-5097,-32592,206520,1
1469,val,quadrado_0009,val/quadrado/quadrado_0009.png,1,0,79413,-46344,-10688,8775,-29379,206520,1
1470,val,quadrado_0010,val/quadrado/quadrado_0010.png,1,0,103259,-53253,656,-13122,-40002,206520,1
1471,val,quadrado_0011,val/quadrado/quadrado_0011.png,1,0,80291,-67143,-15378,-311,-47714,206520,1
1472,val,quadrado_0012,val/quadrado/quadrado_0012.png,1,0,87588,-57446,-13551,-24575,-31037,206520,1
1473,val,quadrado_0013,val/quadrado/quadrado_0013.png,1,0,95540,-59841,-7486,-5619,-49593,206520,1
1474,val,quadrado_0014,val/quadrado/quadrado_0014.png,1,0,88409,-41933,-12198,-7125,-17843,206520,1
1475,val,quadrado_0015,val/quadrado/quadrado_0015.png,1,0,90893,-52014,-7996,-18643,-40188,206520,1
1476,val,quadrado_0016,val/quadrado/quadrado_0016.png,1,0,115060,-68126,-5513,-16491,-44835,206520,1
1477,val,quadrado_0017,val/quadrado/quadrado_0017.png,1,0,91684,-27081,899,-5186,-29655,206520,1
1478,val,quadrado_0018,val/quadrado/quadrado_0018.png,1,0,103694,-55367,-12130,-7292,-52879,206520,1
1479,val,quadrado_0019,val/quadrado/quadrado_0019.png,1,0,102302,-50654,221,-13875,-36608,206520,1
1480,val,quadrado_0020,val/quadrado/quadrado_0020.png,1,0,69274,-52376,1046,-16294,-43916,206520,1
1481,val,quadrado_0021,val/quadrado/quadrado_0021.png,1,0,89542,-59463,-8855,12081,-41493,206520,1
1482,val,quadrado_0022,val/quadrado/quadrado_0022.png,1,0,72302,-35671,-12643,-3110,3500,206520,1
1483,val,quadrado_0023,val/quadrado/quadrado_0023.png,1,0,90923,-70894,-132,-7481,-46755,206520,1
1484,val,quadrado_0024,val/quadrado/quadrado_0024.png,1,0,64076,-53200,917,5549,-37542,206520,1
1485,val,quadrado_0025,val/quadrado/quadrado_0025.png,1,0,77497,-36668,-7114,15629,-9402,206520,1
1486,val,quadrado_0026,val/quadrado/quadrado_0026.png,1,0,88880,-51629,-3718,-9527,-35984,206520,1
1487,val,quadrado_0027,val/quadrado/quadrado_0027.png,1,0,91118,-46454,-1020,-8640,-38936,206520,1
1488,val,quadrado_0028,val/quadrado/quadrado_0028.png,1,0,87503,-56268,-11713,18674,-34557,206520,1
1489,val,quadrado_0029,val/quadrado/quadrado_0029.png,1,0,115038,-62225,-5090,-19674,-44401,206520,1
1490,val,quadrado_0030,val/quadrado/quadrado_0030.png,1,0,81004,-61585,5534,-7923,-48440,206520,1
1491,val,quadrado_0031,val/quadrado/quadrado_0031.png,1,0,90733,-35239,-9059,1606,-8212,206520,1
1492,val,quadrado_0032,val/quadrado/quadrado_0032.png,1,0,81787,-59645,-18392,-14820,-35108,206520,1
1493,val,quadrado_0033,val/quadrado/quadrado_0033.png,1,0,86506,-47856,2670,-4040,-29362,206520,1
1494,val,quadrado_0034,val/quadrado/quadrado_0034.png,1,0,81011,-59072,-621,4087,-42083,206520,1
1495,val,quadrado_0035,val/quadrado/quadrado_0035.png,1,0,89393,-48880,-512,-13754,-26800,206520,1
1496,val,quadrado_0036,val/quadrado/quadrado_0036.png,1,0,85362,-68258,-10968,-2074,-41494,206520,1
1497,val,quadrado_0037,val/quadrado/quadrado_0037.png,1,0,57600,-44938,2032,-17542,-59151,206520,1
1498,val,quadrado_0038,val/quadrado/quadrado_0038.png,1,0,78953,-44451,-12607,13310,-22311,206520,1
1499,val,quadrado_0039,val/quadrado/quadrado_0039.png,1,0,90627,-51480,-10510,-22739,-32062,206520,1
1500,val,quadrado_0040,val/quadrado/quadrado_0040.png,1,0,73579,-63316,5867,10633,-50549,206520,1
1501,val,quadrado_0041,val/quadrado/quadrado_0041.png,1,0,95594,-41454,-5445,23399,-26279,206520,1
1502,val,quadrado_0042,val/quadrado/quadrado_0042.png,1,0,105301,-72506,-18458,-21561,-44381,206520,1
1503,val,quadrado_0043,val/quadrado/quadrado_0043.png,1,0,76974,-49982,-10276,2860,-33986,206520,1
1504,val,quadrado_0044,val/quadrado/quadrado_0044.png,1,0,96389,-43900,-7454,12310,-36100,206520,1
1505,val,quadrado_0045,val/quadrado/quadrado_0045.png,1,0,96493,-41913,-4055,15840,-21499,206520,1
1506,val,quadrado_0046,val/quadrado/quadrado_0046.png,1,0,101856,-63837,-3649,-1582,-42919,206520,1
1507,val,quadrado_0047,val/quadrado/quadrado_0047.png,1,0,95674,-66027,-19259,-11088,-28829,206520,1
1508,val,quadrado_0048,val/quadrado/quadrado_0048.png,1,0,125413,-69155,582,-37433,-35346,206520,1
1509,val,quadrado_0049,val/quadrado/quadrado_0049.png,1,0,94138,-60109,1478,-6513,-47849,206520,1
1510,val,quadrado_0050,val/quadrado/quadrado_0050.png,1,0,73585,-57709,-7652,-1711,-34878,206520,1
1511,val,quadrado_0051,val/quadrado/quadrado_0051.png,1,0,112351,-52699,126,-5745,-51079,206520,1
1512,val,quadrado_0052,val/quadrado/quadrado_0052.png,1,0,84101,-59204,-12307,5509,-38376,206520,1
1513,val,quadrado_0053,val/quadrado/quadrado_0053.png,1,0,91946,-32371,3947,-9277,-23547,206520,1
1514,val,quadrado_0054,val/quadrado/quadrado_0054.png,1,0,83218,-61843,-16356,-3464,-29857,206520,1
1515,val,quadrado_0055,val/quadrado/quadrado_0055.png,1,0,108856,-43149,2530,-4672,-44152,206520,1
1516,val,quadrado_0056,val/quadrado/quadrado_0056.png,1,0,70258,-49956,-5207,15985,-30654,206520,1
1517,val,quadrado_0057,val/quadrado/quadrado_0057.png,1,0,117745,-68388,-3783,-24805,-46798,206520,1
1518,val,quadrado_0058,val/quadrado/quadrado_0058.png,1,0,75949,-41492,-4809,19800,-14907,206520,1
1519,val,quadrado_0059,val/quadrado/quadrado_0059.png,1,0,93508,-33931,-9953,3532,-2683,206520,1
1520,val,triangulo_0000,val/triangulo/triangulo_0000.png,2,0,86721,-64805,520,-1998,-31749,206520,1
1521,val,triangulo_0001,val/triangulo/triangulo_0001.png,2,0,59794,-30348,1962,4968,-46540,206520,1
1522,val,triangulo_0002,val/triangulo/triangulo_0002.png,2,0,35387,-42655,726,-8634,-50033,206520,1
1523,val,triangulo_0003,val/triangulo/triangulo_0003.png,2,0,90653,-52665,-3440,19032,-44969,206520,1
1524,val,triangulo_0004,val/triangulo/triangulo_0004.png,2,0,87251,-67892,-832,-3232,-37799,206520,1
1525,val,triangulo_0005,val/triangulo/triangulo_0005.png,2,0,75632,-66510,4519,8991,-50339,206520,1
1526,val,triangulo_0006,val/triangulo/triangulo_0006.png,2,0,61080,-53235,5535,12517,-56751,206520,1
1527,val,triangulo_0007,val/triangulo/triangulo_0007.png,2,0,57810,-48523,9113,-7317,-54608,206520,1
1528,val,triangulo_0008,val/triangulo/triangulo_0008.png,2,0,93978,-58722,13523,-3934,-55124,206520,1
1529,val,triangulo_0009,val/triangulo/triangulo_0009.png,2,0,59157,-45175,7861,-17337,-51292,206520,1
1530,val,triangulo_0010,val/triangulo/triangulo_0010.png,2,0,69790,-58546,-3255,2934,-38417,206520,1
1531,val,triangulo_0011,val/triangulo/triangulo_0011.png,2,0,79889,-45153,8430,3750,-40287,206520,1
1532,val,triangulo_0012,val/triangulo/triangulo_0012.png,2,0,66693,-33830,7831,3401,-48536,206520,1
1533,val,triangulo_0013,val/triangulo/triangulo_0013.png,2,0,80667,-39657,-10449,9803,8271,206520,1
1534,val,triangulo_0014,val/triangulo/triangulo_0014.png,2,0,74005,-45159,-5034,13258,-35059,206520,1
1535,val,triangulo_0015,val/triangulo/triangulo_0015.png,2,0,40905,-41276,9812,-26108,-36874,206520,1
1536,val,triangulo_0016,val/triangulo/triangulo_0016.png,2,0,88939,-34626,-4920,5801,12854,206520,1
1537,val,triangulo_0017,val/triangulo/triangulo_0017.png,2,0,68817,-57426,-236,-9808,-40102,206520,1
1538,val,triangulo_0018,val/triangulo/triangulo_0018.png,2,0,65355,-32885,-2043,19254,-35641,206520,1
1539,val,triangulo_0019,val/triangulo/triangulo_0019.png,2,0,71824,-55718,-9057,-1351,-26474,206520,1
1540,val,triangulo_0020,val/triangulo/triangulo_0020.png,2,0,63997,-42883,-4467,-10006,-42658,206520,1
1541,val,triangulo_0021,val/triangulo/triangulo_0021.png,2,0,54801,-52380,-5373,-19440,-51198,206520,1
1542,val,triangulo_0022,val/triangulo/triangulo_0022.png,2,0,47348,-52388,22582,-13695,-52484,206520,1
1543,val,triangulo_0023,val/triangulo/triangulo_0023.png,2,0,60866,-42898,5874,6718,-44659,206520,1
1544,val,triangulo_0024,val/triangulo/triangulo_0024.png,2,0,81355,-31648,-11387,29025,-15719,206520,1
1545,val,triangulo_0025,val/triangulo/triangulo_0025.png,2,0,84990,-36047,-7533,21229,-8719,206520,1
1546,val,triangulo_0026,val/triangulo/triangulo_0026.png,2,0,61445,-60282,9931,-11118,-53308,206520,1
1547,val,triangulo_0027,val/triangulo/triangulo_0027.png,2,0,76111,-58264,3173,-19656,-65700,206520,1
1548,val,triangulo_0028,val/triangulo/triangulo_0028.png,2,0,52643,-56075,10231,-3219,-70816,206520,1
1549,val,triangulo_0029,val/triangulo/triangulo_0029.png,2,0,85233,-60468,22185,-4827,-71331,206520,1
1550,val,triangulo_0030,val/triangulo/triangulo_0030.png,2,0,77434,-40426,3682,9306,-17695,206520,1
1551,val,triangulo_0031,val/triangulo/triangulo_0031.png,2,0,83320,-46938,-2037,11482,-38441,206520,1
1552,val,triangulo_0032,val/triangulo/triangulo_0032.png,2,0,85501,-26605,-16641,13813,3273,206520,1
1553,val,triangulo_0033,val/triangulo/triangulo_0033.png,2,0,101745,-56920,-7819,16379,-13667,206520,1
1554,val,triangulo_0034,val/triangulo/triangulo_0034.png,2,0,92730,-51142,3791,2900,-40279,206520,1
1555,val,triangulo_0035,val/triangulo/triangulo_0035.png,2,0,57146,-57331,8070,-9758,-56053,206520,1
1556,val,triangulo_0036,val/triangulo/triangulo_0036.png,2,0,77365,-49705,-6222,20758,-38288,206520,1
1557,val,triangulo_0037,val/triangulo/triangulo_0037.png,2,0,69892,-63849,-515,-12274,-59481,206520,1
1558,val,triangulo_0038,val/triangulo/triangulo_0038.png,2,0,80517,-34424,-13886,-15380,20151,206520,1
1559,val,triangulo_0039,val/triangulo/triangulo_0039.png,2,0,74152,-54101,1262,1492,-21310,206520,1
1560,val,triangulo_0040,val/triangulo/triangulo_0040.png,2,0,73775,-27418,-4373,5820,10055,206520,1
1561,val,triangulo_0041,val/triangulo/triangulo_0041.png,2,0,74767,-29765,-11725,-5234,10188,206520,1
1562,val,triangulo_0042,val/triangulo/triangulo_0042.png,2,0,93686,-40665,-6035,21870,-37865,206520,1
1563,val,triangulo_0043,val/triangulo/triangulo_0043.png,2,0,70938,-27605,-2269,18371,6695,206520,1
1564,val,triangulo_0044,val/triangulo/triangulo_0044.png,2,0,84326,-62312,-14556,-14275,-42909,206520,1
1565,val,triangulo_0045,val/triangulo/triangulo_0045.png,2,0,67480,-42234,-7547,11855,-56596,206520,1
1566,val,triangulo_0046,val/triangulo/triangulo_0046.png,2,0,90444,-46093,-3756,-7107,-12583,206520,1
1567,val,triangulo_0047,val/triangulo/triangulo_0047.png,2,0,79333,-26800,-8733,-3902,17683,206520,1
1568,val,triangulo_0048,val/triangulo/triangulo_0048.png,2,0,111065,-60966,13313,-16398,-58771,206520,1
1569,val,triangulo_0049,val/triangulo/triangulo_0049.png,2,0,68833,-31902,-4281,24216,-26683,206520,1
1570,val,triangulo_0050,val/triangulo/triangulo_0050.png,2,0,103697,-42989,3562,-19363,-43027,206520,1
1571,val,triangulo_0051,val/triangulo/triangulo_0051.png,2,0,91126,-38722,-12331,12213,15219,206520,1
1572,val,triangulo_0052,val/triangulo/triangulo_0052.png,2,0,75709,-54092,4639,511,-42243,206520,1
1573,val,triangulo_0053,val/triangulo/triangulo_0053.png,2,0,68359,-43802,615,31153,-46232,206520,1
1574,val,triangulo_0054,val/triangulo/triangulo_0054.png,2,0,58029,-55345,18994,-27285,-57766,206520,1
1575,val,triangulo_0055,val/triangulo/triangulo_0055.png,2,0,49953,-31255,2498,18000,-38125,206520,1
1576,val,triangulo_0056,val/triangulo/triangulo_0056.png,2,0,81764,-45676,-2950,-12862,-16124,206520,1
1577,val,triangulo_0057,val/triangulo/triangulo_0057.png,2,0,88369,-35687,-7590,19599,-19698,206520,1
1578,val,triangulo_0058,val/triangulo/triangulo_0058.png,2,0,91228,-32583,-9943,21077,-27546,206520,1
1579,val,triangulo_0059,val/triangulo/triangulo_0059.png,2,0,66883,-72314,4753,-9594,-54552,206520,1
1580,val,cruz_0000,val/cruz/cruz_0000.png,3,0,87224,-56812,-20526,-12596,-46590,206520,1
1581,val,cruz_0001,val/cruz/cruz_0001.png,3,0,90945,-56598,-5449,17804,-20641,206520,1
1582,val,cruz_0002,val/cruz/cruz_0002.png,3,0,82144,-32200,-16578,11221,-9381,206520,1
1583,val,cruz_0003,val/cruz/cruz_0003.png,3,0,80205,-48358,2091,-7569,-37876,206520,1
1584,val,cruz_0004,val/cruz/cruz_0004.png,3,0,91882,-64226,-9376,-9919,-50937,206520,1
1585,val,cruz_0005,val/cruz/cruz_0005.png,3,0,78842,-42785,4880,4945,-47791,206520,1
1586,val,cruz_0006,val/cruz/cruz_0006.png,3,0,91591,-55955,-10158,-12171,-31115,206520,1
1587,val,cruz_0007,val/cruz/cruz_0007.png,3,0,69893,-38319,3168,13735,-36428,206520,1
1588,val,cruz_0008,val/cruz/cruz_0008.png,3,0,116672,-73819,-23123,-38879,-27473,206520,1
1589,val,cruz_0009,val/cruz/cruz_0009.png,3,0,108720,-56812,-1766,-10823,-25777,206520,1
1590,val,cruz_0010,val/cruz/cruz_0010.png,3,0,70894,-53092,14126,-19209,-55599,206520,1
1591,val,cruz_0011,val/cruz/cruz_0011.png,3,0,96945,-70258,-15403,-8466,-21394,206520,1
1592,val,cruz_0012,val/cruz/cruz_0012.png,3,0,94520,-55112,-3729,-6302,-27063,206520,1
1593,val,cruz_0013,val/cruz/cruz_0013.png,3,0,64340,-39703,3360,-13070,-36109,206520,1
1594,val,cruz_0014,val/cruz/cruz_0014.png,3,0,92768,-82039,-24233,-7374,-46920,206520,1
1595,val,cruz_0015,val/cruz/cruz_0015.png,3,0,85914,-46515,-10763,-9256,-27446,206520,1
1596,val,cruz_0016,val/cruz/cruz_0016.png,3,0,100968,-62056,1178,-22905,-31794,206520,1
1597,val,cruz_0017,val/cruz/cruz_0017.png,3,0,84387,-51448,-1318,-3809,-27657,206520,1
1598,val,cruz_0018,val/cruz/cruz_0018.png,3,0,120427,-68560,-11515,-40339,-43140,206520,1
1599,val,cruz_0019,val/cruz/cruz_0019.png,3,0,106779,-57081,-8538,-23546,-28000,206520,1
1600,val,cruz_0020,val/cruz/cruz_0020.png,3,0,69329,-75551,2384,-14487,-49627,206520,1
1601,val,cruz_0021,val/cruz/cruz_0021.png,3,0,113429,-56708,7255,-20930,-47578,206520,1
1602,val,cruz_0022,val/cruz/cruz_0022.png,3,0,103637,-63912,-9066,-28853,-39099,206520,1
1603,val,cruz_0023,val/cruz/cruz_0023.png,3,0,98457,-69244,-18917,-11550,-25313,206520,1
1604,val,cruz_0024,val/cruz/cruz_0024.png,3,0,79955,-52476,-18564,-1140,-39346,206520,1
1605,val,cruz_0025,val/cruz/cruz_0025.png,3,0,82254,-47146,4826,7443,-29651,206520,1
1606,val,cruz_0026,val/cruz/cruz_0026.png,3,0,88766,-53913,-16467,9526,-30274,206520,1
1607,val,cruz_0027,val/cruz/cruz_0027.png,3,0,79841,-70462,-11564,-19695,-33528,206520,1
1608,val,cruz_0028,val/cruz/cruz_0028.png,3,0,87260,-52442,-21939,-7286,-41407,206520,1
1609,val,cruz_0029,val/cruz/cruz_0029.png,3,0,83628,-41332,-8225,-4266,-20898,206520,1
1610,val,cruz_0030,val/cruz/cruz_0030.png,3,0,66880,-48034,-4670,-6552,-31048,206520,1
1611,val,cruz_0031,val/cruz/cruz_0031.png,3,0,82671,-59936,-7276,12365,-44954,206520,1
1612,val,cruz_0032,val/cruz/cruz_0032.png,3,0,117989,-46416,-7540,4139,-39499,206520,1
1613,val,cruz_0033,val/cruz/cruz_0033.png,3,0,83349,-59487,-20796,-7353,-38680,206520,1
1614,val,cruz_0034,val/cruz/cruz_0034.png,3,0,84101,-53926,-11819,-3587,-23644,206520,1
1615,val,cruz_0035,val/cruz/cruz_0035.png,3,0,85890,-59269,-21226,-5890,-41500,206520,1
1616,val,cruz_0036,val/cruz/cruz_0036.png,3,0,109248,-60765,-5762,-12198,-30808,206520,1
1617,val,cruz_0037,val/cruz/cruz_0037.png,3,0,92131,-50477,-15333,-17448,-15995,206520,1
1618,val,cruz_0038,val/cruz/cruz_0038.png,3,0,91363,-66149,572,181,-50741,206520,1
1619,val,cruz_0039,val/cruz/cruz_0039.png,3,0,110035,-61043,4400,-18137,-50838,206520,1
1620,val,cruz_0040,val/cruz/cruz_0040.png,3,0,89794,-58576,-13784,-22530,-29966,206520,1
1621,val,cruz_0041,val/cruz/cruz_0041.png,3,0,91804,-58506,-19837,15723,-32459,206520,1
1622,val,cruz_0042,val/cruz/cruz_0042.png,3,0,112100,-69181,-25194,-34049,-47124,206520,1
1623,val,cruz_0043,val/cruz/cruz_0043.png,3,0,92786,-56360,-6562,-12649,-38824,206520,1
1624,val,cruz_0044,val/cruz/cruz_0044.png,3,0,102526,-78574,-18317,1195,-43826,206520,1
1625,val,cruz_0045,val/cruz/cruz_0045.png,3,0,71341,-59991,436,-22295,-48708,206520,1
1626,val,cruz_0046,val/cruz/cruz_0046.png,3,0,38213,-68828,12211,-25638,-51539,206520,1
1627,val,cruz_0047,val/cruz/cruz_0047.png,3,0,83956,-47890,-2159,-16964,-42507,206520,1
1628,val,cruz_0048,val/cruz/cruz_0048.png,3,0,81203,-33300,-8766,1007,-26363,206520,1
1629,val,cruz_0049,val/cruz/cruz_0049.png,3,0,90420,-55868,-2475,-15387,-44196,206520,1
1630,val,cruz_0050,val/cruz/cruz_0050.png,3,0,80198,-50798,-2409,-13476,-35310,206520,1
1631,val,cruz_0051,val/cruz/cruz_0051.png,3,0,91646,-54981,-13017,-23801,-50655,206520,1
1632,val,cruz_0052,val/cruz/cruz_0052.png,3,0,86658,-52037,-8643,-25202,-39679,206520,1
1633,val,cruz_0053,val/cruz/cruz_0053.png,3,0,116045,-79227,-24161,-37820,-27129,206520,1
1634,val,cruz_0054,val/cruz/cruz_0054.png,3,0,65298,-39737,8511,33904,-46196,206520,1
1635,val,cruz_0055,val/cruz/cruz_0055.png,3,0,73304,-60170,2579,-6518,-57208,206520,1
1636,val,cruz_0056,val/cruz/cruz_0056.png,3,0,78291,-69187,-10299,-7974,-39441,206520,1
1637,val,cruz_0057,val/cruz/cruz_0057.png,3,0,108534,-61299,-2869,-31858,-41935,206520,1
1638,val,cruz_0058,val/cruz/cruz_0058.png,3,0,106011,-78838,-15213,-19133,-52477,206520,1
1639,val,cruz_0059,val/cruz/cruz_0059.png,3,0,124780,-77889,-8626,-46821,-41232,206520,1
1640,val,estrela_0000,val/estrela/estrela_0000.png,4,0,74785,-28634,-10088,4021,3203,206520,1
1641,val,estrela_0001,val/estrela/estrela_0001.png,4,0,55192,-40003,-566,-5705,-41321,206520,1
1642,val,estrela_0002,val/estrela/estrela_0002.png,4,0,72932,-53311,4681,4305,-45483,206520,1
1643,val,estrela_0003,val/estrela/estrela_0003.png,4,0,71804,-53603,643,-4817,-41193,206520,1
1644,val,estrela_0004,val/estrela/estrela_0004.png,4,0,96788,-67553,-4269,-7162,-37090,206520,1
1645,val,estrela_0005,val/estrela/estrela_0005.png,4,0,113090,-89849,3777,-7475,-49460,206520,1
1646,val,estrela_0006,val/estrela/estrela_0006.png,4,0,75611,-65675,-3636,-11884,-54675,206520,1
1647,val,estrela_0007,val/estrela/estrela_0007.png,4,0,76138,-38049,-16586,823,6193,206520,1
1648,val,estrela_0008,val/estrela/estrela_0008.png,4,0,45571,-36213,-223,-6597,-38378,206520,1
1649,val,estrela_0009,val/estrela/estrela_0009.png,4,0,78784,-40260,-4777,1299,-33009,206520,1
1650,val,estrela_0010,val/estrela/estrela_0010.png,4,0,89638,-55545,-14346,9431,-16161,206520,1
1651,val,estrela_0011,val/estrela/estrela_0011.png,4,0,103538,-70521,6559,-7686,-53901,206520,1
1652,val,estrela_0012,val/estrela/estrela_0012.png,4,0,100531,-69516,-3799,836,-36574,206520,1
1653,val,estrela_0013,val/estrela/estrela_0013.png,4,0,93085,-49750,-18541,-16755,-47089,206520,1
1654,val,estrela_0014,val/estrela/estrela_0014.png,4,0,93289,-32160,-7493,-4132,-24443,206520,1
1655,val,estrela_0015,val/estrela/estrela_0015.png,4,0,70769,-59852,75,-18531,-62938,206520,1
1656,val,estrela_0016,val/estrela/estrela_0016.png,4,0,115855,-74265,8514,6738,-50499,206520,1
1657,val,estrela_0017,val/estrela/estrela_0017.png,4,0,94450,-47883,-4409,2162,-41444,206520,1
1658,val,estrela_0018,val/estrela/estrela_0018.png,4,0,100172,-44273,-18821,2080,-7703,206520,1
1659,val,estrela_0019,val/estrela/estrela_0019.png,4,0,98356,-59670,9365,-15613,-50305,206520,1
1660,val,estrela_0020,val/estrela/estrela_0020.png,4,0,47947,-41179,5862,-13157,-44532,206520,1
1661,val,estrela_0021,val/estrela/estrela_0021.png,4,0,96083,-66779,-16799,-2140,-44111,206520,1
1662,val,estrela_0022,val/estrela/estrela_0022.png,4,0,70179,-42123,1511,34252,-36826,206520,1
1663,val,estrela_0023,val/estrela/estrela_0023.png,4,0,82488,-59179,-16238,-150,-17888,206520,1
1664,val,estrela_0024,val/estrela/estrela_0024.png,4,0,98894,-66099,-7878,17692,-33176,206520,1
1665,val,estrela_0025,val/estrela/estrela_0025.png,4,0,51267,-31802,7080,538,-36299,206520,1
1666,val,estrela_0026,val/estrela/estrela_0026.png,4,0,99826,-79522,-6914,-220,-29218,206520,1
1667,val,estrela_0027,val/estrela/estrela_0027.png,4,0,70818,-43806,-6889,14114,-24409,206520,1
1668,val,estrela_0028,val/estrela/estrela_0028.png,4,0,70776,-40429,3212,-10805,-42671,206520,1
1669,val,estrela_0029,val/estrela/estrela_0029.png,4,0,108521,-47149,-27080,-16014,-26181,206520,1
1670,val,estrela_0030,val/estrela/estrela_0030.png,4,0,56305,-29542,-10905,23556,-23923,206520,1
1671,val,estrela_0031,val/estrela/estrela_0031.png,4,0,86717,-56830,-1704,-5920,-47732,206520,1
1672,val,estrela_0032,val/estrela/estrela_0032.png,4,0,46909,-49358,-6688,-17164,-36315,206520,1
1673,val,estrela_0033,val/estrela/estrela_0033.png,4,0,107765,-43645,9660,13748,-34524,206520,1
1674,val,estrela_0034,val/estrela/estrela_0034.png,4,0,69332,-37843,-13647,-737,19953,206520,1
1675,val,estrela_0035,val/estrela/estrela_0035.png,4,0,82778,-44367,-6650,10494,-9208,206520,1
1676,val,estrela_0036,val/estrela/estrela_0036.png,4,0,75878,-38756,-8012,-24746,-35886,206520,1
1677,val,estrela_0037,val/estrela/estrela_0037.png,4,0,76049,-49750,-1907,4271,-32420,206520,1
1678,val,estrela_0038,val/estrela/estrela_0038.png,4,0,90178,-61146,-11938,351,-15720,206520,1
1679,val,estrela_0039,val/estrela/estrela_0039.png,4,0,101954,-44910,-751,-20572,-52802,206520,1
1680,val,estrela_0040,val/estrela/estrela_0040.png,4,0,102352,-76398,-11586,-6489,-40496,206520,1
1681,val,estrela_0041,val/estrela/estrela_0041.png,4,0,75661,-32488,-15486,15645,-61,206520,1
1682,val,estrela_0042,val/estrela/estrela_0042.png,4,0,76924,-32745,-21243,3712,-4262,206520,1
1683,val,estrela_0043,val/estrela/estrela_0043.png,4,0,64299,-46033,-748,-16000,-53015,206520,1
1684,val,estrela_0044,val/estrela/estrela_0044.png,4,0,83749,-45475,-10060,7097,6664,206520,1
1685,val,estrela_0045,val/estrela/estrela_0045.png,4,0,84972,-62208,4865,-31251,-53858,206520,1
1686,val,estrela_0046,val/estrela/estrela_0046.png,4,0,92037,-51764,3979,5123,-34178,206520,1
1687,val,estrela_0047,val/estrela/estrela_0047.png,4,0,99528,-43052,2525,2393,-29259,206520,1
1688,val,estrela_0048,val/estrela/estrela_0048.png,4,0,96330,-41453,-7958,-10022,-33756,206520,1
1689,val,estrela_0049,val/estrela/estrela_0049.png,4,0,88830,-72121,4373,-17627,-51533,206520,1
1690,val,estrela_0050,val/estrela/estrela_0050.png,4,0,57496,-32623,-4998,-256,-31225,206520,1
1691,val,estrela_0051,val/estrela/estrela_0051.png,4,0,86783,-33451,-7495,3870,-17173,206520,1
1692,val,estrela_0052,val/estrela/estrela_0052.png,4,0,76252,-42457,6879,-20266,-39830,206520,1
1693,val,estrela_0053,val/estrela/estrela_0053.png,4,0,99751,-70596,-9719,664,-34948,206520,1
1694,val,estrela_0054,val/estrela/estrela_0054.png,4,0,100734,-40824,-20239,-3802,3667,206520,1
1695,val,estrela_0055,val/estrela/estrela_0055.png,4,0,107297,-57962,2372,4878,-39409,206520,1
1696,val,estrela_0056,val/estrela/estrela_0056.png,4,0,109149,-61595,-24758,-7866,-35747,206520,1
1697,val,estrela_0057,val/estrela/estrela_0057.png,4,0,96290,-52345,-20645,-16921,-31637,206520,1
1698,val,estrela_0058,val/estrela/estrela_0058.png,4,0,67376,-48685,-750,-12634,-44534,206520,1
1699,val,estrela_0059,val/estrela/estrela_0059.png,4,0,72389,-67813,-2866,-15298,-62673,206520,1
1700,test,circulo_0000,test/circulo/circulo_0000.png,0,0,96836,-62166,-19234,-15373,-25116,206520,1
1701,test,circulo_0001,test/circulo/circulo_0001.png,0,0,93293,-59934,-16706,-10742,-25858,206520,1
1702,test,circulo_0002,test/circulo/circulo_0002.png,0,0,66518,-54223,7449,-21745,-40855,206520,1
1703,test,circulo_0003,test/circulo/circulo_0003.png,0,0,90190,-60525,-13377,-27382,-33488,206520,1
1704,test,circulo_0004,test/circulo/circulo_0004.png,0,0,74708,-47449,1407,31146,-29645,206520,1
1705,test,circulo_0005,test/circulo/circulo_0005.png,0,0,95855,-67205,-9632,-25259,-32199,206520,1
1706,test,circulo_0006,test/circulo/circulo_0006.png,0,0,94428,-61802,-9231,-22387,-28723,206520,1
1707,test,circulo_0007,test/circulo/circulo_0007.png,0,0,113983,-61289,-11307,-18732,-34711,206520,1
1708,test,circulo_0008,test/circulo/circulo_0008.png,0,0,85905,-48858,-9700,16059,-27067,206520,1
1709,test,circulo_0009,test/circulo/circulo_0009.png,0,0,96353,-65601,-17057,-20367,-21455,206520,1
1710,test,circulo_0010,test/circulo/circulo_0010.png,0,0,124437,-68886,-8574,-21388,-42433,206520,1
1711,test,circulo_0011,test/circulo/circulo_0011.png,0,0,107537,-65222,-8051,-27589,-35859,206520,1
1712,test,circulo_0012,test/circulo/circulo_0012.png,0,0,124902,-58983,-759,-13622,-37716,206520,1
1713,test,circulo_0013,test/circulo/circulo_0013.png,0,0,95257,-63278,-14420,-24596,-29167,206520,1
1714,test,circulo_0014,test/circulo/circulo_0014.png,0,0,82943,-53767,-13639,-4870,-28622,206520,1
1715,test,circulo_0015,test/circulo/circulo_0015.png,0,0,89034,-52577,-6189,-11407,-28396,206520,1
1716,test,circulo_0016,test/circulo/circulo_0016.png,0,0,104567,-71207,-14897,-35967,-38780,206520,1
1717,test,circulo_0017,test/circulo/circulo_0017.png,0,0,100843,-61507,-11543,-26056,-41594,206520,1
1718,test,circulo_0018,test/circulo/circulo_0018.png,0,0,95645,-45146,-6823,-18440,-29046,206520,1
1719,test,circulo_0019,test/circulo/circulo_0019.png,0,0,104239,-63147,-11703,-27803,-36555,206520,1
1720,test,circulo_0020,test/circulo/circulo_0020.png,0,0,88879,-60891,-17008,-23566,-37025,206520,1
1721,test,circulo_0021,test/circulo/circulo_0021.png,0,0,95403,-63287,-13517,-31803,-34726,206520,1
1722,test,circulo_0022,test/circulo/circulo_0022.png,0,0,97681,-70213,-9184,-24496,-46834,206520,1
1723,test,circulo_0023,test/circulo/circulo_0023.png,0,0,111841,-49005,-9893,282,-35741,206520,1
1724,test,circulo_0024,test/circulo/circulo_0024.png,0,0,68527,-64236,5597,-2694,-46683,206520,1
1725,test,circulo_0025,test/circulo/circulo_0025.png,0,0,96345,-64819,-9679,-25115,-33542,206520,1
1726,test,circulo_0026,test/circulo/circulo_0026.png,0,0,90864,-56831,-8649,-21197,-28091,206520,1
1727,test,circulo_0027,test/circulo/circulo_0027.png,0,0,94653,-51460,-6945,-8049,-30400,206520,1
1728,test,circulo_0028,test/circulo/circulo_0028.png,0,0,80719,-56482,516,-14757,-39271,206520,1
1729,test,circulo_0029,test/circulo/circulo_0029.png,0,0,107514,-64788,-11231,-19170,-46348,206520,1
1730,test,circulo_0030,test/circulo/circulo_0030.png,0,0,63545,-40218,1340,28113,-23624,206520,1
1731,test,circulo_0031,test/circulo/circulo_0031.png,0,0,110122,-74446,-21438,-26065,-28906,206520,1
1732,test,circulo_0032,test/circulo/circulo_0032.png,0,0,96245,-67272,-17685,-15599,-46476,206520,1
1733,test,circulo_0033,test/circulo/circulo_0033.png,0,0,86417,-55363,-12332,-23616,-29683,206520,1
1734,test,circulo_0034,test/circulo/circulo_0034.png,0,0,94807,-66243,-9145,-25788,-46946,206520,1
1735,test,circulo_0035,test/circulo/circulo_0035.png,0,0,87497,-57340,-13287,-23037,-26135,206520,1
1736,test,circulo_0036,test/circulo/circulo_0036.png,0,0,105152,-68782,-11441,-28776,-39149,206520,1
1737,test,circulo_0037,test/circulo/circulo_0037.png,0,0,77879,-60160,-20348,-14324,-25357,206520,1
1738,test,circulo_0038,test/circulo/circulo_0038.png,0,0,92729,-59908,-15389,-4919,-31214,206520,1
1739,test,circulo_0039,test/circulo/circulo_0039.png,0,0,92860,-66092,-15712,-33947,-26194,206520,1
1740,test,circulo_0040,test/circulo/circulo_0040.png,0,0,106315,-70853,-14494,-30589,-37008,206520,1
1741,test,circulo_0041,test/circulo/circulo_0041.png,0,0,88087,-63587,-7039,-12444,-31625,206520,1
1742,test,circulo_0042,test/circulo/circulo_0042.png,0,0,92103,-62205,-11004,-26099,-27748,206520,1
1743,test,circulo_0043,test/circulo/circulo_0043.png,0,0,97771,-66984,-10071,-21518,-37535,206520,1
1744,test,circulo_0044,test/circulo/circulo_0044.png,0,0,82031,-60064,-14629,-15276,-26926,206520,1
1745,test,circulo_0045,test/circulo/circulo_0045.png,0,0,107823,-65588,-6697,-18387,-37414,206520,1
1746,test,circulo_0046,test/circulo/circulo_0046.png,0,0,93086,-63162,-8653,-480,-37468,206520,1
1747,test,circulo_0047,test/circulo/circulo_0047.png,0,0,100339,-60315,-10327,-23688,-31177,206520,1
1748,test,circulo_0048,test/circulo/circulo_0048.png,0,0,92043,-68556,-2312,-15681,-32212,206520,1
1749,test,circulo_0049,test/circulo/circulo_0049.png,0,0,118517,-73858,-16794,-29421,-35674,206520,1
1750,test,circulo_0050,test/circulo/circulo_0050.png,0,0,103939,-54321,-12845,-19246,-25283,206520,1
1751,test,circulo_0051,test/circulo/circulo_0051.png,0,0,88779,-67364,-14133,-24907,-52395,206520,1
1752,test,circulo_0052,test/circulo/circulo_0052.png,0,0,85650,-64432,-17199,-9340,-37550,206520,1
1753,test,circulo_0053,test/circulo/circulo_0053.png,0,0,127875,-53303,1630,-9389,-40983,206520,1
1754,test,circulo_0054,test/circulo/circulo_0054.png,0,0,89269,-56794,-16489,-2041,-27850,206520,1
1755,test,circulo_0055,test/circulo/circulo_0055.png,0,0,87179,-74005,-7948,-12842,-35298,206520,1
1756,test,circulo_0056,test/circulo/circulo_0056.png,0,0,91024,-69268,-5380,-17973,-33810,206520,1
1757,test,circulo_0057,test/circulo/circulo_0057.png,0,0,80977,-51333,-10746,-20598,-27429,206520,1
1758,test,circulo_0058,test/circulo/circulo_0058.png,0,0,87343,-59925,-13445,-9259,-26799,206520,1
1759,test,circulo_0059,test/circulo/circulo_0059.png,0,0,87730,-59310,-11736,-22038,-24635,206520,1
1760,test,quadrado_0000,test/quadrado/quadrado_0000.png,1,0,60969,-54749,2570,-13455,-45341,206520,1
1761,test,quadrado_0001,test/quadrado/quadrado_0001.png,1,0,80898,-59961,-1656,-13034,-47770,206520,1
1762,test,quadrado_0002,test/quadrado/quadrado_0002.png,1,0,100269,-60404,2567,-14043,-42103,206520,1
1763,test,quadrado_0003,test/quadrado/quadrado_0003.png,1,0,82501,-46736,-13757,6160,-16700,206520,1
1764,test,quadrado_0004,test/quadrado/quadrado_0004.png,1,0,50888,-56968,8428,-18184,-56121,206520,1
1765,test,quadrado_0005,test/quadrado/quadrado_0005.png,1,0,104456,-46902,-1239,-536,-46374,206520,1
1766,test,quadrado_0006,test/quadrado/quadrado_0006.png,1,0,69408,-52772,-2597,9072,-37630,206520,1
1767,test,quadrado_0007,test/quadrado/quadrado_0007.png,1,0,86768,-47514,-9414,-6895,-34409,206520,1
1768,test,quadrado_0008,test/quadrado/quadrado_0008.png,1,0,94039,-52057,-9848,-5747,-34277,206520,1
1769,test,quadrado_0009,test/quadrado/quadrado_0009.png,1,0,56297,-52631,12454,-22025,-54281,206520,1
1770,test,quadrado_0010,test/quadrado/quadrado_0010.png,1,0,65849,-61327,831,12923,-52116,206520,1
1771,test,quadrado_0011,test/quadrado/quadrado_0011.png,1,0,93996,-32447,9221,-8122,-32447,206520,1
1772,test,quadrado_0012,test/quadrado/quadrado_0012.png,1,0,82112,-20449,1998,11979,-36219,206520,1
1773,test,quadrado_0013,test/quadrado/quadrado_0013.png,1,0,96974,-64963,-16683,-12600,-29105,206520,1
1774,test,quadrado_0014,test/quadrado/quadrado_0014.png,1,0,86949,-52710,-8396,-15056,-33692,206520,1
1775,test,quadrado_0015,test/quadrado/quadrado_0015.png,1,0,107560,-64598,-5332,-15742,-43266,206520,1
1776,test,quadrado_0016,test/quadrado/quadrado_0016.png,1,0,63630,-44234,2999,34084,-37853,206520,1
1777,test,quadrado_0017,test/quadrado/quadrado_0017.png,1,0,106867,-64374,-14844,-2633,-41288,206520,1
1778,test,quadrado_0018,test/quadrado/quadrado_0018.png,1,0,34048,-47065,7311,-27000,-34854,206520,1
1779,test,quadrado_0019,test/quadrado/quadrado_0019.png,1,0,67249,-45349,-3387,34008,-32159,206520,1
1780,test,quadrado_0020,test/quadrado/quadrado_0020.png,1,0,105400,-51770,-5228,-23168,-45140,206520,1
1781,test,quadrado_0021,test/quadrado/quadrado_0021.png,1,0,85168,-55736,5045,-20523,-36875,206520,1
1782,test,quadrado_0022,test/quadrado/quadrado_0022.png,1,0,80559,-31436,8990,1236,-37147,206520,1
1783,test,quadrado_0023,test/quadrado/quadrado_0023.png,1,0,104743,-53623,-12527,5688,-22757,206520,1
1784,test,quadrado_0024,test/quadrado/quadrado_0024.png,1,0,79525,-36973,8716,-17824,-33639,206520,1
1785,test,quadrado_0025,test/quadrado/quadrado_0025.png,1,0,75207,-57084,-14299,224,-31044,206520,1
1786,test,quadrado_0026,test/quadrado/quadrado_0026.png,1,0,101642,-48526,1087,-10925,-43931,206520,1
1787,test,quadrado_0027,test/quadrado/quadrado_0027.png,1,0,66683,-17097,-626,-2002,-36303,206520,1
1788,test,quadrado_0028,test/quadrado/quadrado_0028.png,1,0,106551,-46347,-4813,-2322,-34934,206520,1
1789,test,quadrado_0029,test/quadrado/quadrado_0029.png,1,0,75056,-57148,-6200,-9279,-59519,206520,1
1790,test,quadrado_0030,test/quadrado/quadrado_0030.png,1,0,92020,-51190,-11709,-518,-9514,206520,1
1791,test,quadrado_0031,test/quadrado/quadrado_0031.png,1,0,109499,-58683,-1531,-22357,-34649,206520,1
1792,test,quadrado_0032,test/quadrado/quadrado_0032.png,1,0,95179,-57361,-3628,-2261,-39290,206520,1
1793,test,quadrado_0033,test/quadrado/quadrado_0033.png,1,0,89071,-67872,-1652,-6612,-42316,206520,1
1794,test,quadrado_0034,test/quadrado/quadrado_0034.png,1,0,79383,-62732,4536,9741,-49556,206520,1
1795,test,quadrado_0035,test/quadrado/quadrado_0035.png,1,0,91592,-60873,236,-11443,-34886,206520,1
1796,test,quadrado_0036,test/quadrado/quadrado_0036.png,1,0,67472,-27026,-16610,3826,16067,206520,1
1797,test,quadrado_0037,test/quadrado/quadrado_0037.png,1,0,95209,-40358,-13881,-2639,-5147,206520,1
1798,test,quadrado_0038,test/quadrado/quadrado_0038.png,1,0,106111,-42905,196,1024,-48658,206520,1
1799,test,quadrado_0039,test/quadrado/quadrado_0039.png,1,0,102325,-60196,-6712,-23294,-40080,206520,1
1800,test,quadrado_0040,test/quadrado/quadrado_0040.png,1,0,87893,-64480,-17003,4307,-40697,206520,1
1801,test,quadrado_0041,test/quadrado/quadrado_0041.png,1,0,103841,-51503,-6492,5917,-30154,206520,1
1802,test,quadrado_0042,test/quadrado/quadrado_0042.png,1,0,99225,-32515,5992,-7989,-25338,206520,1
1803,test,quadrado_0043,test/quadrado/quadrado_0043.png,1,0,59993,-54609,-788,-16894,-41717,206520,1
1804,test,quadrado_0044,test/quadrado/quadrado_0044.png,1,0,100865,-38647,-41,-6754,-40980,206520,1
1805,test,quadrado_0045,test/quadrado/quadrado_0045.png,1,0,70097,-40882,8050,1209,-36952,206520,1
1806,test,quadrado_0046,test/quadrado/quadrado_0046.png,1,0,70937,-45885,3455,17833,-33844,206520,1
1807,test,quadrado_0047,test/quadrado/quadrado_0047.png,1,0,96912,-51896,-8989,19990,-26053,206520,1
1808,test,quadrado_0048,test/quadrado/quadrado_0048.png,1,0,84422,-53488,7710,-6525,-49501,206520,1
1809,test,quadrado_0049,test/quadrado/quadrado_0049.png,1,0,112301,-63776,-6294,-20067,-42960,206520,1
1810,test,quadrado_0050,test/quadrado/quadrado_0050.png,1,0,52422,-54638,14536,-24137,-52632,206520,1
1811,test,quadrado_0051,test/quadrado/quadrado_0051.png,1,0,58119,-45461,211,11066,-34319,206520,1
1812,test,quadrado_0052,test/quadrado/quadrado_0052.png,1,0,100455,-53624,-6843,-4286,-26527,206520,1
1813,test,quadrado_0053,test/quadrado/quadrado_0053.png,1,0,90232,-46719,-3905,-12062,-30371,206520,1
1814,test,quadrado_0054,test/quadrado/quadrado_0054.png,1,0,64364,-44783,4506,-14655,-38115,206520,1
1815,test,quadrado_0055,test/quadrado/quadrado_0055.png,1,0,102158,-61833,-11888,-7440,-38337,206520,1
1816,test,quadrado_0056,test/quadrado/quadrado_0056.png,1,0,102131,-49247,1830,-4260,-35174,206520,1
1817,test,quadrado_0057,test/quadrado/quadrado_0057.png,1,0,75887,-50566,-19879,-2645,-42734,206520,1
1818,test,quadrado_0058,test/quadrado/quadrado_0058.png,1,0,78749,-39677,-13712,-7819,4024,206520,1
1819,test,quadrado_0059,test/quadrado/quadrado_0059.png,1,0,108328,-57097,-7873,-1848,-29313,206520,1
1820,test,triangulo_0000,test/triangulo/triangulo_0000.png,2,0,78556,-31915,-19477,-13759,22700,206520,1
1821,test,triangulo_0001,test/triangulo/triangulo_0001.png,2,0,65697,-44979,-2428,2860,-45504,206520,1
1822,test,triangulo_0002,test/triangulo/triangulo_0002.png,2,0,88031,-47180,-1631,-22025,-30008,206520,1
1823,test,triangulo_0003,test/triangulo/triangulo_0003.png,2,0,86746,-55867,334,13536,-55598,206520,1
1824,test,triangulo_0004,test/triangulo/triangulo_0004.png,2,0,73850,-53774,-6274,4992,-23454,206520,1
1825,test,triangulo_0005,test/triangulo/triangulo_0005.png,2,0,61834,-35510,-620,23886,-35057,206520,1
1826,test,triangulo_0006,test/triangulo/triangulo_0006.png,2,0,93435,-42905,71,-13924,-36930,206520,1
1827,test,triangulo_0007,test/triangulo/triangulo_0007.png,2,0,44466,-44382,3178,-13315,-54951,206520,1
1828,test,triangulo_0008,test/triangulo/triangulo_0008.png,2,0,102415,-40291,-6638,-8367,-28312,206520,1
1829,test,triangulo_0009,test/triangulo/triangulo_0009.png,2,0,106478,-60428,19166,-16818,-62992,206520,1
1830,test,triangulo_0010,test/triangulo/triangulo_0010.png,2,0,71420,-19747,517,12117,-53566,206520,1
1831,test,triangulo_0011,test/triangulo/triangulo_0011.png,2,0,69354,-58771,7322,-10205,-59017,206520,1
1832,test,triangulo_0012,test/triangulo/triangulo_0012.png,2,0,96032,-72517,-5701,-6209,-31072,206520,1
1833,test,triangulo_0013,test/triangulo/triangulo_0013.png,2,0,93896,-54153,-6549,22380,-34608,206520,1
1834,test,triangulo_0014,test/triangulo/triangulo_0014.png,2,0,66350,-65580,-8165,-9394,-33145,206520,1
1835,test,triangulo_0015,test/triangulo/triangulo_0015.png,2,0,91434,-53978,-13256,7640,10983,206520,1
1836,test,triangulo_0016,test/triangulo/triangulo_0016.png,2,0,60229,-4097,-5875,-1911,-44433,206520,1
1837,test,triangulo_0017,test/triangulo/triangulo_0017.png,2,0,60417,-13345,11662,15625,-46196,206520,1
1838,test,triangulo_0018,test/triangulo/triangulo_0018.png,2,0,66427,-40398,654,26419,-47849,206520,1
1839,test,triangulo_0019,test/triangulo/triangulo_0019.png,2,0,90669,-54166,8689,-4431,-51708,206520,1
1840,test,triangulo_0020,test/triangulo/triangulo_0020.png,2,0,75066,-42245,5624,8802,-39690,206520,1
1841,test,triangulo_0021,test/triangulo/triangulo_0021.png,2,0,86163,-48097,-5306,-271,-42032,206520,1
1842,test,triangulo_0022,test/triangulo/triangulo_0022.png,2,0,103715,-58680,-11505,-13971,-59846,206520,1
1843,test,triangulo_0023,test/triangulo/triangulo_0023.png,2,0,76225,-47546,-1752,14311,-21457,206520,1
1844,test,triangulo_0024,test/triangulo/triangulo_0024.png,2,0,88995,-47367,53,7934,-37390,206520,1
1845,test,triangulo_0025,test/triangulo/triangulo_0025.png,2,0,63918,-39343,-3295,23957,-38086,206520,1
1846,test,triangulo_0026,test/triangulo/triangulo_0026.png,2,0,69340,-58968,-4195,5267,-23800,206520,1
1847,test,triangulo_0027,test/triangulo/triangulo_0027.png,2,0,61979,-49172,7928,4868,-45702,206520,1
1848,test,triangulo_0028,test/triangulo/triangulo_0028.png,2,0,85080,-32995,-1124,-6208,-22040,206520,1
1849,test,triangulo_0029,test/triangulo/triangulo_0029.png,2,0,84638,-48971,9596,12228,-44677,206520,1
1850,test,triangulo_0030,test/triangulo/triangulo_0030.png,2,0,83597,-76428,-3138,-7650,-35526,206520,1
1851,test,triangulo_0031,test/triangulo/triangulo_0031.png,2,0,87725,-56529,13570,10845,-61636,206520,1
1852,test,triangulo_0032,test/triangulo/triangulo_0032.png,2,0,94681,-55828,-7244,-16141,-11639,206520,1
1853,test,triangulo_0033,test/triangulo/triangulo_0033.png,2,0,84740,-31954,-10598,10689,8295,206520,1
1854,test,triangulo_0034,test/triangulo/triangulo_0034.png,2,0,68439,-49090,-3915,6608,-33302,206520,1
1855,test,triangulo_0035,test/triangulo/triangulo_0035.png,2,0,81785,-60648,-8979,-1589,-27946,206520,1
1856,test,triangulo_0036,test/triangulo/triangulo_0036.png,2,0,97984,-77371,-3498,-18450,-26254,206520,1
1857,test,triangulo_0037,test/triangulo/triangulo_0037.png,2,0,70700,-74326,-2074,17948,-31309,206520,1
1858,test,triangulo_0038,test/triangulo/triangulo_0038.png,2,0,88615,-61142,7496,-4397,-56708,206520,1
1859,test,triangulo_0039,test/triangulo/triangulo_0039.png,2,0,69047,-26163,-7723,2452,16467,206520,1
1860,test,triangulo_0040,test/triangulo/triangulo_0040.png,2,0,74104,-40549,-4365,-2636,851,206520,1
1861,test,triangulo_0041,test/triangulo/triangulo_0041.png,2,0,78155,-40594,5071,12619,-36584,206520,1
1862,test,triangulo_0042,test/triangulo/triangulo_0042.png,2,0,113661,-46478,-392,-22110,-43875,206520,1
1863,test,triangulo_0043,test/triangulo/triangulo_0043.png,2,0,40642,-22427,15051,-620,-41477,206520,1
1864,test,triangulo_0044,test/triangulo/triangulo_0044.png,2,0,76180,-36981,-476,17610,-35210,206520,1
1865,test,triangulo_0045,test/triangulo/triangulo_0045.png,2,0,56297,-45916,-748,-8812,-55902,206520,1
1866,test,triangulo_0046,test/triangulo/triangulo_0046.png,2,0,78424,-23071,-10253,1568,-37256,206520,1
1867,test,triangulo_0047,test/triangulo/triangulo_0047.png,2,0,71204,-33264,6834,-8323,-39529,206520,1
1868,test,triangulo_0048,test/triangulo/triangulo_0048.png,2,0,95372,-42506,-3944,-6277,-16903,206520,1
1869,test,triangulo_0049,test/triangulo/triangulo_0049.png,2,0,67277,-43003,12552,-3761,-43661,206520,1
1870,test,triangulo_0050,test/triangulo/triangulo_0050.png,2,0,78938,-66908,-5361,-701,-57567,206520,1
1871,test,triangulo_0051,test/triangulo/triangulo_0051.png,2,0,80176,-67682,-2171,10630,-44804,206520,1
1872,test,triangulo_0052,test/triangulo/triangulo_0052.png,2,0,79764,-50743,9709,6199,-50848,206520,1
1873,test,triangulo_0053,test/triangulo/triangulo_0053.png,2,0,72926,-47674,-3638,-8618,-41852,206520,1
1874,test,triangulo_0054,test/triangulo/triangulo_0054.png,2,0,69134,-50306,17613,-15881,-43398,206520,1
1875,test,triangulo_0055,test/triangulo/triangulo_0055.png,2,0,72082,-46876,10650,-12246,-35980,206520,1
1876,test,triangulo_0056,test/triangulo/triangulo_0056.png,2,0,81956,-28256,-3058,17655,13575,206520,1
1877,test,triangulo_0057,test/triangulo/triangulo_0057.png,2,0,76856,-38682,-3072,10812,-23827,206520,1
1878,test,triangulo_0058,test/triangulo/triangulo_0058.png,2,0,74689,-44460,-816,9611,-19673,206520,1
1879,test,triangulo_0059,test/triangulo/triangulo_0059.png,2,0,88232,-42030,-700,-11462,-15288,206520,1
1880,test,cruz_0000,test/cruz/cruz_0000.png,3,0,83014,-54804,-13441,6904,-22655,206520,1
1881,test,cruz_0001,test/cruz/cruz_0001.png,3,0,44638,-46572,4609,-20715,-52121,206520,1
1882,test,cruz_0002,test/cruz/cruz_0002.png,3,0,65450,-49453,8568,-11582,-56623,206520,1
1883,test,cruz_0003,test/cruz/cruz_0003.png,3,0,76507,-58460,-12508,-5650,-35699,206520,1
1884,test,cruz_0004,test/cruz/cruz_0004.png,3,0,79109,-48442,-11923,16218,-18323,206520,1
1885,test,cruz_0005,test/cruz/cruz_0005.png,3,0,95493,-36884,-5071,8026,-33542,206520,1
1886,test,cruz_0006,test/cruz/cruz_0006.png,3,0,60473,-36941,596,40487,-34496,206520,1
1887,test,cruz_0007,test/cruz/cruz_0007.png,3,0,89123,-62539,-7437,-6998,-44590,206520,1
1888,test,cruz_0008,test/cruz/cruz_0008.png,3,0,87962,-53584,-11899,-9142,-20260,206520,1
1889,test,cruz_0009,test/cruz/cruz_0009.png,3,0,78480,-49831,13764,-15575,-46249,206520,1
1890,test,cruz_0010,test/cruz/cruz_0010.png,3,0,102706,-84980,-13219,-11437,-50638,206520,1
1891,test,cruz_0011,test/cruz/cruz_0011.png,3,0,99899,-60547,-182,-31274,-38231,206520,1
1892,test,cruz_0012,test/cruz/cruz_0012.png,3,0,86403,-65541,-7192,-7836,-44399,206520,1
1893,test,cruz_0013,test/cruz/cruz_0013.png,3,0,93944,-51021,-11634,-22710,-43811,206520,1
1894,test,cruz_0014,test/cruz/cruz_0014.png,3,0,96712,-64151,-15574,-19541,-28533,206520,1
1895,test,cruz_0015,test/cruz/cruz_0015.png,3,0,118166,-72455,-11097,-28074,-33657,206520,1
1896,test,cruz_0016,test/cruz/cruz_0016.png,3,0,100947,-54104,5276,-23149,-23816,206520,1
1897,test,cruz_0017,test/cruz/cruz_0017.png,3,0,70337,-65399,-1186,-12319,-47864,206520,1
1898,test,cruz_0018,test/cruz/cruz_0018.png,3,0,73289,-49203,1828,16154,-44425,206520,1
1899,test,cruz_0019,test/cruz/cruz_0019.png,3,0,75032,-29910,-13215,1211,14180,206520,1
1900,test,cruz_0020,test/cruz/cruz_0020.png,3,0,82078,-78391,-10605,-4840,-43998,206520,1
1901,test,cruz_0021,test/cruz/cruz_0021.png,3,0,90106,-47848,-11194,-7608,-35745,206520,1
1902,test,cruz_0022,test/cruz/cruz_0022.png,3,0,122102,-66061,1459,-24137,-40337,206520,1
1903,test,cruz_0023,test/cruz/cruz_0023.png,3,0,92982,-48749,-544,-18518,-20304,206520,1
1904,test,cruz_0024,test/cruz/cruz_0024.png,3,0,86690,-81877,-16427,-5051,-47629,206520,1
1905,test,cruz_0025,test/cruz/cruz_0025.png,3,0,115591,-61047,-12970,-11485,-37292,206520,1
1906,test,cruz_0026,test/cruz/cruz_0026.png,3,0,118251,-68551,5199,-20691,-33937,206520,1
1907,test,cruz_0027,test/cruz/cruz_0027.png,3,0,95051,-56707,-12013,-23627,-38543,206520,1
1908,test,cruz_0028,test/cruz/cruz_0028.png,3,0,93896,-54474,-9802,-9257,-30626,206520,1
1909,test,cruz_0029,test/cruz/cruz_0029.png,3,0,86759,-48119,-14672,-289,-28690,206520,1
1910,test,cruz_0030,test/cruz/cruz_0030.png,3,0,94653,-47153,-141,-21709,-27292,206520,1
1911,test,cruz_0031,test/cruz/cruz_0031.png,3,0,85305,-46878,-22292,-9308,-23601,206520,1
1912,test,cruz_0032,test/cruz/cruz_0032.png,3,0,108939,-61867,-7806,-9449,-38062,206520,1
1913,test,cruz_0033,test/cruz/cruz_0033.png,3,0,82852,-58590,-3426,-9219,-51079,206520,1
1914,test,cruz_0034,test/cruz/cruz_0034.png,3,0,64044,-56279,13616,-18911,-41264,206520,1
1915,test,cruz_0035,test/cruz/cruz_0035.png,3,0,83129,-30716,-20091,-1619,14372,206520,1
1916,test,cruz_0036,test/cruz/cruz_0036.png,3,0,77012,-54989,-3043,-18333,-24594,206520,1
1917,test,cruz_0037,test/cruz/cruz_0037.png,3,0,94066,-67978,-20068,-9606,-50448,206520,1
1918,test,cruz_0038,test/cruz/cruz_0038.png,3,0,77006,-36010,-7819,2090,-20631,206520,1
1919,test,cruz_0039,test/cruz/cruz_0039.png,3,0,77550,-45453,-7076,-5865,-29347,206520,1
1920,test,cruz_0040,test/cruz/cruz_0040.png,3,0,89867,-64350,-20552,3535,-44838,206520,1
1921,test,cruz_0041,test/cruz/cruz_0041.png,3,0,109390,-68504,-18086,-24764,-37339,206520,1
1922,test,cruz_0042,test/cruz/cruz_0042.png,3,0,114887,-71414,-8308,-27095,-35363,206520,1
1923,test,cruz_0043,test/cruz/cruz_0043.png,3,0,95643,-71925,-20961,-2171,-55032,206520,1
1924,test,cruz_0044,test/cruz/cruz_0044.png,3,0,76887,-52761,-8131,27615,-32444,206520,1
1925,test,cruz_0045,test/cruz/cruz_0045.png,3,0,93297,-66494,-14038,-7246,-53856,206520,1
1926,test,cruz_0046,test/cruz/cruz_0046.png,3,0,83911,-55410,2651,-17939,-41944,206520,1
1927,test,cruz_0047,test/cruz/cruz_0047.png,3,0,77414,-56951,-3602,-5062,-41241,206520,1
1928,test,cruz_0048,test/cruz/cruz_0048.png,3,0,100672,-64634,-21803,345,-41717,206520,1
1929,test,cruz_0049,test/cruz/cruz_0049.png,3,0,103234,-55981,-14854,-27158,-45423,206520,1
1930,test,cruz_0050,test/cruz/cruz_0050.png,3,0,90322,-37304,-11356,10477,-13878,206520,1
1931,test,cruz_0051,test/cruz/cruz_0051.png,3,0,45998,-44866,637,-2032,-40401,206520,1
1932,test,cruz_0052,test/cruz/cruz_0052.png,3,0,108264,-53828,2782,-20315,-37450,206520,1
1933,test,cruz_0053,test/cruz/cruz_0053.png,3,0,76064,-56084,-11315,-5867,-35390,206520,1
1934,test,cruz_0054,test/cruz/cruz_0054.png,3,0,90705,-56134,-3602,-3945,-49136,206520,1
1935,test,cruz_0055,test/cruz/cruz_0055.png,3,0,123650,-69860,-4910,-34334,-27422,206520,1
1936,test,cruz_0056,test/cruz/cruz_0056.png,3,0,109349,-64842,-9809,-11948,-37609,206520,1
1937,test,cruz_0057,test/cruz/cruz_0057.png,3,0,87417,-49586,-1363,-14237,-32192,206520,1
1938,test,cruz_0058,test/cruz/cruz_0058.png,3,0,75758,-54747,239,-24709,-42434,206520,1
1939,test,cruz_0059,test/cruz/cruz_0059.png,3,0,75809,-45776,-15551,7403,-27227,206520,1
1940,test,estrela_0000,test/estrela/estrela_0000.png,4,0,46581,-45914,5447,-16656,-46170,206520,1
1941,test,estrela_0001,test/estrela/estrela_0001.png,4,0,75594,-47193,-5673,12855,-40649,206520,1
1942,test,estrela_0002,test/estrela/estrela_0002.png,4,0,70435,-29597,1869,7766,-29627,206520,1
1943,test,estrela_0003,test/estrela/estrela_0003.png,4,0,75645,-49011,-3826,15698,-44700,206520,1
1944,test,estrela_0004,test/estrela/estrela_0004.png,4,0,108106,-42054,-23920,-3779,-18095,206520,1
1945,test,estrela_0005,test/estrela/estrela_0005.png,4,0,90571,-36419,647,13918,-30995,206520,1
1946,test,estrela_0006,test/estrela/estrela_0006.png,4,0,51420,-51024,-1447,-16287,-49905,206520,1
1947,test,estrela_0007,test/estrela/estrela_0007.png,4,0,63904,-21999,1034,10581,-32537,206520,1
1948,test,estrela_0008,test/estrela/estrela_0008.png,4,0,62216,-53965,1695,-10539,-49397,206520,1
1949,test,estrela_0009,test/estrela/estrela_0009.png,4,0,81128,-44257,23,-5724,-32803,206520,1
1950,test,estrela_0010,test/estrela/estrela_0010.png,4,0,108944,-41073,-23194,-12970,-5523,206520,1
1951,test,estrela_0011,test/estrela/estrela_0011.png,4,0,100157,-70117,3094,-5680,-47102,206520,1
1952,test,estrela_0012,test/estrela/estrela_0012.png,4,0,74765,-53474,1329,11848,-37859,206520,1
1953,test,estrela_0013,test/estrela/estrela_0013.png,4,0,81527,-39692,-2522,10281,-14232,206520,1
1954,test,estrela_0014,test/estrela/estrela_0014.png,4,0,90443,-59671,-2177,-37085,-60244,206520,1
1955,test,estrela_0015,test/estrela/estrela_0015.png,4,0,129517,-47811,-15839,-15702,-43134,206520,1
1956,test,estrela_0016,test/estrela/estrela_0016.png,4,0,94527,-60670,-1755,-5849,-42982,206520,1
1957,test,estrela_0017,test/estrela/estrela_0017.png,4,0,85988,-35943,-3002,18424,-6465,206520,1
1958,test,estrela_0018,test/estrela/estrela_0018.png,4,0,93443,-65423,736,6699,-39385,206520,1
1959,test,estrela_0019,test/estrela/estrela_0019.png,4,0,61387,-49692,13264,-15801,-51509,206520,1
1960,test,estrela_0020,test/estrela/estrela_0020.png,4,0,77828,-40002,1629,8785,-47224,206520,1
1961,test,estrela_0021,test/estrela/estrela_0021.png,4,0,104112,-73008,-1318,-8249,-45552,206520,1
1962,test,estrela_0022,test/estrela/estrela_0022.png,4,0,57170,-40446,11342,-2521,-48995,206520,1
1963,test,estrela_0023,test/estrela/estrela_0023.png,4,0,77403,-36466,-9969,15069,-9679,206520,1
1964,test,estrela_0024,test/estrela/estrela_0024.png,4,0,87236,-46043,4435,18432,-39886,206520,1
1965,test,estrela_0025,test/estrela/estrela_0025.png,4,0,83250,-52423,8900,-5623,-58055,206520,1
1966,test,estrela_0026,test/estrela/estrela_0026.png,4,0,106507,-57950,-16198,-9473,-22512,206520,1
1967,test,estrela_0027,test/estrela/estrela_0027.png,4,0,60634,-45442,1523,4147,-40387,206520,1
1968,test,estrela_0028,test/estrela/estrela_0028.png,4,0,79347,-46555,8585,-15268,-36678,206520,1
1969,test,estrela_0029,test/estrela/estrela_0029.png,4,0,90469,-37428,-9548,4750,-23510,206520,1
1970,test,estrela_0030,test/estrela/estrela_0030.png,4,0,89906,-46243,-3198,8713,-31959,206520,1
1971,test,estrela_0031,test/estrela/estrela_0031.png,4,0,56369,-57053,-3160,-21907,-47106,206520,1
1972,test,estrela_0032,test/estrela/estrela_0032.png,4,0,103686,-65242,-1631,79,-40761,206520,1
1973,test,estrela_0033,test/estrela/estrela_0033.png,4,0,90904,-58241,4353,1401,-37027,206520,1
1974,test,estrela_0034,test/estrela/estrela_0034.png,4,0,84784,-49125,-3195,-24099,-41423,206520,1
1975,test,estrela_0035,test/estrela/estrela_0035.png,4,0,98615,-62376,-1307,-6402,-33083,206520,1
1976,test,estrela_0036,test/estrela/estrela_0036.png,4,0,67511,-40219,-2103,13332,-50599,206520,1
1977,test,estrela_0037,test/estrela/estrela_0037.png,4,0,67923,-46662,1236,-23380,-46236,206520,1
1978,test,estrela_0038,test/estrela/estrela_0038.png,4,0,85874,-41464,349,10156,-14077,206520,1
1979,test,estrela_0039,test/estrela/estrela_0039.png,4,0,73221,-31083,-2852,-807,-37288,206520,1
1980,test,estrela_0040,test/estrela/estrela_0040.png,4,0,70722,-39086,-10442,33903,-34565,206520,1
1981,test,estrela_0041,test/estrela/estrela_0041.png,4,0,54994,-15867,-4901,10622,-33273,206520,1
1982,test,estrela_0042,test/estrela/estrela_0042.png,4,0,97215,-61482,-6085,-7166,-63758,206520,1
1983,test,estrela_0043,test/estrela/estrela_0043.png,4,0,56641,-28088,-6840,19172,-17569,206520,1
1984,test,estrela_0044,test/estrela/estrela_0044.png,4,0,80585,-40066,-14432,19418,-9962,206520,1
1985,test,estrela_0045,test/estrela/estrela_0045.png,4,0,84705,-39660,-6061,1438,-11767,206520,1
1986,test,estrela_0046,test/estrela/estrela_0046.png,4,0,102894,-74486,545,140,-43475,206520,1
1987,test,estrela_0047,test/estrela/estrela_0047.png,4,0,91145,-30206,-4787,3622,-8986,206520,1
1988,test,estrela_0048,test/estrela/estrela_0048.png,4,0,64960,-37426,3306,-3382,-40133,206520,1
1989,test,estrela_0049,test/estrela/estrela_0049.png,4,0,78262,-52806,6218,-21849,-38274,206520,1
1990,test,estrela_0050,test/estrela/estrela_0050.png,4,0,102794,-62699,1967,-12063,-55721,206520,1
1991,test,estrela_0051,test/estrela/estrela_0051.png,4,0,87418,-39709,-12375,-4,9801,206520,1
1992,test,estrela_0052,test/estrela/estrela_0052.png,4,0,90874,-60823,-11547,-5317,-49401,206520,1
1993,test,estrela_0053,test/estrela/estrela_0053.png,4,0,72810,-43829,-5065,-11617,-34839,206520,1
1994,test,estrela_0054,test/estrela/estrela_0054.png,4,0,80802,-50733,-2076,3768,-36730,206520,1
1995,test,estrela_0055,test/estrela/estrela_0055.png,4,0,70608,-41837,-8029,5180,-25480,206520,1
1996,test,estrela_0056,test/estrela/estrela_0056.png,4,0,69219,-45415,-14990,12431,-23768,206520,1
1997,test,estrela_0057,test/estrela/estrela_0057.png,4,0,97382,-49736,-1193,-7946,-52686,206520,1
1998,test,estrela_0058,test/estrela/estrela_0058.png,4,0,103111,-52126,1347,6705,-56414,206520,1
1999,test,estrela_0059,test/estrela/estrela_0059.png,4,0,79530,-60842,-1314,-26988,-60087,206520,1
