split,file,label,class_name,seed,sha256_pixels,radius,angle_deg,cx,cy,foreground,background,blur_sigma,noise_std,cross_ratio,star_ratio
train,train/circulo/circulo_0000.png,0,circulo,20260925,a140ca69000179c45f1113c01de73674e52875c0ed04eeb834c56f162afea219,7.557336715550608,70.33469834875572,14.096525830185776,12.390648379522153,186,5,0.6036456249892208,3.175852293675928,0.3767414084179317,0.46235755562503134
train,train/circulo/circulo_0001.png,0,circulo,20260926,00db46b4b8ce5cfbced84f61699586f07fd6d6c2a4514442450bb23393e1dae7,9.931553508490827,297.2576453505302,16.139653957416066,13.06723720448591,186,14,0.08747568877235722,6.194858417375116,0.39316229960526,0.4992309761065343
train,train/circulo/circulo_0002.png,0,circulo,20260927,5688aa8ea689006378e7a99c08216b7c7c4730f6dc0422986e178e246f6915de,7.341315312520471,144.24645309955204,9.382910473252183,17.900773043159468,222,23,0.2841001093032643,6.195532791478748,0.32561074188666217,0.5098321441360316
train,train/circulo/circulo_0003.png,0,circulo,20260928,14fa6b80eca8e1ad12891d5856ac7088cdb2221a708df0f369ea680a8ea06c22,8.856430442003841,19.567935666697892,15.854251818258446,12.737881018625067,197,1,0.37588565942069463,1.4262515466496561,0.35836543375513674,0.4624004881755299
train,train/circulo/circulo_0004.png,0,circulo,20260929,6ee03873b563646cd512e2ebe2d3fec54a98a25fa285a51aebb04088a987158e,8.225869254733098,282.4998241176076,10.03282906640108,14.313168923294517,196,11,0.42649225701726706,4.800266568763014,0.3817202888392359,0.42899772294238003
train,train/circulo/circulo_0005.png,0,circulo,20260930,abb66f1d117f3986cd4ad81b6f5a3acd1af76fab71d77ab4970bfaabbc027bd7,8.460789254294411,131.97388665001404,11.436843349704304,13.158306190483291,221,21,0.4858965229485495,5.691472701772621,0.35636095358312114,0.4529653314266677
train,train/circulo/circulo_0006.png,0,circulo,20260931,a6a5cf0362f7eede5ec4af0d13ce813da8e3c1d096c43166a92266bb95d6bd75,8.48515263074885,132.4828652658101,11.132872419126512,11.96789685143083,211,28,0.49603964686641566,2.2693833730222304,0.4118667945209648,0.4978606484652145
train,train/circulo/circulo_0007.png,0,circulo,20260932,c1644c84c870b1edf4ec8764b0e8e9cb4b3ad7f520c5c877b17cde6726ec69e3,10.372396909698345,78.52543855091004,14.827529485868771,14.287092964290428,236,23,0.16222261088192888,2.837907650616098,0.3736503509272454,0.44667540829302266
train,train/circulo/circulo_0008.png,0,circulo,20260933,2653b28d8d0b7eaebcb9074dd8588ea9dc6e7b74bcdd7ef9ca6d08f47dcb1c5d,8.16153890821267,126.33985409476948,16.850564303277167,12.531190728013225,227,15,0.052317343367694856,0.618644415741443,0.40858867310101427,0.4843876127032618
train,train/circulo/circulo_0009.png,0,circulo,20260934,d39d33b392ac30082f008f321601d1eb81f89acefb6afa2d216cadff97de1c6e,8.80454248618386,270.07846003844037,12.185466527826433,12.793977783699653,229,21,0.30638693404186884,0.2649231675211565,0.3996401861681382,0.47057915226570995
train,train/circulo/circulo_0010.png,0,circulo,20260935,1f8d01a2e278084f6c4bbe7512f67050f452ed76007f43c380c16964516665c0,8.472077769631056,27.988520805396348,15.542781709597694,17.438964274306127,230,12,0.517632204067294,5.529054906637111,0.4232221517687387,0.4726470921073962
train,train/circulo/circulo_0011.png,0,circulo,20260936,d0475fe4f247401f51f62251b05971142af92d16429f36ada043a9bbf3960d67,7.751833256899989,209.94255213047074,16.883355283377103,13.542569406675181,199,23,0.27927212942496094,0.4473426884003051,0.42373483192815087,0.42626521680042984
train,train/circulo/circulo_0012.png,0,circulo,20260937,aa2d725c99bcb9e057450f47979c9d28344635ce2690b2de89e0216169da1f58,8.080329392088997,322.3956015275694,11.177687911316644,12.314608783249733,255,29,0.45951196735706346,2.1424061865779738,0.32310511987373236,0.47327898800143686
train,train/circulo/circulo_0013.png,0,circulo,20260938,aff81810db6b89586af92806b68da0a1636500d57f56dc9de7ad51767c80f18f,7.205266442222853,11.222748232596178,11.394458720596681,18.75605306805666,187,14,0.4254685860930621,1.5038991892112998,0.3947964176132318,0.4689003595428934
train,train/circulo/circulo_0014.png,0,circulo,20260939,9b904aaa3d78845b4ebfae96b8e07a57b6f4cc625f1f2745f1348c7b2f8d1243,8.267249179021297,4.009744573728837,14.18009142465002,14.920582663385025,181,21,0.3070271474930893,2.408160676294505,0.43764543195221184,0.44038375461755386
train,train/circulo/circulo_0015.png,0,circulo,20260940,6455be8b083e71b571e83d41babffe349a4dda49316add6e4f2b1b5a5571de36,8.586176241024715,142.3483431732261,14.684870685724775,13.336009267101161,223,3,0.169908227355552,3.481050304118641,0.363814513671103,0.47201285155427575
train,train/circulo/circulo_0016.png,0,circulo,20260941,d77306036650b3c592da0cd6942f465c7c0acb0a4b0bbcd5d0eb84d0e064ce16,9.209676974933453,2.6567608692365496,12.686720687523573,16.150573176283345,223,0,0.534199482600435,5.8722551287560165,0.3532694350172883,0.4342242872825123
train,train/circulo/circulo_0017.png,0,circulo,20260942,2350ffae92a67c480cc07b5c1a8936d4cb511e84d27cfa0d51fa5865dafa9536,8.579633784410332,319.1055114146387,14.432856118563887,17.429399841634655,253,25,0.08755326463951928,0.13286585418464958,0.4020510386435599,0.5143738351161875
train,train/circulo/circulo_0018.png,0,circulo,20260943,a02b1c2d743f048c92592fce6452640504286d7217fc4278129b52602e34c7d1,9.343617172594467,12.950610656291438,14.679341378999881,14.307941953386825,241,16,0.5751836341613389,5.896409336559566,0.4171075867967682,0.5115686871805541
train,train/circulo/circulo_0019.png,0,circulo,20260944,3dd33c68550a4207edd58083f3f6441d1e5bf3e13d39bba17d9466eb9c6d6bc2,7.8171015225111145,151.2109673641528,13.871652878855912,17.929811318458263,200,29,0.3120680021129575,6.311183090042214,0.35846662479357244,0.4922966501273237
train,train/circulo/circulo_0020.png,0,circulo,20260945,032dd3e54a0ae0e0769195299d622f6121a30b9dc6952f3b51592d897ea9385e,8.924374421291056,51.89212955899948,14.66127127407769,11.152927925469832,222,12,0.3735079332217796,6.1844901286937475,0.3392712714339463,0.47010989007197973
train,train/circulo/circulo_0021.png,0,circulo,20260946,0152e18f07eb9ea6fad300ae5dc9740a0ec80bc8d5e10c06d78d479709108733,9.359031380945709,142.37491550226375,11.958030967411442,16.618453878484242,214,4,0.5971343506695826,5.925776600864167,0.3501039354063443,0.4998120174462819
train,train/circulo/circulo_0022.png,0,circulo,20260947,92fb87815f91081a974c9a10454b269f75ca46d835e7d0f8de6932d184671429,10.334850034519619,197.8412842347922,15.50605794940494,15.237504113254408,219,20,0.2709733369212989,2.6495456950171006,0.32063101453927034,0.5198790086360302
train,train/circulo/circulo_0023.png,0,circulo,20260948,d54c656451672d68f4e725e46895c81f69ba2a63df172e6acbb9832fe47971c2,8.5179367743769,273.79648757618907,12.40802315119064,11.082659267275792,189,1,0.3741856104655618,3.1399458747772653,0.3820030115628874,0.47121218460169684
train,train/circulo/circulo_0024.png,0,circulo,20260949,8ff06997bd01e782741210367e7fbd17e25286d28335ca4535161da814e511f3,8.546289488851201,126.58723548107606,17.50940848654991,16.94479598192803,211,16,0.3977159408229496,3.026358496625344,0.3969105894759569,0.4913338999646224
train,train/circulo/circulo_0025.png,0,circulo,20260950,e3c03a5b7a194c5d0fe3d2adef2c063cffe68cdfd1fe9c1c9e5724a08b7b536c,8.694460784369983,184.86284689858786,13.087060799378344,11.15197941460223,214,0,0.42338324063259036,1.4167875393765526,0.37156094558787606,0.49626087629644744
train,train/circulo/circulo_0026.png,0,circulo,20260951,39393f698ca23e9bd28234110c16874a8fffd8c0c60ae2c109f01d841ef901ec,9.368882414459389,205.45130807638074,13.733528032845037,12.218064406252674,232,14,0.13473764017840004,4.599878642761333,0.3332081733314945,0.46626232601278883
train,train/circulo/circulo_0027.png,0,circulo,20260952,38a6754a0c1173fb2ed97c5319e182f4293cff9c394d24ebc40953ac4e16b857,8.889917840007913,182.13442981168467,11.669278273286714,13.474115793346241,237,29,0.5566514129245954,2.2994438873078935,0.36897277108931165,0.44842421171766034
train,train/circulo/circulo_0028.png,0,circulo,20260953,9a929200900808047db52c36cc65d9f2617cc07814d4051b22bff3b2ab65f7ad,9.713250726106782,179.4518798997452,15.673504109448693,12.052472817324837,185,19,0.04080257148794013,4.374572253940771,0.34537303894736443,0.43460706513688085
train,train/circulo/circulo_0029.png,0,circulo,20260954,65f6589d2e458377c0ce0df49f17cfacc20e8021e92e981f7020227598e7962f,7.000886921414492,47.423015062240815,17.323210244902274,18.69927955494698,252,26,0.11496959065068764,1.7195600383004992,0.42951482079870784,0.48208889101704944
train,train/circulo/circulo_0030.png,0,circulo,20260955,7c0f0406495812e054a150b8e95e09a867c168cfa7dbd4bb6129ab8d021b37ac,8.54426566463332,75.60455445867478,11.45673899691329,13.455304320754781,189,20,0.5536429863112711,0.537042194990034,0.37066295502382846,0.456979169804166
train,train/circulo/circulo_0031.png,0,circulo,20260956,5d8bc831456a75e92f2ff6358fb68e69040ce86b29e223ed9ad3013e1039901c,9.968753091314086,247.00215644101004,14.841121946975688,13.675330841210432,188,30,0.0702532701411956,6.629162522985149,0.4078906409779306,0.43169565392721887
train,train/circulo/circulo_0032.png,0,circulo,20260957,8517b4e2801678672cbed58ba4b3e69b350b1747aec3c2eb89c68348233227da,8.021810277106479,263.95060565170974,11.176775972705311,13.242370637637498,198,29,0.04643825629500708,2.323326138297128,0.37045932238237805,0.4230325054863224
train,train/circulo/circulo_0033.png,0,circulo,20260958,5bb5d57452575d896b5247cc41014052f976267a2fabf03a3b5abd46aa96ffca,9.123352673977159,134.04476233241,11.165556390297642,16.793016340082513,235,4,0.42505331431474286,1.867012728043363,0.34431938681720126,0.44031382201389613
train,train/circulo/circulo_0034.png,0,circulo,20260959,5862f655742f3e8ae28235e5fae97530eb76f47c274b18c951771394f1fb4e78,8.079978895842022,209.46546184382095,13.414686439563274,15.657219049184132,208,23,0.5297810212140506,1.229940318879492,0.37834403205739553,0.4996059336541271
train,train/circulo/circulo_0035.png,0,circulo,20260960,2dc731da5c25c6a0a9e5d02283439a386d09ac43fce0dbeaa18582a845af9fe8,10.132260510808749,313.6657142236401,14.335840542249745,13.25820407415259,246,15,0.3706959428922914,6.602873492472639,0.39065037045842466,0.44396806104250935
train,train/circulo/circulo_0036.png,0,circulo,20260961,c723e51701d624a746ef208664ad5bedc92c85c2fe6c415e5162d5c54fc4a4a7,8.925725730716938,273.6899681013444,12.497220352688831,13.643373122573209,244,29,0.009536208757701004,4.153970026341938,0.3585953115696374,0.49431324382220665
train,train/circulo/circulo_0037.png,0,circulo,20260962,552d87d1279b2d793aae4e3103909475748c885357e3b31accac92973c562c8a,9.738535516400502,354.0519421649001,12.242828859741229,15.601428787251482,204,15,0.14839950474634175,2.1762603616801535,0.4349327602255567,0.42389944964550935
train,train/circulo/circulo_0038.png,0,circulo,20260963,0603470248b53bf0c63a5c00a09a43f2a3bb5d2d873923354dd0da9023b1a812,10.103214627459664,124.28417331786501,13.31289961128392,11.972204621912708,191,18,0.3294156219343007,4.470037026396409,0.33946137184945413,0.5047981142992608
train,train/circulo/circulo_0039.png,0,circulo,20260964,62a247a5663e1db4fa5b12880e6e126fd6e6a7d59dadc641bf3668ba46deed0b,8.55975254898368,190.63887719894228,10.562433535546742,15.428638438930427,239,20,0.1598834151395481,1.8771039577422235,0.3737805673500135,0.5158871196675834
train,train/circulo/circulo_0040.png,0,circulo,20260965,f99cef854e53a0f06733c7e0d3e4f713423f6297611ae1b8f80e1b85f1aa8cb3,8.494291703937215,122.71478893291768,12.783973689305803,14.081932318432994,254,14,0.21037453248920593,1.3426938923857028,0.43355930053530223,0.4437583716259195
train,train/circulo/circulo_0041.png,0,circulo,20260966,a6464fa647825f532485220cc8ebc9a7dec0aae426c73e2495ada85fdff5cb3f,8.146668903266725,207.70422144093254,13.194438425414443,15.629956688520757,233,5,0.1334744642065635,2.3661812683175483,0.34012946964243435,0.46978625466629476
train,train/circulo/circulo_0042.png,0,circulo,20260967,a277fd4c2faa0b6f2ae56dc19d63792b1fbb0b21490bd282cf1a2abb785bc10f,8.624709456961149,162.121394859808,12.995834567196114,13.375229268045453,233,17,0.3401697956718317,0.35922174742538604,0.3317581726015495,0.49374727393729506
train,train/circulo/circulo_0043.png,0,circulo,20260968,726d0aed18893b45a8bc88648e7ab9b177a35967e9a56ee18a7c17b6bffbbf79,9.17142848912261,29.916232663550048,12.297620356877752,11.709747785951162,235,20,0.6066813907862205,0.99573138105456,0.3518216198119883,0.49310535370806524
train,train/circulo/circulo_0044.png,0,circulo,20260969,0efd5e746e4a2b6a677ed17d64f102c9ed50910f6913fe2aaf2d5041b26e5ead,8.123730585561297,249.3069185996953,12.375632021942605,11.78596710453527,242,13,0.07122969645764951,1.3799478558050897,0.40308575817423936,0.4395112695365545
train,train/circulo/circulo_0045.png,0,circulo,20260970,abf559a39c20e7c6695c89088ebab848cf08ece5f7ca62e81b11572b8d726896,8.65370272378172,347.46166268970467,13.244577514427622,16.80900629867209,201,14,0.6327498852476925,2.094804631932335,0.4071598998218633,0.4964939866503542
train,train/circulo/circulo_0046.png,0,circulo,20260971,f7b84f3cb4dfe4b9c7e2d5b3b4bda798b64008616bd7b088e991cbafe1ab8d5d,8.18723858558613,36.877409007017874,16.898124790619462,17.15298197647455,205,21,0.391753580745272,1.773159792675198,0.4154590521066305,0.4272112403126761
train,train/circulo/circulo_0047.png,0,circulo,20260972,6ee9dc57a43a85215a6c222c69dfc66773dfc104a0b9e1ce5ab4de1b5e99ce4d,9.829530297980615,359.2223346840281,13.810177892252327,14.188098436316352,189,23,0.6178552757684534,4.052849461013815,0.40969325009359014,0.4361585811353902
train,train/circulo/circulo_0048.png,0,circulo,20260973,6e5b6bc14d0949e927f4d543ca1e2026d99372c21c91f4d1a36919ae02302d54,9.798024881177488,105.38804349786864,15.165799290923843,12.045628616538295,213,3,0.5059793600016423,4.434555621220895,0.435377673807557,0.45849698011908974
train,train/circulo/circulo_0049.png,0,circulo,20260974,83954cc945f3b0b04756cc38390ac09c342767c542bba12c5cabfb56f917c58a,7.247125987371773,346.32268941908296,18.60631003420565,11.293502243843855,191,14,0.5335657622478477,2.366188702875773,0.4247891871126557,0.4939838192993895
train,train/circulo/circulo_0050.png,0,circulo,20260975,dc00220fad4de23613e33f6e384e90374c8a3ca006205f93600fb907bfabb125,8.717315907679604,282.1612055099611,13.850466876516247,12.091020649619875,181,9,0.23610019005004854,4.36059947456038,0.3707559802946117,0.43326318692456284
train,train/circulo/circulo_0051.png,0,circulo,20260976,d60d23552938ccf3e0182ab2e810df9bd0059a9f0dfb08bf734087aefa8a0562,9.853432630915941,69.62880426388097,13.311700139612686,16.289987713973865,231,20,0.03849499806463733,1.6886878056182029,0.3300565660584081,0.4427768456312867
train,train/circulo/circulo_0052.png,0,circulo,20260977,b1fc94cf372b8b41d1a0f03df472e52cc7c9bbb1e423dd8d75aa72035d418d13,8.417979387231298,168.45223905821774,11.765921168026125,12.458208192246126,243,21,0.014569781537879906,0.9266418199294892,0.3245954499639021,0.443846511197841
train,train/circulo/circulo_0053.png,0,circulo,20260978,94a44d6c1c994f11bace96a0504ee8e9ba1edca95e2c23a35a5b045d7f90ef8e,9.405559554141764,287.8928198800967,16.085348368639288,11.530445319495806,235,9,0.3457956740786828,4.143657897110724,0.4154920431876108,0.47049342026437946
train,train/circulo/circulo_0054.png,0,circulo,20260979,d51133b559d604feb88aa22090cedd9f492e544bda90235c86cbf604d17276f7,7.664730211827132,160.76162584537212,15.074773804655273,13.276322569559884,205,19,0.5037432310570933,5.217327663522849,0.3980241823046016,0.4728896290696514
train,train/circulo/circulo_0055.png,0,circulo,20260980,7b15d506f87e00e03daff4b7a64f914f7868edc42d94c3063b988d4136d1a1c3,9.871525622935895,163.67928446685232,13.406941393038299,14.534129259644802,248,30,0.40543204810265127,2.2766868887329306,0.43501049563722866,0.49361199477277967
train,train/circulo/circulo_0056.png,0,circulo,20260981,e28b11e0aa410c027314a2e20dc9ff18ec83c8f4b13971c5a9d414ecb0c97f7d,9.239613121050475,315.10581058026395,14.022068329856728,12.974858011483597,232,5,0.4316637688852055,2.2833734375676813,0.32207269578892195,0.5192693048461553
train,train/circulo/circulo_0057.png,0,circulo,20260982,4053aba95cb9fa5fa036c8fd0800437de7b40b30383f6d16b8e3b2256d1dbfa6,7.392155883088513,229.3943910645659,12.203929056829434,14.114828439996405,210,8,0.4037928038731607,3.0083561611401226,0.33438888210632867,0.4377025571584169
train,train/circulo/circulo_0058.png,0,circulo,20260983,326b879d5c332f742267ea2c7422f19d66340bafef4bde7be8908586855a07a0,10.271819401775742,345.2236566177879,14.583901458361936,13.606564940836513,247,2,0.3396715035065307,4.295181985164449,0.38838354151610105,0.4565490183903831
train,train/circulo/circulo_0059.png,0,circulo,20260984,b2fac5437c1e9604aed04665753562ac4fa6dda280b57b0c329b18d333417933,10.169423215377014,213.2135938797151,14.004214338706909,12.040908448451194,229,4,0.039229196416991435,0.7110570339399441,0.34074538597725323,0.4644269520958428
train,train/circulo/circulo_0060.png,0,circulo,20260985,ed54f4ffee65eb5c7ea451e28c0cd4a46393a1e3d6d26af7ab6c11318e9ec648,10.089810930778087,332.9459639267883,12.024011680069563,12.089799674538012,182,20,0.3198322447910704,5.90534846637445,0.335870619167961,0.4913933950327264
train,train/circulo/circulo_0061.png,0,circulo,20260986,7fc60b47ab0b1dd785c0056b456fe9163b00c0137c29f72ee064f7287b8873e2,10.43507191099829,83.50973926834915,14.228612674874014,14.253650227067562,245,22,0.5621765958772229,0.5981583873121745,0.34354749623407466,0.4424668408231406
train,train/circulo/circulo_0062.png,0,circulo,20260987,873f32d23f503f90a55bc669f117a6b5f3dd445f90005035138c4ee6e5f5304b,8.542466576994213,209.43431956718138,17.151583752303367,12.903416740968215,205,10,0.4766453543706788,1.9262723811399027,0.37469337888708937,0.45823385040635906
train,train/circulo/circulo_0063.png,0,circulo,20260988,3ac9d49ec8235621e3bc1ad1b801db6ebc24bb3b26bdd654399081e9ef057433,8.0728602619684,91.23386937575268,17.566084058834637,14.877376567772181,204,6,0.09827087233187534,0.7384332151679616,0.43376514106183295,0.4766372806536518
train,train/circulo/circulo_0064.png,0,circulo,20260989,cdeb3c1a25fb444a08ca684a435bf24d5e40308b2aa2cc6b38276e326e3f3d16,7.064942178466168,214.7576598919997,15.504006212725473,8.912055219779104,204,27,0.42332824650311907,5.2128085847486,0.37078884768196063,0.49160650682925144
train,train/circulo/circulo_0065.png,0,circulo,20260990,d393b3982dda514cd0ff6541f5bd7ff3481d3f8b877844ddaf48b9b40d1d5112,7.013424288958176,330.6415084775651,18.713014226301738,13.612263112290448,234,13,0.4575075686696501,2.601996758179848,0.43327802579885566,0.4906763579281743
train,train/circulo/circulo_0066.png,0,circulo,20260991,bfff79d327e073735372f6889df4fd95142db5e227d0cacc62c67b231cc97cac,8.425868391353275,176.86859776235863,11.893886868938564,15.563492395312947,255,29,0.6446896987108071,3.567379850325192,0.32453751460182845,0.4308343187619754
train,train/circulo/circulo_0067.png,0,circulo,20260992,41f7a978c0f5879bcdac0cf643dff0ef2fbe7516a7f19e22bf56760e2a2d2316,9.399409521249503,84.1496444656621,11.992484887598405,13.889739977426409,244,7,0.4976719151665392,4.668838437439767,0.4103032008039398,0.5097059313854437
train,train/circulo/circulo_0068.png,0,circulo,20260993,e479e3af92c7048e9c8dad5c4570f1e1e54e12fd47e566c2b94a51bc3dc51a7b,7.434442869179437,204.94676232718274,14.164119839755335,15.235993013710727,242,13,0.4129909984691385,0.34975979054652073,0.38672271233196714,0.4758093284893372
train,train/circulo/circulo_0069.png,0,circulo,20260994,15ac8a0602d8db3bd808cf61b7162ae5cc8ae751ceb23af11fb9df9d4251887b,7.692595461911765,8.20263453368805,16.19452148613412,12.115820357257634,243,29,0.17684624583374656,4.824337280501654,0.4320180370191874,0.5116730599136965
train,train/circulo/circulo_0070.png,0,circulo,20260995,c453f0cedc36f868673dced233ba84af23774f63856a2d0bb604d264c0110b05,8.594797912922393,182.07366962666234,11.289894609548396,10.669677454230197,239,22,0.18857973252688995,4.595143313958685,0.3423419518978012,0.5032691732609686
train,train/circulo/circulo_0071.png,0,circulo,20260996,f05d46e462049632ab5a7d92ca29ba826b40f4ad7e6389879a0fb3fa0f7dd222,9.517133616401257,354.3072596891505,12.284312229416171,12.066778782427596,229,6,0.1595477688306957,5.670349448740175,0.3653435792439168,0.4294751103306923
train,train/circulo/circulo_0072.png,0,circulo,20260997,4ae88441571300bef05755b3eaf3b0da3d457cd28a21673baef140195e37896f,7.075958633456281,107.11680478648152,11.680268568645076,14.426796659594238,188,3,0.5824763083586759,3.83432250842651,0.3678290551250266,0.4487617353022433
train,train/circulo/circulo_0073.png,0,circulo,20260998,117bc224ce05f88b747eb78fd46be7219bab0d58d98a569d464e14c6219c9c27,8.750964079939816,105.53496144429478,11.220359279427594,13.89563054520159,246,23,0.44727764113410423,5.215899249389349,0.37648447032924043,0.4752720887213585
train,train/circulo/circulo_0074.png,0,circulo,20260999,61e4473732c035d1bc33fa84ed7f60915a1232c430c89971f9fa12ee3204b55a,8.546502924506838,243.03406846827977,11.292103440083398,14.462885346571422,248,30,0.5620557976338516,2.392584748044909,0.35370703654305174,0.46047637866219104
train,train/circulo/circulo_0075.png,0,circulo,20261000,d7b5552abd298272a98a3fb999222509f25304e2eaf83599e222d904f9f91e0d,7.137045748757267,228.54863334714346,9.930405311674287,16.020187495021574,236,17,0.028194520619556452,5.133415415375197,0.34782500912711556,0.4528006618053791
train,train/circulo/circulo_0076.png,0,circulo,20261001,31f4e885dba55ddafb062a167c82a77852b542ca41271e7003d60dc2c3b20e71,9.243159543513464,285.5953743583076,12.922622090748344,14.259772028013488,202,4,0.2430982620118448,6.100324101644671,0.32557212324499296,0.4835800349387105
train,train/circulo/circulo_0077.png,0,circulo,20261002,a113f07cc2867f299b2a5ba3594cfe63bb5435c206bbfff22412e244009fd79c,7.488098895168915,36.90482598727274,17.94210805484946,15.646764359696597,231,17,0.3834389532263192,6.928097631447742,0.3459218602069962,0.49753837323304256
train,train/circulo/circulo_0078.png,0,circulo,20261003,812d3496a211463cca1a3fd84d4d141a1e8d612e285372632a4e909b7a39bf97,9.200747191201721,197.76501100380545,16.904687291553316,13.459318041240012,253,9,0.4215067395674496,3.301905030607602,0.35981101870524324,0.48456529875094895
train,train/circulo/circulo_0079.png,0,circulo,20261004,ae108dc47e8b414b12189e11b3f283346be8391c791d20bf618852d499964c9e,7.171629435728574,146.2887315536643,9.849057544376837,18.53156771965849,228,7,0.6216476880011403,6.848182832940907,0.3947554119532814,0.5132966548417701
train,train/circulo/circulo_0080.png,0,circulo,20261005,adee6955cbb1dde78af4aa9c809d72c5060a7ed36fab928fc2ada1ecc82791b8,8.187437269602782,145.0595648253365,15.026743251976875,16.096590513863436,212,16,0.3231622384298399,2.0289411994870115,0.34244066075447105,0.46481741727414333
train,train/circulo/circulo_0081.png,0,circulo,20261006,0387c6b73b7f1757e39decdbe1f9fa951ed9a71d2ed0599a65572fd2c147d08d,9.839417808586312,116.0730558208223,14.228991004501745,12.63407665286178,255,18,0.17598072926881453,6.216910879281468,0.4393153332235049,0.4423236900741928
train,train/circulo/circulo_0082.png,0,circulo,20261007,95cfd9ba9f67a1b12de6290aae452e03b3092ca10f6dc79f65879a9cab3fdc78,7.69622857789262,350.7573538045255,12.46790763651677,13.360414075593944,223,8,0.576846057806108,1.6868795031073915,0.3803633185222972,0.5108955225148801
train,train/circulo/circulo_0083.png,0,circulo,20261008,2cde21611984f5afc3f417ccfdfc701fc57fd2f9498e2ad38865b9e970e949b9,7.439727610153509,349.42223896180013,16.494525981109046,10.279176970381194,197,10,0.11684360513140868,6.560380003783852,0.4389678338674901,0.4596612792247965
train,train/circulo/circulo_0084.png,0,circulo,20261009,72132145a9ef9ff2f29e3740031ef4dce1848fa2f455c0bfd0f24da2357d2ba8,8.65515940514422,149.12469156705768,17.205830797696557,13.336656752106139,202,28,0.229971802237963,1.1179111583578116,0.3940833014225275,0.4409225867765002
train,train/circulo/circulo_0085.png,0,circulo,20261010,ce110208325fca1c8fb6492676d3e7a57869374b771bfbbc6684a123ae7c9835,10.05265683081251,11.07634744233684,15.020813692885408,12.296131152490451,216,10,0.16537590115121056,2.3732283970893895,0.32355279706738027,0.4491336509512552
train,train/circulo/circulo_0086.png,0,circulo,20261011,2d645168ddd14b6e494e90370379bee1893d584646906544f31fa074ea719ccb,8.488020382557098,8.327757710704375,13.56683821622372,11.224691913609865,215,29,0.53159184044936,4.7749356646197585,0.35847180533299144,0.4925778889932288
train,train/circulo/circulo_0087.png,0,circulo,20261012,cbd11cf7024abe7048ba72ca53ca24b6a852dc6e6af7a5a743fd168acdd704d6,9.137032077921013,148.507106617272,14.682294160809633,15.569007442747996,233,13,0.6461837961241004,0.9739264020638295,0.427029965083856,0.48520943969727376
train,train/circulo/circulo_0088.png,0,circulo,20261013,3757af17b8cfcd97763990b7f3c9487d8d37cb765b45c108fc4b796738558f26,8.257149446171859,84.66506901017073,16.14670065025632,13.083439642355463,183,8,0.0528872038330856,0.6345408461545738,0.4018377919735467,0.43095808145783887
train,train/circulo/circulo_0089.png,0,circulo,20261014,4d03f34bc15c40f0c8105c2892a3dc8799613d41a10fed8ad8b25b6b96317110,9.73805087032731,171.6312464917442,14.472779439580197,13.540648432402179,219,17,0.4746994749351793,3.695437802411681,0.333916017417898,0.5070121934208787
train,train/circulo/circulo_0090.png,0,circulo,20261015,12ea922205c7557721d283adcad4feaca74c02b7e51ffa499dcae706ef9c4cf3,7.9831137654358795,211.507321508493,9.821295795537702,16.235698465984942,241,0,0.5751638029023228,5.5838885088863535,0.37698787027058056,0.46127794730483396
train,train/circulo/circulo_0091.png,0,circulo,20261016,7a8858c88746ebd70627dc697090e48cec814b7b1ca109732db3d8c2ae1d6b91,8.208007067561592,200.4173871103397,15.777763899812001,12.057885470299713,222,6,0.35747251641021327,4.81272758420481,0.3950932611321425,0.4697547761948243
train,train/circulo/circulo_0092.png,0,circulo,20261017,a64cb4f8d3f505b01c8e2d7dbff43a0a6de5303b35abe65456b4112eeb0b26f1,9.89647807085524,182.68608066212144,14.217935662367488,14.816011795118465,182,11,0.25089590517362864,1.8988176161594033,0.43487051131733995,0.49695725513765543
train,train/circulo/circulo_0093.png,0,circulo,20261018,49ab9f808dab55bc4debaecba6bbc425bd3c7b50e3ca6caa6cca5d2953db808b,10.06119627690177,138.99728417914147,15.535770216015704,15.1547565872106,232,20,0.012061681147393833,0.01627875264704748,0.3240866413875475,0.49340877912246545
train,train/circulo/circulo_0094.png,0,circulo,20261019,9d02713bd14d92597e0d87548f36747d6c63b7b0ebf0680576080c6578cb0a68,7.884555679326345,265.8266153432133,13.16763227310759,17.950359346427433,225,29,0.18609064300239256,5.512790156834591,0.33777789987982254,0.473452560144117
train,train/circulo/circulo_0095.png,0,circulo,20261020,a9ec0308b58f4079a2b95f389c2e8d4f333d64150b3077e8f0d80bbf815261c9,10.044569494547464,48.23398065755404,14.920715977209435,15.708337195473051,210,2,0.5950510727271995,1.6029235000259763,0.423251651352006,0.457266878754068
train,train/circulo/circulo_0096.png,0,circulo,20261021,5da0b20f0ac42b11fb38611d8f76068c8813aa495aca0ee18d974e7d6d9936be,7.752903036931899,9.322355790264808,10.016174528943061,12.089453149867873,221,25,0.5904223292302829,1.539635516019396,0.33956622800932607,0.43289020268760275
train,train/circulo/circulo_0097.png,0,circulo,20261022,9b81237d531d69c3d7debf3a085cb852e90a57cb64242e62eb884c78ecb61c66,7.4994734905143074,0.7860586031568406,10.639296760940118,11.897622699244007,180,23,0.29809671006758914,1.0969469513651977,0.33971562309263703,0.4459951256636655
train,train/circulo/circulo_0098.png,0,circulo,20261023,a63610caeb3c57e0883d61d77d99d11f36df7db839454010389d69e3a332dece,8.103891513873453,214.7630078517782,17.628233375655512,12.048908512851789,196,5,0.5547729477406745,6.578109276813095,0.4340114015025141,0.45163838984491816
train,train/circulo/circulo_0099.png,0,circulo,20261024,96a457658a25458a88c0749c11fd658f2661ca6a322cff617578224c6637017c,9.654354755141119,176.8051138071975,14.743587544772282,11.654966993097958,183,23,0.25732847796798414,2.1915551573282666,0.360445656102616,0.4882149147648147
train,train/circulo/circulo_0100.png,0,circulo,20261025,cef06abea67e56239445736888d0ac39b9c18734cefdcf85b3bd88e2dc02037a,7.560666551609165,51.26454245027353,10.119863455095075,14.441126564697516,184,9,0.35465748559846094,5.540077762000538,0.3574938022985075,0.48694867100189665
train,train/circulo/circulo_0101.png,0,circulo,20261026,30b752372264f479b85805258d504f3a859003cbe3a45f3f5ecb3f79d1b8073a,9.75425599366892,226.6413009756271,11.651674538325299,14.15899497411024,254,24,0.6295780163661924,5.340095392294394,0.42901908106234726,0.46679662995270477
train,train/circulo/circulo_0102.png,0,circulo,20261027,7b893fd9d4a854fa88c24f4c31a5ef8caf8df009f71545829c07c8d11cbd57fa,10.454825910402661,346.4130241606486,13.592628242060337,12.7500562198863,228,7,0.230470785668014,1.9611694077955608,0.3240641271211757,0.4643133719034701
train,train/circulo/circulo_0103.png,0,circulo,20261028,fc5412d9bbbdb34ace6be204fe02b9a4846b9cbe425f05fdec8d8b1e013e6bb3,7.056111512258298,60.88476736910212,14.621105486361257,9.495396532508394,243,21,0.4097256560815283,1.2785150796053761,0.3985429562938137,0.42216516882017774
train,train/circulo/circulo_0104.png,0,circulo,20261029,0887f52a4365bb9902c1816f3c845362f8d0dfcc640852c92a6fafa03730c6fe,8.48933925822103,345.8293453686301,16.253339770433584,13.956129383970879,244,5,0.5026055293985711,2.40065941240036,0.4373538266751252,0.5061860510249229
train,train/circulo/circulo_0105.png,0,circulo,20261030,d0405955eec3bbab01811b7e6fd6cc8714e1e5f1d4e86b2421f4a003cc50614e,8.631130720760702,220.69453795920552,17.421796410202536,12.233105350718674,185,28,0.42528358981353626,1.2412797965891382,0.34359350186420756,0.4674725222973445
train,train/circulo/circulo_0106.png,0,circulo,20261031,41158357ed493b288c222503cd784585b0461fced95c111ed381dd1229845f86,8.241843099842704,205.55005520189033,17.05031905007975,15.47873324508829,182,13,0.4448854106498251,5.708937420766439,0.3352244881906846,0.48884614292179085
train,train/circulo/circulo_0107.png,0,circulo,20261032,301e2468b94cf8c099cbd507f7850c5899319ac92881636fae315a9a4845339e,10.153256588264345,218.88231374886237,13.891554213098326,13.608004070971118,228,23,0.33691062748581574,6.453024497023158,0.4289395769684857,0.4633791078435748
train,train/circulo/circulo_0108.png,0,circulo,20261033,b3dae289295112613b89a76f21c5f14dab018f960fcfc3e3fcdf13bf4a6c04c3,9.71869625390225,126.7765128563169,12.07960228478814,12.37118041292537,208,3,0.5803190487418419,3.331399728120366,0.35755050956991796,0.5115148768738959
train,train/circulo/circulo_0109.png,0,circulo,20261034,d7dba5d9347d82232e14046bf34235b9d05aa10c5c0770bb3f1d9e00576d8f8f,9.514644013929974,44.60609464429286,14.481767848616748,13.059991214763635,185,11,0.3825870172227845,0.009778988976869574,0.3821255170293857,0.4410027925064266
train,train/circulo/circulo_0110.png,0,circulo,20261035,74b3b4541d1e4e8645215ed0e784c14aa15840ec6fa701e2d82ba7c96e167b3e,9.982607432796726,89.75494097269787,14.84032751191665,15.749943948321928,194,9,0.02468105564898679,3.825525335109081,0.3671841011885394,0.47321880249894294
train,train/circulo/circulo_0111.png,0,circulo,20261036,f0a56f18b936ce37e99bb375974ce6fb000be8a5dabbe21deb7d671fc7ac13ee,8.996980239829956,220.77303419162658,16.84323267887958,13.652431665902885,197,20,0.3112385579675956,3.641063109874884,0.3332188230218857,0.4205253623534992
train,train/circulo/circulo_0112.png,0,circulo,20261037,841b2b9842c7781b4280ac9c56e5cd362f1ba6ef03eadcc33a2c3ed8905268f1,10.345146230450549,133.37101176041915,13.782962918684467,12.730672460856063,236,26,0.11107818429948264,6.8625268403048025,0.3974419797935744,0.5072739614477184
train,train/circulo/circulo_0113.png,0,circulo,20261038,d568fabc7949e7529e3615c78a451454fe496e7f0563a2924ff09a8fd9018ffc,10.195571948719314,155.77338487400792,13.33681942626028,12.880045421388953,210,6,0.19616129939562393,1.6963054757940719,0.3874332023481725,0.48878263766032715
train,train/circulo/circulo_0114.png,0,circulo,20261039,a922b4ba735ec04755391aac0f970b5bce10e880d7c33d289d0932c799b65b47,9.589500755111839,39.882303647906944,14.005212795343027,16.29690400700255,221,12,0.09558259831286052,2.1922982278395375,0.40908378333952267,0.5138617282983664
train,train/circulo/circulo_0115.png,0,circulo,20261040,824f41fae4e975aa702f390773bd3b71452d4d5448ceb74c3eb4b66221c29543,8.283279466977783,221.32359093471567,17.35880713665569,12.417732723301812,242,17,0.02174855639859994,4.227408083366361,0.4377805164356187,0.505120081721884
train,train/circulo/circulo_0116.png,0,circulo,20261041,96c480e7dc15ca9d0ac47002c3a35281c659def24f05d0587230598bda7e2be9,7.242408183319403,10.942318586397283,18.229903907662877,14.770007584651928,201,26,0.4030663322399509,1.0331582754055275,0.35686434662030075,0.49331787735808635
train,train/circulo/circulo_0117.png,0,circulo,20261042,89458243ea912eb5d4fdaaaba80274a9e146b1e8261df47314c633d389f21414,8.675141951608406,5.856566375739782,12.87472890497021,13.638920332951333,254,15,0.1736198152021381,3.464740424011641,0.36017079870226115,0.45212813108361743
train,train/circulo/circulo_0118.png,0,circulo,20261043,07fa8cd5e0d22542ab901c9c634dfa62e6e17030bc1746211026b31ef12ef362,9.619839838383069,287.90908377689584,11.642314661788374,13.298630254247804,242,25,0.3893623906833951,4.2675027404997925,0.33063346834163926,0.4486086137498962
train,train/circulo/circulo_0119.png,0,circulo,20261044,f243e764f69091227a71625bfba8af55ec0f8b75b0a7e2ea03997a9646d92056,10.239009881282037,285.8444787353988,12.98919320437223,14.163339541445634,241,20,0.35008076224036805,4.419106794287236,0.3241618797250989,0.5163441328623458
train,train/circulo/circulo_0120.png,0,circulo,20261045,833803f6acee67c8593f4785df65c244d0a60d0dfe249399f080c6cf854cd6e6,10.117755840240257,359.8855374905515,13.384081726629868,13.20543744948374,219,3,0.40163773734043473,4.077043967424287,0.41291256632620316,0.4257565327586433
train,train/circulo/circulo_0121.png,0,circulo,20261046,b256804ae0e44761e5ac45b799267c2398cfad3ab35cf0f14d00eadb915db5e3,9.753569032401929,293.97362819093337,15.641867211937786,12.975297869333223,216,20,0.09163890560330716,0.48107398094279763,0.4232874063954285,0.48265508468330903
train,train/circulo/circulo_0122.png,0,circulo,20261047,4affd5027093527ab2ec683318a184458a724e88f413966459df7a20c5fec284,8.430353909402324,338.5159884594031,14.085449113339099,13.203868274147872,248,21,0.4042868283290805,4.965145791205498,0.33987095581890564,0.4852697666114255
train,train/circulo/circulo_0123.png,0,circulo,20261048,5d0e8dce5d09bdc5a825ef4f704f0d76de3203e24e0264cdee631f7488e8d32f,7.378358821632384,184.4088114202997,12.619622912547264,18.73897003965251,242,6,0.3478444729126557,0.3226011443174094,0.3455062306517933,0.5174407655734236
train,train/circulo/circulo_0124.png,0,circulo,20261049,b5d2148f4b9d7b04236a7c22fc8ecfe6f8757fd8804ee3b1ba75c9df57cc597e,8.699093685182325,48.92132538259238,12.650187252636977,12.840740039753692,209,9,0.5737130184786444,0.10332785938026434,0.38245135886637005,0.4947329352312054
train,train/circulo/circulo_0125.png,0,circulo,20261050,a8580c1f493e099e9d8586ed8b1050146dc69f9c5d179456f98e312c144d0f7f,8.35809496118306,54.201765851356015,16.633227423812986,15.578397815131844,189,13,0.30458801815899383,3.087532712801732,0.37675691091587815,0.4653979567287324
train,train/circulo/circulo_0126.png,0,circulo,20261051,3cafa4dae038426eb02e295ceb7572811761264ff21e2dc048e4ad8b0bf9389b,9.911573564487302,83.18147087800372,13.534032059996845,14.969821430067876,189,12,0.1780692038007744,6.160167262886043,0.3899181133246089,0.43885596483886075
train,train/circulo/circulo_0127.png,0,circulo,20261052,8310f60b7740d070145bbd84a967af2ab1fb11f64a65e9de556884e36e1ed620,9.680527007336082,288.1466922197972,15.891847696555331,14.770066691796671,233,11,0.20744530796023314,1.551434782608109,0.3624478132952395,0.49723878719247794
train,train/circulo/circulo_0128.png,0,circulo,20261053,30f70ac084eddc4d5bf09d73705b62ff58cb53746b359f596054a033951b1000,7.140905212631651,109.63941233607385,12.354053316467901,9.041947247572145,245,5,0.1957151209907428,2.511642806552419,0.43018559756529046,0.4857568534834001
train,train/circulo/circulo_0129.png,0,circulo,20261054,a330568f63139369942510ed3c616e943e2af44ff9caf2f89ce10c4e26ba3a58,9.561484727962704,11.322598855249103,13.615881745719209,16.39950599504834,184,5,0.16231261299705735,3.615710429817861,0.37776905088320273,0.4505305247862137
train,train/circulo/circulo_0130.png,0,circulo,20261055,45eccf6efa31540f6c68948358943dfb80d2be7ad6f743b36654ec9fd5be1cce,8.106061242765932,173.002284607736,14.553278051956653,13.82950045302112,217,26,0.08378149164627176,4.2119468431963805,0.34152340760915395,0.5172431660691004
train,train/circulo/circulo_0131.png,0,circulo,20261056,56fff6efec273d3998eda89a336e62628646d99c16ce6739d2e604e04e7e60c8,7.503632586890632,56.08029910741456,17.06962730482084,16.8301764468758,215,15,0.2290048828265203,2.660217483932919,0.3375371832276025,0.42515802658589286
train,train/circulo/circulo_0132.png,0,circulo,20261057,089405df14df2ea60bedace309daadac9703049c82ba1e70d1e5c70186d383f8,8.390986540831719,177.7202707724449,14.855921966343441,17.100823318251688,211,12,0.26811950467559675,2.823537263621888,0.3889959947792951,0.4323730188369473
train,train/circulo/circulo_0133.png,0,circulo,20261058,4edf36be04fdf212056ee754fff8be25b05a4a0008aed1addd9e3a8a072dfc66,7.693812578770279,355.5740204329375,13.445569290442005,11.43442834093121,188,12,0.044342375972579735,4.695770246939019,0.39959627536720715,0.4644389903475379
train,train/circulo/circulo_0134.png,0,circulo,20261059,5a99dfaf9d9c79d764118fec31c48e815d74d8a3a768962d59f779f583153f30,9.434197461004068,226.36953894885661,15.790536535844982,13.356583471837272,186,20,0.42461898758737404,1.4320657048964216,0.32041215765916503,0.45508145364358
train,train/circulo/circulo_0135.png,0,circulo,20261060,067aad3f164f52efdd5fd51a7f3f064c5cbde6a9b2c5b2d033b108cfa2f942e2,9.387832575196917,101.69501849553818,11.714502888425818,15.51676738607092,201,26,0.13101770313992442,6.19573396197886,0.3831301264920788,0.4295959360881349
train,train/circulo/circulo_0136.png,0,circulo,20261061,4270030afc722ef344ba620d1b65d9c9e0df31fbeb736f9a91f6fb753a7f14a1,10.0772423814079,229.02117429315115,12.592893334294963,13.832512735790296,224,21,0.20724486537206896,3.994329531825033,0.3749658428625321,0.4340658505693116
train,train/circulo/circulo_0137.png,0,circulo,20261062,1ecde73997e354ff54fd08e00c1cfb774254546c5f08f98f895f0705dbccac09,7.901697322846813,10.711922221785523,16.89255351567061,9.882230455375126,220,18,0.46446686872973536,3.4322724520782697,0.3940413993427036,0.5073096411615777
train,train/circulo/circulo_0138.png,0,circulo,20261063,a36499ad96d9035ea70126266285fc3dbaa0cb19d9a09e2058eea6852da0d53a,7.414585289996714,256.0449744354205,14.467277153485746,14.624755621231547,202,4,0.2806133736330704,5.785414721458073,0.3858767930857379,0.4686499133670728
train,train/circulo/circulo_0139.png,0,circulo,20261064,9ac409288a42808e73cce4ce27505cf54ba5ed53c566ded88739c69a4323c2e1,9.190624455891399,86.39303221108062,13.65313053041234,11.66646553442499,195,7,0.14522522694564555,6.4368311918720025,0.42958831929589547,0.4747162520248515
train,train/circulo/circulo_0140.png,0,circulo,20261065,1957818be4469bc5516e397c9c0855cc782dccb565cd9a15b89a1bdc3cd78ece,8.079119210169113,301.94053396239906,15.752281089821636,11.070656760046289,188,9,0.648328272807086,1.3889919945565927,0.32465202823970124,0.5107758900146242
train,train/circulo/circulo_0141.png,0,circulo,20261066,295450a57dde6924757ba50d37bd433de967fae3b5576e1896346e664cbbfc31,9.282132956352315,23.349735321014766,16.248963805782918,12.952389329984765,227,25,0.25580248854517934,1.1041451486000193,0.32103681575891596,0.5172090781173787
train,train/circulo/circulo_0142.png,0,circulo,20261067,1e446e68b9cfcaa73344e52811f84abaf2f733b8ff24b39aae0355f47b99bf49,9.545795881337163,300.9393076050746,14.206290669177797,13.464857361168661,240,23,0.006522170948244971,5.069301730981026,0.4206197497322851,0.5006534420573083
train,train/circulo/circulo_0143.png,0,circulo,20261068,9c882f735f39a928d4f25d203e9e42269dd5b881672557e8ea75036dbe5762d6,9.428169573194456,277.21853798157014,12.566340814290072,13.499243461823047,213,14,0.2752370928353497,3.6843360900899276,0.4314010747527529,0.4373629500928491
train,train/circulo/circulo_0144.png,0,circulo,20261069,6aaf80215dde53e2ca6ee2f5790fcf2dd4d8d1692446ec07888bd661f1d8b7f7,8.52182588664464,165.65103134429975,13.040085737793587,11.18919301445874,198,27,0.5551314436747571,2.3877942865545276,0.4248519307992109,0.5131035873206174
train,train/circulo/circulo_0145.png,0,circulo,20261070,36dcb4eb70cbc49d56c47b6cc491af9de4ac8cff0498443c7f870408fd5887f9,9.312141733554576,39.64236120529195,16.06964982767317,14.015545884525604,216,20,0.12284053867757183,1.8049482534121242,0.3538740840604975,0.48333063847629204
train,train/circulo/circulo_0146.png,0,circulo,20261071,c75ee81bba8468b835313821599c5905d40529ca6bf8ddbaa9f572235bea5a2a,7.8785505177942925,276.33368987212947,12.80029805925884,11.400824327165678,239,15,0.39980802869263116,1.353171863142188,0.36907606917263136,0.5163187166449767
train,train/circulo/circulo_0147.png,0,circulo,20261072,b7de6ab38bf2371a747373c8f319e9c26f5d495fcb96b901d7e6b0a484c7c822,9.997664411960713,98.32065280804865,13.453717156323362,16.11057342576904,201,3,0.47364460716203605,2.6911137045213405,0.34667124297747337,0.47962663168986525
train,train/circulo/circulo_0148.png,0,circulo,20261073,597ca79523638e0b68632d8b54d3b281a2c2c1f5c4e673d31673e275ad06b8c3,7.217824719270813,223.77301289801542,9.545805465803593,18.575219632482558,216,20,0.060303210117385854,2.335619480922847,0.3612419623319033,0.4348588815230838
train,train/circulo/circulo_0149.png,0,circulo,20261074,95d751739a7fa5608508e469f98976918f99e88bdb421528ac358ae2a4674f84,8.362717129816161,13.184658179117328,16.45590448374245,14.241883930060045,186,30,0.40103451597381035,2.822331958626589,0.4250956949715483,0.515583656889196
train,train/circulo/circulo_0150.png,0,circulo,20261075,4676a8edb5f199e2367c53c303149999a165f5056ed46df680620d8b7471e32c,9.159261327852803,118.68314599850167,15.436547836516823,16.08740689946911,195,1,0.3504721109579071,4.405947545006793,0.3517354950713362,0.49850392485728146
train,train/circulo/circulo_0151.png,0,circulo,20261076,32dfcaae62629ebefd835042bdddb240e7254a6b0784d00e6cfa1eef93a023a4,8.660861563590107,126.5443682933296,12.720048042525757,13.549732457567133,223,15,0.2846286880779715,5.81237212912959,0.3490869915807255,0.4252040931737459
train,train/circulo/circulo_0152.png,0,circulo,20261077,a0925374029a0ec14f61456efded43d7b6cc78c722c93d4b960c5e28684be932,9.080143896680498,250.20424600626717,16.934466588097433,12.414380049705885,180,26,0.34363089224358717,4.619933813894698,0.3936717155312286,0.43434788034752925
train,train/circulo/circulo_0153.png,0,circulo,20261078,7b10719b40724b7b7ee7fefee5b21f04e6625e5df76d349a2f58d896877e30ab,9.594193420910592,199.51082057105097,13.537654015341653,13.309331466584688,215,18,0.0873219844262395,4.067914548120575,0.40659092596749086,0.4847641872628091
train,train/circulo/circulo_0154.png,0,circulo,20261079,8bdf7ab2937ef9233fcb37599be6538acc143ab9b0594e11a7f5d5ee389cecb6,8.502702837623419,19.651086935032176,17.695068189018343,15.92982102033017,229,0,0.09286932313220983,6.960620596458183,0.42295016844368594,0.4341465451146659
train,train/circulo/circulo_0155.png,0,circulo,20261080,27275bda35b13156bace0766acd0c50aa5120c05382d098bdc83a38911e2ff4b,8.414676578918662,160.3422373337241,12.900301754141243,11.90189917542764,218,3,0.2454310394124225,3.057231401263868,0.41912176156682107,0.4286008043226025
train,train/circulo/circulo_0156.png,0,circulo,20261081,2c47d112489ca5dfd2d3dfd089a812739cd5bd963e372820dfd213024c0b35a7,10.190030985736202,196.36929263586816,14.037138706735714,13.171499381864882,200,10,0.6012397463846031,5.643862120635102,0.35715603005300167,0.4780907835713877
train,train/circulo/circulo_0157.png,0,circulo,20261082,b47f51c5858742a6494a56adcc35a8776af9a4a78b204b7cc66275c5f1865878,8.846909986544784,283.9701231230759,13.89200192722249,13.287781955091045,228,18,0.44243485724680204,4.3403436466974235,0.36457767008332154,0.4279834408384763
train,train/circulo/circulo_0158.png,0,circulo,20261083,1bbb5fb1310b25a9e4d625d12c07a821b8c23f1698c546c0511396199e5b8cf9,8.415792239725008,352.9269047031034,12.371070887458929,15.883225598193864,252,4,0.34643544358877876,4.329365227302057,0.3559450075266853,0.4555345819504582
train,train/circulo/circulo_0159.png,0,circulo,20261084,c691c2c69e5a6d370549e7f6343c6ee0b0792cabbf063edcf91b3515ae65b72f,9.192317894347429,111.29864166268351,13.163569661793195,12.650272692444982,248,11,0.0900657890306122,4.5094729146112265,0.42083722171145366,0.5135463600078622
train,train/circulo/circulo_0160.png,0,circulo,20261085,ee14f77737401f34bc889314ac75412a5031ab9f100e2aca4978174a02c5beb5,7.268563931812584,4.067949199965493,10.579066826201235,18.102691432648854,205,18,0.49385150815756096,1.7039690852652631,0.33345728907915484,0.4369602476540893
train,train/circulo/circulo_0161.png,0,circulo,20261086,c46fcb18db30602c1fe49d095ef5115239c6358eb7cd38b4d9429b51d346d50e,7.247805110608927,247.92886603269508,16.317852878486086,15.928249017948158,228,1,0.6345030810131549,6.049343640704271,0.39110293279383607,0.46509279097083994
train,train/circulo/circulo_0162.png,0,circulo,20261087,4c31aa0dd359f76b08f58fc8ec7181b919afda6fb454710bcce90bb839470e79,9.892347481407413,87.15279846588713,12.142845186429192,14.234256500830146,247,28,0.4062189271502179,4.647002821741868,0.35719422744710877,0.44624428346362616
train,train/circulo/circulo_0163.png,0,circulo,20261088,3d9ac0f585de1e09a5011d3c6ce3a7c8ae6cc76918ed16965710026e14c35110,7.307790709782173,25.690169375279556,16.260894621273405,12.226844248823559,216,21,0.19802887580320466,1.9926064518510165,0.35770786497289614,0.46857734531170714
train,train/circulo/circulo_0164.png,0,circulo,20261089,ee348904fe7ac6c31da041020070a114ca051630ec9751dc33297e233e700b63,9.235579420083248,79.70982168780061,12.633412817685619,11.78315335181072,198,1,0.14040276531740875,1.3063291512261626,0.40830176590226785,0.47652766674153935
train,train/circulo/circulo_0165.png,0,circulo,20261090,b20e1a8c72201f98a506293fc2fbf3634df2ac470184cfd0a50675db8eeff5bd,9.724518730295422,301.88135170691953,15.944280975290486,13.908341977709568,236,14,0.6310644035291806,0.49083307734043213,0.4325485009420313,0.4733743442458106
train,train/circulo/circulo_0166.png,0,circulo,20261091,fa8271167d8ec311c013b2ae349b6a2678fc2c852489496c8c12e8bc146a95d7,8.68755491334368,62.840748074373295,11.258693523573326,15.327879050086885,250,14,0.16324376612235938,6.294359952368574,0.43135608039794726,0.46299984233105435
train,train/circulo/circulo_0167.png,0,circulo,20261092,c512d447b5f72dce9ed28c3f4b7da6db3a7df48e35b3346b74118ae0c0b5c004,10.34835920768925,102.89860302639875,13.610875599168992,14.975076026986832,229,24,0.6308034804692164,6.830199178079341,0.335911184410838,0.48317255410349325
train,train/circulo/circulo_0168.png,0,circulo,20261093,f790a5f5052dd615274dd2ab1587743e37aeb8441a6294daed2ed6a3e29843a8,10.211775853177096,29.543388716861358,12.16601933802567,12.673983417423555,202,1,0.08537914410777349,5.278230322408852,0.3319443533624538,0.496467787170693
train,train/circulo/circulo_0169.png,0,circulo,20261094,9ab6ec62f927895d832b1722792243850e8e2d8d6b558117855996cb0e771b84,8.81282835468968,343.4135599389203,12.440952335032527,13.168931506229129,237,25,0.07629382156840084,4.702182376675258,0.42318870402301356,0.44985918187028556
train,train/circulo/circulo_0170.png,0,circulo,20261095,3ee8338b7cca91d933b4ff10e047fd52b985b9f77f60f0e9f3d98af286ff965a,7.252400649837487,182.9786629835544,18.38436510267789,11.674696840382353,211,26,0.2556485915181266,6.2644286795523305,0.37801303212392184,0.4220980205509621
train,train/circulo/circulo_0171.png,0,circulo,20261096,b215cfc408e5d38fc156d208c2e21da174ace54ee52a8f1e1861bde554fd5426,7.326497673098342,158.5707077195903,9.977594431939055,16.85253032398211,209,0,0.13617334263401243,4.125045987942424,0.3840769756124227,0.5009745645338075
train,train/circulo/circulo_0172.png,0,circulo,20261097,60e0d5faaefc75912624ca97b94b9fb3b85f96c5cba4866a28b6f1936f687155,7.122312292481485,326.80513992321124,12.598064380464212,9.792464290253369,232,15,0.019264041338075213,6.353053113149202,0.4358953870265357,0.515291529342754
train,train/circulo/circulo_0173.png,0,circulo,20261098,166f4f273daa0784d9846a762ac307e5e7c3410be468999c65c20d5bdefb43a4,9.95279464725372,33.220332795731814,14.798876155681151,15.027765925437734,209,23,0.5177634513801224,4.1229729620108095,0.4025818965157364,0.4214524650051314
train,train/circulo/circulo_0174.png,0,circulo,20261099,777f847a1f2f086bb0cc797ef462d9c52874292e81e2d11bd609f52ca9bc011c,8.477432005704305,138.33753268499444,11.571595938702796,12.156698719687594,203,6,0.39577159645010673,1.3549862063028206,0.3754705258033763,0.5021489131386752
train,train/circulo/circulo_0175.png,0,circulo,20261100,620fa75b6f3f3c592f89f3bcbd85902086f7a215c4e57d5d183af4aa66878b53,7.942031909838262,212.45086850329412,15.697992816745334,10.20963870905036,180,23,0.4124087835279988,4.116974838036474,0.3723306211534833,0.507768958054174
train,train/circulo/circulo_0176.png,0,circulo,20261101,e960821df9295a4085cd53673b3de7c9cdc456c8d974c6c9e19628fb357e06cb,9.070497508493338,128.88591593084112,11.721353790893037,10.877030228172726,214,16,0.17259800640283848,3.0282234386411875,0.37807138874536916,0.518656751055141
train,train/circulo/circulo_0177.png,0,circulo,20261102,2b9b3dfc00b907c37855c3b3c42095f6b28eb3375830002d0c2166819249c0b5,9.37648090163607,154.51835161952792,13.424468188896688,12.217939849535794,242,16,0.6140633430192088,3.3849324081546164,0.41828722247075084,0.5030456931384442
train,train/circulo/circulo_0178.png,0,circulo,20261103,36f5f961dbe571b96eefa4b9aae2972ab33e66fe5286dde3d2f95c07ecf03fe6,10.022302752283224,311.8827039342212,15.897858142810565,13.82454763763818,223,29,0.4372674628689035,6.30847723039357,0.36420848106008147,0.5168405396532876
train,train/circulo/circulo_0179.png,0,circulo,20261104,451ad4817bdafe2e7a695291e1cbf95dd87887ec474d4587a5b63d12f4f572ad,9.481256881306429,347.1073862223871,15.171476025440935,11.690545220180963,185,9,0.5164399359212327,5.012364366850937,0.3883845191044635,0.5052136844373238
train,train/circulo/circulo_0180.png,0,circulo,20261105,b485bd55b7a917427206b072e98da4f4c775c29c45daa9cb09d1d21591e9cb90,9.667971581520298,345.5645753469831,14.502701748435237,12.391536092780207,195,1,0.1495665391152652,5.15673924517805,0.4328108673522738,0.47416471648363023
train,train/circulo/circulo_0181.png,0,circulo,20261106,a9fcae2116f174fba739aecbf251d44ebc4b12a199f9257751165ed69e369ef2,7.301430111937227,223.83849548359007,16.67312474027309,14.454911970372574,237,2,0.4605760214027388,4.186254709036316,0.34955941778791483,0.48030830824474474
train,train/circulo/circulo_0182.png,0,circulo,20261107,67134a36ee2772a53b13d3c5f5c42885789ec04f2f83ecff5c58ff6cbccd01be,9.749394089583621,247.62627028702514,12.267547931659607,11.636619227345715,240,28,0.6132251497667721,0.3676631633559275,0.3376005893781381,0.5107208074630895
train,train/circulo/circulo_0183.png,0,circulo,20261108,17107b7a99648c5123436eaa4df2e1688e35c79aac62a0f53f60279b09f17b99,9.84106735713055,52.61477482558449,12.271409344725237,15.505938848005101,210,4,0.12320282098447262,0.7046913284336402,0.3702633477410192,0.460134859343179
train,train/circulo/circulo_0184.png,0,circulo,20261109,f24b09f8db4b1b9ae73ad3a44578ad225e6ae58699bcc8e55e542ee7b02dd09a,8.092305892852403,274.00373595170055,16.428067084408056,16.42097245596085,250,27,0.4446877098513119,2.202548562911433,0.4393255897718281,0.45857741396461865
train,train/circulo/circulo_0185.png,0,circulo,20261110,caa63d328759eb073cd729a82bac7863196d06612a7ebc381f54858c67124890,9.191275962209463,51.16250478119517,15.250808012804288,14.671424758833707,203,27,0.16771421635786338,4.780328922734988,0.3965283782190392,0.4724638571325963
train,train/circulo/circulo_0186.png,0,circulo,20261111,2729bda983ff5329c4f4634b13f9c404a7e43177a3146cea3ae9985efcdfa6d4,8.722521845705561,355.3331455120004,10.959996045031886,16.7934529180484,226,11,0.09397194961414719,1.8813857301381907,0.4211191748047146,0.4890384972858727
train,train/circulo/circulo_0187.png,0,circulo,20261112,78d7a964fdb5c59e119837ebf6ee9cba437a37f85671aee4d5cec186720fbacd,10.061148249764198,35.901755950064924,12.383054289031572,13.270855151553937,237,9,0.4227900451170945,0.8966215692229329,0.3612643141111101,0.5085448349066544
train,train/circulo/circulo_0188.png,0,circulo,20261113,ed218288d209e8b2fcf5acd2e3a0f74a78e7f786087b663ed4abefd5aa78a71b,7.644006992287002,301.5418667216439,14.426871334792036,15.913679548669194,227,15,0.03137243075966303,2.045821974835041,0.3452886132457079,0.43735531585601994
train,train/circulo/circulo_0189.png,0,circulo,20261114,f33c3095c5d7df5b345d6a30a9236224de262f9e74fcf08ba8a66da0219f8910,10.324482541829866,59.8604326019425,14.886932129448798,15.642901350498281,187,28,0.007080597215945678,6.191658329045276,0.3672270482316451,0.4396077744771989
train,train/circulo/circulo_0190.png,0,circulo,20261115,788e6c96a5f755b650edad0bab7561f9828faa37df8b2aa3e0bf213dfded2f72,8.756606319006375,115.73269529505674,15.35987608839094,13.238653540932917,206,12,0.35928014515443546,6.77645366780192,0.39042632098767593,0.4499931876551281
train,train/circulo/circulo_0191.png,0,circulo,20261116,9709791524a64214eebfdbfdc1a104f7230ac9b6cdcd6e6c70baa62e06d7f736,7.684454449590348,150.5821730739564,13.000382246645435,10.66188785096352,214,26,0.1621941584148691,1.076836225583563,0.34889970088793776,0.45934372376186816
train,train/circulo/circulo_0192.png,0,circulo,20261117,7495c8b46d0138fdc24e2ac0904dee4346e4875bab5cad4f74ca5f52fc2c46af,7.825297059234581,285.50882691091414,15.930569479972501,11.315828549719345,230,2,0.30374694094075655,5.0342091021655335,0.41611726825836487,0.4905146190003637
train,train/circulo/circulo_0193.png,0,circulo,20261118,123ca13c02dba6f0281997a1d4533e9f66e903e53188e04e84a00a8b88158b00,8.25891671243388,194.4565603949159,12.184333471009872,15.090812137272287,250,4,0.030169228928728777,5.213857422217232,0.36644756022490016,0.42503441336994596
train,train/circulo/circulo_0194.png,0,circulo,20261119,202da35e4c776012446d3e717b3095c213f1d75e1c6d69b72b498030645a8995,7.319633670691564,104.65690672784373,12.077865211372721,14.104706383962322,236,30,0.44445146810000946,2.6367863785973498,0.3884429743970831,0.4440571729438008
train,train/circulo/circulo_0195.png,0,circulo,20261120,5266bd0f7a40bd1a0f65ea4aa98f342e583c24732942d48f8bf5a48ff4dfa4b6,9.579622253685079,53.940690831862014,14.801260938633702,13.536632675273516,191,28,0.25944639557024235,0.3649484574143169,0.42001146608258266,0.47900941742766107
train,train/circulo/circulo_0196.png,0,circulo,20261121,6cb780f7b84792b4ff10792fec24bf51bba93507fb5ff3572618e53827d69d45,9.22973982542334,347.71409389849987,14.252983835610282,11.405535634914013,201,16,0.3774016146837691,1.9436159755394253,0.41330871934028773,0.5161982335407426
train,train/circulo/circulo_0197.png,0,circulo,20261122,443088f52a0c1c7aec8a25ec122efeab4acc048ee9caa21380984d559a14e609,7.0145636371446125,221.47310582135296,9.781054244322535,15.054290923577438,233,22,0.3481479050575817,1.5847307046513395,0.4380792548645053,0.4737769064679448
train,train/circulo/circulo_0198.png,0,circulo,20261123,bd8a6aa83b586297bc330b10ec60d47e8a64556ce4e3fce7a28c8daf337faeb9,7.1543537666368815,85.22318511378099,16.33812072330283,14.16324391769539,232,16,0.050850535845304655,5.922224185343516,0.32790814439458166,0.4632906368635912
train,train/circulo/circulo_0199.png,0,circulo,20261124,a97707bf0171745ae46a6bef593caf733951115231da00b9d467a1f30e452d3c,10.362518342970832,346.70198012403375,14.275176565343553,14.89818631910353,190,24,0.27233352940705674,5.181423441947036,0.33509489257454445,0.4544095115698436
train,train/circulo/circulo_0200.png,0,circulo,20261125,a6afd4d1ee630206388abd682e6cfad17fe7bc07b5be435c625d5bf465f4d641,8.24256014043783,13.385552197356718,11.864033849084148,10.13513681527874,209,15,0.5104351400485034,5.462609985762138,0.35713876377421644,0.48856727232844077
train,train/circulo/circulo_0201.png,0,circulo,20261126,a405a1b4669138c0ef0b5deafb1885d377c9835914a9300fe64de7c17d1586a8,10.143293557514498,8.329642945245372,13.986516248256676,13.52210742993333,216,11,0.2827803415967285,5.94722146461759,0.37588158742980987,0.45182615896756906
train,train/circulo/circulo_0202.png,0,circulo,20261127,68b2f03cda40e168a9f393e839a510ef803029815c382a39c6b4c141ff327cd7,8.292036853212498,57.64147088751877,17.420918076033526,11.681170083390361,223,19,0.49020536175315765,2.8790362757977173,0.3782861987444609,0.4521312433535871
train,train/circulo/circulo_0203.png,0,circulo,20261128,e8d0022a89d177ad45796e6a6d130a2c828a32fbce27017be6b531b688c65f64,10.175698016792513,243.36690154290883,13.685269634567927,15.746510243338122,226,19,0.32925883823319263,2.576115116733357,0.40045814424677123,0.4615789230250754
train,train/circulo/circulo_0204.png,0,circulo,20261129,85e6aa511c8b145cb2068a0a64b633f6ca38f99bce2de7ac5c0a02874ba692d1,7.772729646617217,57.57489925987592,15.748617747021868,15.006760204702378,239,14,0.3373354495627597,5.254622791013302,0.35274636307934903,0.5051812293573175
train,train/circulo/circulo_0205.png,0,circulo,20261130,ffa9921a8e43cf0b1a55da4fe0647d85872e79421d65822720967965831e806c,9.293051957806199,116.21450496792983,13.629221522456739,13.777199140991467,209,15,0.4430455500807061,5.627024667649554,0.3778092371366728,0.42049386287370016
train,train/circulo/circulo_0206.png,0,circulo,20261131,54e421b9ca240b85babd227bc71dd905221cc4977880b6489deff7f437d1527a,7.258209856873017,245.3039267840836,15.833457115061385,11.246491025730773,234,13,0.6102123223167714,0.0908878314645084,0.3908069532438044,0.4858880510338985
train,train/circulo/circulo_0207.png,0,circulo,20261132,9a7f881213be58d5d3c0c3fa5baa5942c13b420688e6d39ae2e290fe5745ff2b,7.111745799003975,321.7825188117146,12.052291425549754,14.066456216497956,234,28,0.05857847540553445,1.9357776034162164,0.36971127919917773,0.4974017820055838
train,train/circulo/circulo_0208.png,0,circulo,20261133,2456fb228943a9cf6c017b7fe0c04e463f03a65a745582be46caf7181d9629eb,9.722962297735958,283.82107863810324,13.373250246876882,12.568544036309314,250,14,0.3593827598378401,5.177174694030402,0.4133628590438397,0.45709746054730566
train,train/circulo/circulo_0209.png,0,circulo,20261134,c4f3fb1bebb41bf388db015a2a93a9f235c8106fd27af5d94fa498be11af3a3f,7.807054799478744,291.42232843390593,16.60688502284443,17.071995441386377,240,11,0.06356452958275802,3.9600501830949164,0.3508489415727601,0.43928326919117205
train,train/circulo/circulo_0210.png,0,circulo,20261135,e69eff8bde91c345e22714fffd690bd46a6f0231420beb432453bd529bccae7e,8.278860047563843,44.43928385802548,11.071927067154006,12.55880844810606,242,18,0.07937082921177807,1.9466900495512705,0.37619668270972445,0.49025671882970445
train,train/circulo/circulo_0211.png,0,circulo,20261136,88f6ff20d75872ed1df9c4108cb058f6315e171963a12de555c673c7510be18c,7.416953485050908,139.9854699398991,12.635318647934323,16.034679084877062,246,6,0.5944638303991752,5.967701211434656,0.41519538816137247,0.5025427518317511
train,train/circulo/circulo_0212.png,0,circulo,20261137,368e6fc391f68e2b561f16f92b8413fbed45c90ed7e9faf6df0dc040fbb5272a,10.007197973117282,190.36923873113037,13.910074894451022,15.168881632970978,217,17,0.17845520614663082,4.866357014699789,0.34175134731525614,0.48986355923568775
train,train/circulo/circulo_0213.png,0,circulo,20261138,517ef4cdb27b6e2bb54ce4571d2ba77a76177a79aa3c4b1e36fc6d96f794e408,7.118062724519023,283.915155774087,9.70996879639219,18.621639794884203,221,23,0.012624987727146764,2.153483334438541,0.4366054782068377,0.4529544584966744
train,train/circulo/circulo_0214.png,0,circulo,20261139,35f45e9e6f7346027bf16ac4ea71d43c838aca558f677108ae9d335094aad9f1,10.19730239620787,268.67918412467714,13.199622351696851,12.293656318616675,224,14,0.44891584032406656,2.936808545201425,0.3261605292531862,0.5191980347322697
train,train/circulo/circulo_0215.png,0,circulo,20261140,2ce8a11f1ae11d3725c9b747712f8779497ea60744773b135f32ebf72e3c44b8,9.793907528163999,113.91896765497386,12.814495838391101,13.48321910070567,182,12,0.36141922953402167,0.5170894887306956,0.3235467899954368,0.5028375509596356
train,train/circulo/circulo_0216.png,0,circulo,20261141,39f7fb0eddb122dc98d87930580bc0b0de77d574d2a74510c50786233912bff9,10.304244787180753,322.4037515285558,13.968865794472002,12.155076450894734,181,3,0.33255570221325154,1.9338108331124086,0.4261407864798304,0.5031419774509821
train,train/circulo/circulo_0217.png,0,circulo,20261142,06880f4624e7ea97fb42f079968d686779d36bdb2f6453c9d0fd9f54dbd471c1,7.478795890469941,132.22542088142825,13.668124332705595,15.759621927927807,248,18,0.43518194950737066,2.3078236402784267,0.35905942518064327,0.5067304042623495
train,train/circulo/circulo_0218.png,0,circulo,20261143,03953f721800b28093843b2b5a1492bb753537df573793bdb1296d2c34242324,9.517595519844907,202.6591959172421,13.494346319085018,15.387766149467854,190,18,0.6395901804858878,1.9551710741139035,0.36259301369555,0.4227464776108891
train,train/circulo/circulo_0219.png,0,circulo,20261144,6bb783341f5cb85ac4a673af1770d3b76570b8ea71e838d831332f275e6c105b,10.296535040203098,85.02776397635732,13.72450354064719,13.78968320240646,208,2,0.2649818879242563,3.609732216863498,0.410827783504571,0.4413397360024993
train,train/circulo/circulo_0220.png,0,circulo,20261145,e24c8118a13ce711564f3dfc35e63c53641bbb153dc3c6ed5230b5743344a182,9.924511352769903,333.1821094887619,13.514078652019629,12.122468201747475,216,6,0.6256238693527181,4.7142815488719725,0.34383842959558203,0.5081602545882422
train,train/circulo/circulo_0221.png,0,circulo,20261146,f70b530d9c34632bceff72b47d6b780c1d422387e1e0b7b0d1ffcacb18444108,7.993171839985595,116.52454724827379,16.715139044458216,10.333497786121292,227,2,0.3404912856401407,1.9324966273229167,0.4296879058184355,0.48389371555461247
train,train/circulo/circulo_0222.png,0,circulo,20261147,0be45546b254eb4fedf3fd0ea68c09eb413cf0ce18810a694bdf01d1a3e0cb4a,9.229159226247996,195.24253066530633,16.146054533330975,11.065850445963502,220,8,0.19555412788181692,4.5402525736753025,0.36249381069499303,0.45826758747486207
train,train/circulo/circulo_0223.png,0,circulo,20261148,665401d7a49d7284c84a7b92640b2a1f4acee6c18e7b41e15451a919156237e0,8.923572401782776,235.95666194917902,10.799835883889822,11.543415635449442,249,14,0.46931713085574855,4.716687741528205,0.43352055177774307,0.47682653145949416
train,train/circulo/circulo_0224.png,0,circulo,20261149,3ad8681e7255ddcd7f68c9c76067b5f702b5589d76202e052f37bdc753b83372,7.169706794167797,358.0612990344789,10.95447623909777,18.204727192039236,197,0,0.41012002785048873,5.090250961201219,0.43504217563793984,0.43212276180796033
train,train/circulo/circulo_0225.png,0,circulo,20261150,69e8cc46a7fffc313c26c304b7a6a8034692600c20c458e8de859ccb01425c6d,9.014870198905443,115.28935648881391,14.799501956684635,11.142082726924597,188,11,0.3067252520351102,1.252280526457655,0.41044975683016044,0.4968286619213461
train,train/circulo/circulo_0226.png,0,circulo,20261151,fa70165ebca63eaf6e145559be75ef05aa36c1f8678510fd6e4f4ce15f8bb6cd,8.286450571656271,169.4860677368177,15.306014137186766,12.543572271306536,218,30,0.24966737038699477,0.18998511403000484,0.32359618830411346,0.5030357507082347
train,train/circulo/circulo_0227.png,0,circulo,20261152,acba44b0f81994435248737073c1080d15dc669366af666c5ab6070c30cc3a0e,8.612802463523234,37.98148214596633,10.95379162160228,12.164886085889218,180,19,0.21471121167240534,1.0632281585576029,0.4306170076580431,0.5170895539614956
train,train/circulo/circulo_0228.png,0,circulo,20261153,f92c146e9f07b2e72677033ba08e8d2fe195cb03ea9f838e222ca30a6fe17f78,10.129323657164884,223.58896404390964,13.46916123986755,12.55232625831168,186,16,0.5247069816881896,1.7428345053591698,0.38232406524379375,0.4520460997095481
train,train/circulo/circulo_0229.png,0,circulo,20261154,f0350c0daa23bf0755a9d2686dead5c5471646627a014bb3b0e58be984f23c39,8.093012506645495,189.165590705166,11.579802168562392,16.176341416712066,255,7,0.1838352270151065,0.4183646301129601,0.3651405808994716,0.4352162172920309
train,train/circulo/circulo_0230.png,0,circulo,20261155,f4fe80a5f42cdc87eb24c9afcc624cf812c1609144617b0ab3ee2b457ea0e53b,7.1189453403725045,218.83443655214404,19.072163498567114,13.912107845280644,196,8,0.5644570997062339,6.380995305401838,0.35537629058284936,0.5006235558589969
train,train/circulo/circulo_0231.png,0,circulo,20261156,0dc9785521c13ca7d4cc7eab75e6d1585cab80f8f1c36f1a0d1d4b0128fc251b,10.297444929971704,350.6995897768722,12.621726852279911,13.888360344423909,201,1,0.6227893503108648,5.597244225618588,0.4221798013030571,0.4503026581436972
train,train/circulo/circulo_0232.png,0,circulo,20261157,6fa534d5e48729db3acc82aa55ef8559cf5a270ea71df8782667a5bd39ae2065,8.549037624249715,122.96279302683112,15.204281509888322,12.397522937201568,248,9,0.022448079834786555,6.844491293389558,0.4313361277869362,0.5155303129809582
train,train/circulo/circulo_0233.png,0,circulo,20261158,6e8c15b762a4fb434fc7fb3facc3328242d7398fef89df9026dcf0e416096dc0,7.079998679485756,74.82180116481717,15.696640555438663,11.825972114778317,240,29,0.4556268127033148,0.89735666599361,0.3849660954296838,0.4930956205848133
train,train/circulo/circulo_0234.png,0,circulo,20261159,58b4cafdff60797ad152eef25c8e597cfc0966114c5467db295874192e8493b5,7.466973669133364,47.21913039336501,15.651522252670237,12.934878685090053,224,30,0.23926799978207836,2.9625503369364803,0.3912482352755253,0.5045852201333698
train,train/circulo/circulo_0235.png,0,circulo,20261160,20f68904c36b75e346a6215ffc068b8205771717d4bf823eff66b192fdcc2079,8.112784473802797,232.8142924448773,11.887062156842342,15.619219708893482,197,2,0.04137869369347141,1.6056459664728133,0.33683669183216225,0.4314495050804844
train,train/circulo/circulo_0236.png,0,circulo,20261161,4b6f5226b16f58c43a3f69377cc435c4d8fcc2c8408f57b8e8b15fa9940eff0e,8.221024336082232,333.5482316745559,17.471844702381482,11.929599516160696,190,8,0.6330335621982339,6.109546472751071,0.38045001457574923,0.4637501661540579
train,train/circulo/circulo_0237.png,0,circulo,20261162,5a330e202f879184ffb32a4f6022091ac50f275b732a6c939b609a96a548153e,8.133780119509623,334.7484859738849,11.082529375753923,10.950141150199574,252,12,0.42593049998114413,5.7955564591190605,0.4002333659052332,0.4411482033165821
train,train/circulo/circulo_0238.png,0,circulo,20261163,3e2514dbfea94d54c763910097f39ea1c4768f92fd44dd7fb7f21ca5289dd110,9.011576513594223,238.10577013869016,13.737398254111483,13.412152023758708,185,15,0.34416786665488447,5.195100343514033,0.35945142476668684,0.4446299761652401
train,train/circulo/circulo_0239.png,0,circulo,20261164,80ff784288b799c61e263e3d1cbb13b0c8dc8903b745c03d0426e9216d61713a,8.99034297630089,41.59566841261437,13.056584353396342,15.334295010565487,250,22,0.5997260714294137,3.937658965924629,0.3743795396468432,0.4252868496744419
train,train/circulo/circulo_0240.png,0,circulo,20261165,60de16b4f665ec8834ad1abf065a81b8db58166191bb2244baf5e327fd8fbd53,7.371849385720566,340.0031479561321,10.459053360121079,18.407042875624562,235,18,0.049000363856200865,2.829516671120428,0.36710213545287756,0.4209722847569888
train,train/circulo/circulo_0241.png,0,circulo,20261166,30e286138dfe44083f29507a4e357b3c9c4adf07f8a713dabd0223c014a2ee9c,7.260089023709669,154.4645314814623,15.268147428636833,13.614594181347854,186,6,0.10683791345375866,5.177876229590646,0.4006951689843046,0.4881424125970554
train,train/circulo/circulo_0242.png,0,circulo,20261167,6a987d9bb4912d98fc958db4c64ef6b5e3723103482cb67b62c2b3be44347c16,10.498723634266941,339.0300465963218,13.35981263312525,14.466265243099569,246,10,0.29799107187999596,2.6830469741479708,0.42271625848491456,0.484859992050387
train,train/circulo/circulo_0243.png,0,circulo,20261168,35106dec16c6c9d7f9681bc0cbe44921000fa67ad90edeb45db5b7be9b15edf0,9.229395516915094,70.0947468400078,15.716124871622217,14.166153218641128,210,9,0.1372766911485232,2.8432937682588038,0.32312352357723034,0.47143175464784803
train,train/circulo/circulo_0244.png,0,circulo,20261169,19aaeb3f0b10b0e59eaa7183d44c4167f150992f4690f890a58d04b4a36e99a1,7.195021035555115,172.65261302150748,15.066018185510332,14.89558019970018,254,21,0.22975086335879025,6.9673649599274325,0.422564619571667,0.4740134650106409
train,train/circulo/circulo_0245.png,0,circulo,20261170,1ad5baad1abdea04434a5697b45e74109152ea52f5b2386df189aa58ee40aca6,9.621160790530597,84.69983621043738,11.666432243120138,15.664783673795057,197,5,0.36761490685843196,2.262936914386817,0.3971488305445588,0.4933903170637799
train,train/circulo/circulo_0246.png,0,circulo,20261171,c6bc56c79f6ac9ca24423e1dc8a5c166b4f2d7cee47b795229745cc35d9a36fa,8.779531907146865,208.7999990512137,11.690875199971995,16.44578170629111,244,8,0.19595292291216246,2.4359194952229575,0.3958667249279436,0.42956330020975464
train,train/circulo/circulo_0247.png,0,circulo,20261172,87bf563f49566439baa789b5623d07598f4aa4ca6bfb77d82ebf5a733a8dee96,9.049012578472606,43.324951952008355,12.514480216108876,17.061949625148845,198,0,0.24625851977828028,5.739468372820248,0.37134592862398874,0.448203131255706
train,train/circulo/circulo_0248.png,0,circulo,20261173,ae8d72143893de812a7bb60a14fa6c4ec470a37dd8195e4de935ad7ac9e24bd2,7.372607751640741,233.20261832834757,17.495927941549233,11.344404946167074,180,23,0.6281388811034804,0.7994987006572478,0.42378627574207595,0.5080183644736828
train,train/circulo/circulo_0249.png,0,circulo,20261174,c5343b1030c99837cb8fa385e9ab206a6f18ed66bb67b5292040c4d1f587ab3f,10.262548186874568,197.48862320654072,15.720631088128288,15.872285292985548,181,7,0.447891281651853,4.542657849635489,0.3858055860306283,0.45019248295555364
train,train/circulo/circulo_0250.png,0,circulo,20261175,c1c5ffbda1978b728574860f8c79b54a1b5792d70899da1672c0ff2c837bcf62,8.491543607944768,246.95512818687615,11.184241493766761,17.240091644453088,198,20,0.6131182053219876,5.738093964819272,0.378420293661097,0.4716179693419781
train,train/circulo/circulo_0251.png,0,circulo,20261176,61db3717ecf3c7dc5e2bbf18f92b4a8da4327401c58aa9416b0b326ebd36d074,8.56316229370389,350.5373175906585,15.444319123826705,14.778859967875434,249,9,0.029068095192182838,0.16332570599420826,0.43379298508790715,0.5164305716063857
train,train/circulo/circulo_0252.png,0,circulo,20261177,5903f7b5b9015c1e9c7f28ba85571812319a901b953c022efec7e7f033101306,7.893986807554551,355.19303077054263,12.516713336972709,10.668362475756505,180,2,0.21245212585672835,0.3516589647487882,0.3343382425809701,0.4878592128137125
train,train/circulo/circulo_0253.png,0,circulo,20261178,1a14d44c26653359411691c6244aba210db06bdd85ea2f03f6d64eedd209aca9,9.917067135774078,51.22232199525913,15.264545126648338,13.58585178520252,194,10,0.18041966272399615,5.71214118553363,0.4162643752452419,0.4709780462566747
train,train/circulo/circulo_0254.png,0,circulo,20261179,f56ab4a1c81a44a1569af34ac10b8475b323818aebef33151ac0c02ae779fa9f,7.98513932556277,146.43508761766682,17.27558930638837,18.067723774817015,197,10,0.46905205282535906,5.108375779054086,0.42031290117734066,0.5037989671864421
train,train/circulo/circulo_0255.png,0,circulo,20261180,2915094addb1646a9217e27432c6d9a6ba19b59ab6a361f5d145c22ce7b706e0,9.929142608973708,139.58594914695405,13.720934688269635,15.368193891477897,202,15,0.027521397096180785,2.6479217622762574,0.429993239853673,0.47810046090345193
train,train/circulo/circulo_0256.png,0,circulo,20261181,abd775912f517b97ecc518b68cf05090e865110eab66dcf1a36f1a7708798389,7.837718984947149,231.82087711857525,17.719381905366127,17.365353632102938,245,12,0.042601380846953044,1.280402937582836,0.4180848966332563,0.4529640570975045
train,train/circulo/circulo_0257.png,0,circulo,20261182,fb3557c465a93c1611d80faffc0b884921cfc68b894df4dad3bcf24c5a8d6f81,9.536814401894823,73.94182820393378,15.662316804303437,16.329916930403908,249,12,0.2406652781922071,0.9749943610887486,0.39381096198133336,0.4690028454526047
train,train/circulo/circulo_0258.png,0,circulo,20261183,1c75d0227470e21cb22a2a0174e3ed660488165e734bda9b8e3ddca7e791571b,8.898201249852079,215.84144636499983,14.843394408722576,16.644029102329267,221,20,0.16280141296721326,0.6241928754692465,0.3338088141853416,0.5030667089451889
train,train/circulo/circulo_0259.png,0,circulo,20261184,afbbb679c1c10fdd54c7ea18111c41f978fe9f093d716cd3fcac26770c71216e,9.429539410095494,312.06052912331995,14.613215026025383,11.86656793326156,248,25,0.2783701506710776,5.144937322059105,0.40272345202125226,0.48619703202266307
train,train/circulo/circulo_0260.png,0,circulo,20261185,e1d65aa73c238f48e181d316d7042c51a3d0283f6cd06ef0bf640825c7601c7f,9.760171301621751,315.5356969044751,13.464837987219138,15.963107648440829,213,1,0.42684516266948064,4.603828517735425,0.38067798277544496,0.4257568429130195
train,train/circulo/circulo_0261.png,0,circulo,20261186,8f458b0dc9e4822398e8a86b0d53300d929e5e48061d31c4f3f5ec9d459beb4d,9.275866329713441,159.71489429461025,14.529414445734837,14.250404191158957,235,16,0.46561634532459734,6.404132841030964,0.39563958733348575,0.45491916645597996
train,train/circulo/circulo_0262.png,0,circulo,20261187,0c641aca809c6ad4d67de28a831c7c01c00e325c833b4ff45d983cfb5f06ce7b,10.389793811654364,274.364571403931,15.80418665450253,13.837697553172163,238,10,0.42335134093707183,3.6091945913212373,0.39150797611467875,0.517716934264707
train,train/circulo/circulo_0263.png,0,circulo,20261188,d2522531d1de0f6c1064abb51e61b1c86b4bb3aa01e1899d943451e2510da12b,9.29958761246752,290.2474824554159,14.8787088157812,15.418109727546458,185,16,0.02454648393761245,2.04221858496855,0.3432115802400672,0.5074333886256808
train,train/circulo/circulo_0264.png,0,circulo,20261189,ba9e9f35efd2f0b71e4f5b6371d63f8ed75162772a6f7687af8809a75c1fb65b,9.919552093331994,29.38685821664514,15.524554825275995,12.597286474302578,232,0,0.3358892206733881,1.9963694325251375,0.35504303029763185,0.5090285282304904
train,train/circulo/circulo_0265.png,0,circulo,20261190,4c6bc608fc73a1e6f5104a6f842da5827bafdce757f7e530c7bf6c6e4374201b,7.408471942694119,272.91251112359333,10.134969740457088,17.675113938943355,204,17,0.013583419659445211,2.416882517463415,0.3347415908277119,0.4225835381406572
train,train/circulo/circulo_0266.png,0,circulo,20261191,f7d4b6cb3ea27c4fc234c00e9eb56b2def9f740ca7a0198c2da7907f88c0be06,7.091576658783336,60.17904737210696,17.775549283467008,16.852985801356162,224,8,0.3555664664071686,2.9926720182437947,0.4372487305359354,0.5104473467100462
train,train/circulo/circulo_0267.png,0,circulo,20261192,5b8641a575a4867e38892be3e3c16195d94655290592c66a1cdbfa074a690acc,9.831142140673075,110.21458459683163,13.636469784521157,14.020706922407651,212,6,0.5008100973778037,0.9405709690090485,0.3381823330439684,0.47391408927808926
train,train/circulo/circulo_0268.png,0,circulo,20261193,d3260a939c9032670301898dd0cea01926d2c326fc39fee2481b8f34cebed648,10.382341663867107,120.48484291965242,13.961262031433824,14.551543317230536,216,15,0.23910254592477612,2.9654633076470938,0.3998631572503223,0.4589126875190262
train,train/circulo/circulo_0269.png,0,circulo,20261194,e79aae6db74dfdb37a2cc0051ff3aa6e330d071b143c3f7b90e506810b1612cf,10.123102116993408,34.864213393193175,15.036175589056306,12.07063422718924,237,9,0.4357960165659218,2.57150912597913,0.3794987421600598,0.4715301452668572
train,train/circulo/circulo_0270.png,0,circulo,20261195,a223b73f039f6bd631eaa23f73aa681d06922d8abe6a35d09278b7cdec378631,9.96107429812252,97.12289953649967,14.4734111855236,12.50412917379153,199,21,0.20924684103485058,6.134026883160172,0.3534678336636462,0.4994289023056255
train,train/circulo/circulo_0271.png,0,circulo,20261196,24143a8cb7674e0c7458389217a7422afb959a0077e7f0860bcab62a5a6be9e5,9.776320944521924,321.5407801720271,12.933323425837978,14.42008186580498,237,21,0.3987420188398963,3.7519745718154236,0.42471812956446425,0.45441088459138046
train,train/circulo/circulo_0272.png,0,circulo,20261197,acb1669d66a3b88650672705e058dd70e195e32ae1b086d63535652f9efb7d64,8.023414294131017,182.07515406484092,13.673419104385887,14.284863733065574,233,26,0.041870932604512176,4.029415845617725,0.3519972781105255,0.46445318281676135
train,train/circulo/circulo_0273.png,0,circulo,20261198,ebb6960354b04a6001f7ee5d39b55adf6823472011486b17982f035e5d4dcf30,8.843514393719287,285.82154411299723,13.086118090678967,12.98558342459176,184,25,0.3143279430831421,4.589283838321401,0.35657467243659624,0.4613175266808642
train,train/circulo/circulo_0274.png,0,circulo,20261199,8e319a294acb1ed4a06e2a1b7fc179726c1d58660506b8a0090013b924d392b2,7.172065173706417,115.07372258459608,18.567264030202512,13.927117002963335,198,29,0.176574229105414,1.7727109246034969,0.40352037181832656,0.4202178429503085
train,train/circulo/circulo_0275.png,0,circulo,20261200,a21c7a61ea8e3f427ce614d6c404bf9d46a4dc3679be01aace708dd132f57936,9.11896957329467,207.9654552935994,14.011909997569916,14.666071423738064,231,1,0.1006747446498878,6.64178394399489,0.43789855030561786,0.5195452542960542
train,train/circulo/circulo_0276.png,0,circulo,20261201,b4d31b25a173f1a7a42b6d83f6b2423bd84b22f8185df35c655a82c8e3465d37,9.33325372973818,20.224580439519887,14.705705939104764,12.021472785704676,212,10,0.32213705612680293,1.3157232141699513,0.36662658652869873,0.4553315953708629
train,train/circulo/circulo_0277.png,0,circulo,20261202,4022ea4ef195f4cc377eaf00675cd500956891b6d3cabb491d42df8ca8c848d9,8.322777021197613,57.47344133843482,12.981163419207174,13.670667082261485,232,0,0.47463452768389586,3.742707444115114,0.32917273576128264,0.5015562612961453
train,train/circulo/circulo_0278.png,0,circulo,20261203,f7a58a0fb785a2fbee17fb2ce4fbf838a39511e0a3090f569e48f856d8e61958,9.932297603670307,216.12465182328106,14.153079690134991,11.869024015356533,193,0,0.6015978013169676,3.609607776186426,0.3423597920397793,0.45618220869577214
train,train/circulo/circulo_0279.png,0,circulo,20261204,695f1c1ffa906e9f348286c8caf1e0ba2bace29b76e25dd6badcf7007fad7391,8.24920466672002,310.3192227713469,12.741120119832788,16.623155614845064,228,26,0.32133967618088094,6.992756839959332,0.34390717150228334,0.44116297459700776
train,train/quadrado/quadrado_0000.png,1,quadrado,20270925,afb084992884e2366e4588d15232f3156d22f9d7a583e1a6c765ff1f2cd3489b,9.374306124138906,109.55637265497246,16.75615584523883,12.947895777372548,252,2,0.560647580850622,0.09095450651839532,0.4393492606452063,0.4802822570667472
train,train/quadrado/quadrado_0001.png,1,quadrado,20270926,3ea5a85bd018e29dd4c188db83d81cb17246b7e424b4d581ff3b73cebb226327,9.990252873126375,170.84289162288024,12.905694095379925,15.922851208272238,215,1,0.22000039522904133,0.6249687646022651,0.4104391887229285,0.4780974450391587
train,train/quadrado/quadrado_0002.png,1,quadrado,20270927,049d1ad3f84f205d0469914b305a0523f92a8d2e09c4fcb99e6b4aacc81751b8,8.437729442638965,98.15056490565281,11.730572202730778,13.500931784822573,180,15,0.5005259129819095,3.4622952078043454,0.41187739589840877,0.476307647257817
train,train/quadrado/quadrado_0003.png,1,quadrado,20270928,a372e6a2fc840a1bda72936fed0bf84714a9ba42895eef03fb85ba02bfdcfdce,7.934430634803636,149.1487855879032,15.183781483203134,10.884120576580406,239,28,0.09545815877177673,6.030503934490725,0.38857391323692453,0.45640343075141543
train,train/quadrado/quadrado_0004.png,1,quadrado,20270929,c5bea76dc8115654544b91fd2c1a01cd5d3397c90146cf529929c1c3415b4ab5,8.174780322403967,81.66659437581473,15.42752274598989,17.72002221790456,197,11,0.5983281269227949,6.153911801183111,0.4073581796892084,0.4880670084076587
train,train/quadrado/quadrado_0005.png,1,quadrado,20270930,ca73193c807b842647206208171cfff227146ebd1a4b2995b24e9e9249226cc5,9.905661148013543,110.70774447416436,15.142268957969701,12.632178802738103,224,24,0.20310745148370912,3.806227437678117,0.35021401045154166,0.46125809877612856
train,train/quadrado/quadrado_0006.png,1,quadrado,20270931,8cd5b7083d40814e605294eb90635a766d3a706df70e7cef7f711249fbef17d7,10.205828831496714,229.67725531304043,15.828371092054386,14.256503909442706,195,8,0.2613787824149875,5.8146483364771395,0.43303694404067994,0.43819994348392544
train,train/quadrado/quadrado_0007.png,1,quadrado,20270932,ece4a2245f437181a8931c4e424003edd29a0b1c1e3977e6797a5cac2e603f44,7.5211678475689006,14.044551786164478,10.711784355677462,11.774447196648147,196,24,0.29242152971511703,1.9266222358606928,0.3889952044103947,0.5029761633264825
train,train/quadrado/quadrado_0008.png,1,quadrado,20270933,40e3105f7ee365afb64446d2c92a3f3343121ca37da6d3db197f734b7b81673f,8.982256995503189,236.25909542343032,11.98346611784093,16.31639612375806,226,15,0.638081081159499,1.1941921072931774,0.4328487498220023,0.4352685375994836
train,train/quadrado/quadrado_0009.png,1,quadrado,20270934,4cd1b6e5c18ee9342ed3101f1d07c81c885fb44490b2028cd36b5fa98b470475,7.881948778121389,310.4991019368758,12.256751480762887,12.841432359332838,253,23,0.47788999303810836,0.03608954437929346,0.36871169507581303,0.5011001985703258
train,train/quadrado/quadrado_0010.png,1,quadrado,20270935,1353718ee1968219a4d5df16ebcc43c8a1ceb136ebc2bcfa67444f9d3a695400,10.109724528457834,105.5892212339769,13.459863146186727,13.265879757567328,196,19,0.020034556994317127,3.282398932623603,0.40470249609012654,0.5179110791601456
train,train/quadrado/quadrado_0011.png,1,quadrado,20270936,0bab2ad513398b9f4e64f580da71afa5783f9d5b36a2bcfa37950d1301ce33a5,9.743932760982162,199.6515887021589,11.892107519393987,12.225644122266038,222,23,0.2346066235418218,4.5117973065201715,0.42729645222381085,0.5050101732405485
train,train/quadrado/quadrado_0012.png,1,quadrado,20270937,dfe71e44a8ac7de430d1ce8942939bb8241160d6b3c847181e3e975e8976d33e,9.659817709126242,300.7359329805098,13.739049939774521,14.33129424261409,211,15,0.5436684093402353,3.408566692813758,0.34953991832569203,0.46375868616721655
train,train/quadrado/quadrado_0013.png,1,quadrado,20270938,fec6add5d0a553acf8050dc3ae3b5bcab9d12a9925932906d932e35baf00293c,8.082696208661714,265.2367195347738,10.006534891907224,14.14358241555642,211,17,0.10887441429719784,2.2416530576269507,0.32533790817365227,0.4616230089079878
train,train/quadrado/quadrado_0014.png,1,quadrado,20270939,eaffe5aedffa73c287b65d6b119808c35cdb947d9ee4eca0bbb081ce7d55cac9,8.481412896007775,117.37922341939733,12.419841696290423,14.593404873111378,224,7,0.18718062856208068,5.180625040245944,0.3657597608777421,0.46206281780296365
train,train/quadrado/quadrado_0015.png,1,quadrado,20270940,df96ccc61b6ee637a2dfcf7a91674b255b3d40ce7d1e64210c89a3b2e3341f0f,9.634072277321534,40.35755965624695,15.346144901836968,16.537702441967003,183,5,0.18042110227611385,2.0835111976735528,0.3373962031797787,0.4321846931084267
train,train/quadrado/quadrado_0016.png,1,quadrado,20270941,757eda47c650da234dcfea8ba8f499e0f89b972fa7023fc63675fe16ee8bd06e,7.5810732257798215,27.794961115287705,12.958967532187675,17.48763856732719,241,13,0.11757031135510294,3.9982091981424683,0.4032272493503311,0.4320305196006025
train,train/quadrado/quadrado_0017.png,1,quadrado,20270942,83257cf5363a7e3b7c7a6a1c0b51b91e6c2cff83eda8bca502e8fe7d12c1cc68,9.454180102526845,164.42655704611062,14.580791450040689,14.367689587403614,209,19,0.33867551625768794,6.208709642850605,0.4138647377965819,0.4810058111276722
train,train/quadrado/quadrado_0018.png,1,quadrado,20270943,8bebca62602c12f5790bf53029df59e6b28d8e74eb05eb25beadba6d26c93f72,7.972506741853325,357.55061100101227,10.660944117442932,11.671712114351637,195,29,0.6007287080928133,2.4840010694478245,0.35531832201470137,0.478868847510709
train,train/quadrado/quadrado_0019.png,1,quadrado,20270944,48c8fa76ad7eb3fffc3bf341e1c29787b266315302b68213a5c043009375d703,9.899730379169569,132.03953952700473,14.782418371002112,15.500967029730976,183,30,0.5697227163656502,2.0155332050900068,0.3844886951877668,0.4573864145413476
train,train/quadrado/quadrado_0020.png,1,quadrado,20270945,bb1da40401a6489d8d512d5bf964bfb6d8527e2f58ae36b8841f22c37a33a845,7.061936346117415,348.1103875374387,18.182643192713172,14.043754557122028,197,19,0.36929563490140244,2.0836116315765705,0.3641043883148867,0.4777641889980995
train,train/quadrado/quadrado_0021.png,1,quadrado,20270946,4916ba723aa17efe3ede6d67582989d7487385a79debdc51cd068e1e592e99c0,10.335178841363826,85.40081899787012,14.086583499578717,14.146429447088288,237,18,0.3138754415810066,6.946980827463928,0.38128149251827925,0.49870530141092156
train,train/quadrado/quadrado_0022.png,1,quadrado,20270947,5cd43358d6317da3c5e03d0310b04e24c6550387bb011521fb25d8e40f1a0009,8.554882189273087,202.21176520171252,16.140410635235444,11.2590278941309,194,27,0.11300289802084383,0.48508963474926614,0.3419350040401698,0.4676778562590902
train,train/quadrado/quadrado_0023.png,1,quadrado,20270948,236c19e99b2877c430d2cbfaf95d67ceb3d67de1336283c507f5f935ac7d71e1,7.710701735911943,78.80668171626388,16.15595572417009,13.921202969682845,193,25,0.4999673376558586,2.9550734956444047,0.3641231764128019,0.48559299492440267
train,train/quadrado/quadrado_0024.png,1,quadrado,20270949,c81cc4df2e03fd0b92167352bf1d089a36536d201386055aca32a4497f6580fe,8.957805229144363,353.2121550214896,15.69655169664509,14.1012056014303,191,13,0.3904687204844734,0.5071162169933104,0.3603594006996874,0.45129403643008487
train,train/quadrado/quadrado_0025.png,1,quadrado,20270950,67e5a2878258303232a8bf36593d56dfb81549e6a933cff79d9975531abcc80b,7.571425596257285,134.80050245467464,14.197348383344506,9.809238827466634,210,19,0.3304980305573013,2.004616057156896,0.375588327849659,0.5075383325567104
train,train/quadrado/quadrado_0026.png,1,quadrado,20270951,b2d75d0a8b6840e9dd4a6ff49bbd89e8788798a95bdd76b52d0677239a8f8ee6,8.284087712931546,268.8564815900484,11.407449156454643,10.477756922099104,216,6,0.312191716799775,5.56738523582792,0.3585404320154215,0.46035207722327937
train,train/quadrado/quadrado_0027.png,1,quadrado,20270952,fd45ea358e0d2cd9fbbbbe39df580f65c7eb9e6c1c64decbd869eed1de886c25,10.108303878369057,284.6039850210935,14.30430329264235,12.213747070560716,244,0,0.05387904932515621,5.223923392653821,0.3426871203624612,0.441876868380089
train,train/quadrado/quadrado_0028.png,1,quadrado,20270953,3c07815c62966654ecba2ae43392d6086734fec33ace1422a20f4f55df16611c,8.186789452748943,155.944871294568,10.652903860610156,10.790044719293808,212,4,0.5004529735056319,3.807055139552589,0.40706246450602734,0.5026860336889508
train,train/quadrado/quadrado_0029.png,1,quadrado,20270954,5a5171f9bd96f12a4812ea173ada9a0a16331468715dfb4422065bd47c57954e,9.433000198788221,237.81857156827942,14.720781813498085,14.436323346666423,185,27,0.5289135732408462,4.831633899460953,0.3391904015169718,0.4477675474241002
train,train/quadrado/quadrado_0030.png,1,quadrado,20270955,bcd93a21f06934b3ee7137d218a44dc26bff744975bd1f010589932a43d6dcb8,7.204808336794231,92.53074553662775,11.330999369020688,14.832721076327624,203,19,0.007892798887124491,5.322348622480111,0.34666305606128195,0.4397324572132302
train,train/quadrado/quadrado_0031.png,1,quadrado,20270956,8ecbd37081d1204a87f81f212f07a3c055299f7e85cc6044ea2e77f91ebf9a8c,9.512869767135868,24.29170244083336,15.622432528295832,11.565470302914765,242,9,0.01396943026505803,6.776816764368612,0.354761195612991,0.4875640615900657
train,train/quadrado/quadrado_0032.png,1,quadrado,20270957,4df832aa27198206e58bd8f823020e8d8fc16607d2872ca3876def3e50ed0727,9.57664230243288,164.46556291777634,13.078517303159748,15.11412863442185,212,16,0.41575465680598844,2.1322098729776595,0.4255637220004435,0.44934257191984495
train,train/quadrado/quadrado_0033.png,1,quadrado,20270958,09ea4728dfc85a1a6e6c1fc8e4be04f888956247a3334fd3817ae0d4114442c9,8.850559274461753,80.21383636618035,12.662536580347489,15.084163617033632,243,20,0.3349716953127031,3.269188735685358,0.35781722728318516,0.45929377138524446
train,train/quadrado/quadrado_0034.png,1,quadrado,20270959,a1ad3c4279ce1063ec7b036e1ddfcf0ac32c4175257a60dd78c9ba83d41279ed,7.8308895050561445,12.718030284443058,17.025849271492234,17.60392013040523,218,4,0.08822825002951817,2.9810798993109793,0.3870307929521243,0.49211374145736897
train,train/quadrado/quadrado_0035.png,1,quadrado,20270960,d23be8583100e9595f43fcdd562901c7864cbac205b45f8e6e0f06b8b2a9cfcb,9.285119334702909,3.7336695176753354,16.833042720949226,14.439729924935602,222,26,0.5772668939880025,3.275322313495015,0.37297647595886607,0.5151050518626636
train,train/quadrado/quadrado_0036.png,1,quadrado,20270961,c879d9ee8f305ea4d81a363cf6ef752af58968014fbc37c310a43402881ec080,9.95648969178651,200.26631515339938,12.550884691285907,16.232622363967625,222,16,0.13796031449060245,3.5983818476407707,0.3837923949968706,0.4724172505178221
train,train/quadrado/quadrado_0037.png,1,quadrado,20270962,5957f13bb49aa94084ba5c53536e4300f3db755c3966a03b314b7dd2ffa92060,9.268566305690083,229.6128850186387,12.602077138816076,14.662520191127072,239,23,0.3042468440535229,6.679134741579726,0.3518881251883831,0.4662802141021492
train,train/quadrado/quadrado_0038.png,1,quadrado,20270963,7f97927ccc79c34db978cda8ba5f787df0e6f6543973741e830cd900bf50ef96,10.248526702295138,338.09042255735073,13.77120329395513,13.221200924216287,199,6,0.3024332818042628,3.8258572726357665,0.3535504693010541,0.47266550224218606
train,train/quadrado/quadrado_0039.png,1,quadrado,20270964,54ec6cf810e23eb3ba9cd39bd2402d4f432db67ffe127a9c91ca14bd798d2023,7.1426206295814785,222.43457342892106,11.893209244024652,18.898549296292373,238,13,0.5996829738905582,3.6405068913896472,0.36462171350801875,0.4753060326360016
train,train/quadrado/quadrado_0040.png,1,quadrado,20270965,daabd41414d18baee25627182c206322c3407f86e9b1fc1d9657643d8c980f37,10.170179073709294,140.54563912828,14.280113482698482,12.232667727469014,218,9,0.6477130175592556,5.889647193679737,0.3647113082594043,0.42746305706929694
train,train/quadrado/quadrado_0041.png,1,quadrado,20270966,f8a461a1d86ba430ca0c8993f6b3086443deaa15a761024b560c3ab96754ae13,8.983380376108679,38.76894213329899,14.844160980830395,15.94433924586277,229,6,0.3398924042075814,1.6664841570047704,0.38806933408234956,0.4446794635533003
train,train/quadrado/quadrado_0042.png,1,quadrado,20270967,f5e91ef14c8e2437c3f554b7bbfb4c043156ea49422fa9a2318ca74be8b74820,7.550033229532721,193.6403016843475,16.263541385918202,14.12540019090959,244,30,0.6381961412822952,2.16954052128665,0.4182422929732807,0.47284898623322597
train,train/quadrado/quadrado_0043.png,1,quadrado,20270968,d1b23a26892fa9626059c21a36576f739aa9d1541cd4c8e2f16215937c49843d,7.227145791133193,264.01718909050163,15.358595487697023,12.646870870896612,234,11,0.04222801930207781,6.397454905861558,0.39345457470365364,0.4424970143098541
train,train/quadrado/quadrado_0044.png,1,quadrado,20270969,02fc80706961c2ddb684402fc7ed1a92e5927033eb75b7be1b754a05ee15ab69,8.965032474918491,287.7017695761742,12.915468975430965,14.594048669936136,199,7,0.6365297889468176,2.3658609554806365,0.4060203122404945,0.5107919683069317
train,train/quadrado/quadrado_0045.png,1,quadrado,20270970,a77bffd98c01ff5727ca9944fe021514d0589c64cc6d9968a185e4104cae8dd1,7.835261074007517,52.30662313497943,12.39967545860444,13.008330568281064,181,8,0.1335117398605476,2.6635480806500818,0.4102240210050707,0.4623510288294327
train,train/quadrado/quadrado_0046.png,1,quadrado,20270971,a7328e9f0f73698edc2df97afd2ab3628037ac9c98212ee688d63e0544f68049,9.85966058854272,268.58927295827175,15.438314459626568,15.23755327950688,181,22,0.3079041021722845,4.532505963359242,0.3513960716858781,0.4399186249856126
train,train/quadrado/quadrado_0047.png,1,quadrado,20270972,755a4bfed00c2751529a7df1c94579601ea8470bbe99cdbb26e18d8b9c2d0f08,7.380832069620047,203.73951507215932,12.642724921459394,14.628233284641794,241,3,0.012835729796106254,5.443113242992562,0.34736109518179925,0.4501386783611251
train,train/quadrado/quadrado_0048.png,1,quadrado,20270973,5da2159d4fa4e8da59e939882526cfc56e60b7ad8afb63e4c393bb48900c8c48,9.830327048095867,256.153626288284,14.057709106346,11.760325435976368,248,19,0.4300982339021126,2.4225135308626577,0.3269049810208084,0.5066325088838954
train,train/quadrado/quadrado_0049.png,1,quadrado,20270974,63ebfaff507263a25f828ab0c9c38244dd5b45ba4dc392dee95e4ca98c52561b,9.723010487142652,105.16542739158618,16.328851486115692,15.166689309139244,208,22,0.10362628290615951,4.852866538814252,0.39016615052878056,0.47314259253737245
train,train/quadrado/quadrado_0050.png,1,quadrado,20270975,b17ee72ffaa4cbf3d1ef518e942bc405ceb8baff949fa2303aaaa4667e12686a,8.577119210841149,118.71380923096322,11.100366577821834,12.097859088129784,207,23,0.6060664879116812,5.472614113620787,0.4378004963972812,0.5038621827393777
train,train/quadrado/quadrado_0051.png,1,quadrado,20270976,5062652986e36a312a1f956c294a541850af7475d07d936028b88689ead69a2f,9.339682817108383,298.22531553312746,13.200354166772554,14.35236733699368,244,21,0.0754215793014887,5.58243697516735,0.3485237838934372,0.4765298377839982
train,train/quadrado/quadrado_0052.png,1,quadrado,20270977,2bbe09fdceb2c1aa9ebbd8e65b95fc6133f1185db913f19d94695ebceb113981,8.20708489754634,77.39390485997885,14.317474984005987,16.45077307385798,207,29,0.30617410040783005,3.582563849837044,0.34115224981033854,0.464088664834505
train,train/quadrado/quadrado_0053.png,1,quadrado,20270978,5b37a14db625971f106294f69837436565af62abdb793bb29cd94bcb021aa0eb,7.96619417244534,124.66385169902694,17.205262839776726,17.990696726907878,199,3,0.435331013036015,3.0840866164154175,0.34160807299163576,0.4554823845646874
train,train/quadrado/quadrado_0054.png,1,quadrado,20270979,cfe8881e1ed762ab115953b1b6eb711e86fde52fd66f4e5d429e7a9ea18cf919,8.360075601392317,98.33347459739497,17.760924023656727,10.95472721110597,186,1,0.04514095629710719,6.511263907664317,0.35835796311943624,0.47021193195727556
train,train/quadrado/quadrado_0055.png,1,quadrado,20270980,a4d2bc1ff9e69afcc8013feaea09813996314476bf82fb5252041fbddd3e0eaf,9.432251390476015,56.65486954351592,12.79307973645005,12.319364161437493,218,26,0.12063566470467432,3.862959559317846,0.32877844693060726,0.42083406863779904
train,train/quadrado/quadrado_0056.png,1,quadrado,20270981,dc1498ffdc79ad32195bdaea0d77d254939257bf9c967499102b3d53c901f380,7.692028518286037,72.37389775063183,14.794881960880737,12.115391870947784,229,4,0.5473944980062685,1.0036081563676538,0.3398232014254509,0.48633549172553736
train,train/quadrado/quadrado_0057.png,1,quadrado,20270982,6e88394bdfcf83e24e6f6f8002a8dc59475a3f9e2873f51627210a88eb41e55b,8.456301795482215,169.33467065226674,13.723415441325919,10.962331808087237,228,1,0.30187100596114697,1.1526150057077675,0.43416521983446754,0.5077242025353542
train,train/quadrado/quadrado_0058.png,1,quadrado,20270983,c8af9c1e9857806d9148a29f279b2e6b84686b5d5332244679261a811bdd36b9,9.95648798497015,52.96178205592594,11.955102465219614,15.790156088042067,243,28,0.2931337131566906,5.9782038025213176,0.4142508302582261,0.493120920023185
train,train/quadrado/quadrado_0059.png,1,quadrado,20270984,8c0a5ade227c3d9bb4ed2630ec3e1a2da6722f57c0613811a6abc3a17afdd678,10.017509904578041,329.4433310392267,15.552745198487306,12.243609617538342,208,8,0.05229645750603378,4.059666263258027,0.3571106120262473,0.43568493937193875
train,train/quadrado/quadrado_0060.png,1,quadrado,20270985,3c618ca28e7af3fba4d1a7a610bf43a804df51c7d68b03072c08bb6dc6893ae1,7.850430665368301,193.57800760535667,12.27182295242242,10.092311799468566,247,14,0.32110909624274636,1.1987292914062895,0.35619715617136455,0.5041493913197526
train,train/quadrado/quadrado_0061.png,1,quadrado,20270986,62770d0ebe55bb2d3158f9dafe8d5d60430822b82d610d2a7f714aacdb9bfa8d,7.758781610589185,47.00132845244728,14.383676475316122,18.154273246895006,252,28,0.16397288032551835,2.3663693466506928,0.3828898251866309,0.47087302110138696
train,train/quadrado/quadrado_0062.png,1,quadrado,20270987,e303c2c04a60a3c02133ab754c53d37cb2bf682bde51453abe70c34007eed571,8.647360839048309,13.00610684426383,15.78633422246263,15.275147081912625,216,13,0.600887289241713,6.153115476914502,0.43920259072568335,0.4687425371025095
train,train/quadrado/quadrado_0063.png,1,quadrado,20270988,7d6a8a0386f0ac88e86d2111de41f3a9b7d526aeb1d4414d1a16a758930eb4cd,7.855710275718477,310.02957217361114,16.974356883632176,17.792367190506166,183,14,0.18882688627967087,2.255263909434716,0.43782190475682026,0.42997448746361744
train,train/quadrado/quadrado_0064.png,1,quadrado,20270989,fcda398af20e65df934a232852f04fb0fe7d7ae3fa6d9b78e946c92024a89ced,10.483140719579584,219.2374923773979,14.414848424090742,15.353915200093821,198,3,0.42365223297932514,6.07999316513988,0.32379322568569496,0.4755582775413373
train,train/quadrado/quadrado_0065.png,1,quadrado,20270990,035ee5ec0281c63537c5c27ab5960fe493deb901e4644ca207bee46befaef0ab,8.481686494845889,108.49531147231532,11.25541351128655,16.52763108409826,241,12,0.4905944829526228,3.6386539881408937,0.3458301619287189,0.44892236820729664
train,train/quadrado/quadrado_0066.png,1,quadrado,20270991,a7d57c9df3410b213707f73332db1203e67a4e448205dbdce4d88a432055387a,7.562875345630362,45.085353381145985,14.71701725962588,14.025659381597519,208,18,0.28524373319554613,6.500610414794541,0.3515187832822896,0.518405277371345
train,train/quadrado/quadrado_0067.png,1,quadrado,20270992,7d20a593f49b8fd247fe7de1576821d83728e8f56486660e6df1264f0e5511a4,7.425616852739369,347.3640830055536,11.04372471860341,13.131159823032334,227,13,0.5311901909457416,2.0536601084565147,0.3228928629438286,0.45432219772273086
train,train/quadrado/quadrado_0068.png,1,quadrado,20270993,65cdda505ef7584a5f88a864dbad3b97277e23f04fbb253120afbd1daada0eba,8.85728748023022,157.271285755644,14.891874639299544,10.928580656527455,222,29,0.2999720505367335,6.505425421235949,0.39695062460574887,0.42749315036317753
train,train/quadrado/quadrado_0069.png,1,quadrado,20270994,077705bd647ed2e3a48360cb67b310cd18454e1d596dd8fed4b24e70dc75a76c,8.790731343676557,159.12874947708275,13.326705827973326,16.592877141937954,206,18,0.37790933238883184,2.6815296397932054,0.4250740607816252,0.43944892200421437
train,train/quadrado/quadrado_0070.png,1,quadrado,20270995,96a24e4de295f98c79ff03ced74f4abd8e4c241d8cb269ea8a5b113ed2cc50a0,7.028620084040417,226.14253509042632,14.705363256279341,10.578626884536998,228,24,0.21982524911126003,1.2223504982189919,0.3317845957299657,0.4355742242198417
train,train/quadrado/quadrado_0071.png,1,quadrado,20270996,42112e6ea2fe2e4b86b5cb6d988b21d8ddf3dad3fc2c59ff8cd82c6994299246,8.113440416364856,223.45856472013497,17.835977914572307,13.619575642903147,217,8,0.5600729742648936,2.6314651463297363,0.4359898951418939,0.4861831654013321
train,train/quadrado/quadrado_0072.png,1,quadrado,20270997,0cb4da4c2e5314a11fc074346e2f6021d508fbb0f95fc775cf9abed2b4af1a62,7.138183020600014,325.5830421847702,18.087889766455568,17.756138036157555,202,17,0.4991845234706494,5.791076066490568,0.3503419431737206,0.45298380214653505
train,train/quadrado/quadrado_0073.png,1,quadrado,20270998,f948e79a46fe13c17b82316d9b0984fe8cab725537f3454fecb8e40a232a0e34,8.020911471261035,170.06989431065665,11.148897551232734,13.390282574239562,236,18,0.403453633463986,0.40047037173807476,0.43565903055842214,0.5126436057082375
train,train/quadrado/quadrado_0074.png,1,quadrado,20270999,c87e95f96c7bce4139bfbf1727a62614bf31bda12c2f87a5392438267b9cc739,9.941153046655945,115.61518678400445,12.98861561237401,15.89397821601721,201,1,0.4074844602285282,4.964235987374911,0.3679219199942291,0.44700600098675364
train,train/quadrado/quadrado_0075.png,1,quadrado,20271000,533644e7e578010a70b053293d89047a92675a883aa6bc570ad35f49b387cd90,10.180648973151325,184.22845042141265,14.103193995886642,13.070170771361152,227,25,0.2318279973843708,2.772127846645537,0.3900364251715036,0.44296340053460503
train,train/quadrado/quadrado_0076.png,1,quadrado,20271001,84a21ca8b0b59f7930e09d6c354bf0c49da3dbf0598ec989a46bec6bac620c7f,8.85590882722385,172.72454527214202,14.815644960879293,11.399891293679644,191,4,0.37211737411643764,0.0015419929615788641,0.3989828234906012,0.448689998768504
train,train/quadrado/quadrado_0077.png,1,quadrado,20271002,f0efd34222371139cf30ed0b0657850f16823d48585563107a56f0e16075c396,8.520244917223684,203.57346311306964,13.650797219594109,11.75193114541783,194,25,0.5664829944350647,3.078315555015392,0.42293102737050964,0.48527340585692685
train,train/quadrado/quadrado_0078.png,1,quadrado,20271003,006a60e039f7dc6ef469c8c4f0d1596a344f93db30b752fa05321c4de0c3033c,7.9819821030616085,347.99795391204566,17.81193140253319,15.26529716705782,234,29,0.47255531434582326,2.914523596037347,0.3996050467133475,0.4526325230190564
train,train/quadrado/quadrado_0079.png,1,quadrado,20271004,8563c6c1aaaf551419a07b3ad8cc10e4bd013dd6b68e1fbbc24c6b47959db46d,7.070759556025005,52.994971671246354,15.62917240829413,13.587967445507104,184,25,0.19119661162851573,5.565731477157552,0.4355828452068631,0.43095775483132226
train,train/quadrado/quadrado_0080.png,1,quadrado,20271005,5be4ed14d3d58d5f0f734b6efdea3c4cf386421d715b0f90d2d0e85f71bcc38f,8.188407047216858,102.25276063625655,11.63020119532811,13.751335450172704,221,12,0.646024649459898,4.896089333187093,0.3760295503541573,0.45415444613882167
train,train/quadrado/quadrado_0081.png,1,quadrado,20271006,ef0a828dc41783fe1e75273a04c7e4ffa87a4b30a26336dd35c3025a76d87d9e,10.022422877284338,302.1148769216532,14.17905886036185,14.994242272246899,254,3,0.18083058216204528,4.02059804231548,0.41144192567442445,0.423348348216985
train,train/quadrado/quadrado_0082.png,1,quadrado,20271007,286a6469a2d8494cd7016d6341d72133a1cfe6d02cd2b58b47b5f1f434c5d8e1,7.045574361539171,248.95130376115424,18.703899383523147,18.279212793894963,213,25,0.6464346509388418,6.290925326941101,0.3318416326555594,0.4203318347571762
train,train/quadrado/quadrado_0083.png,1,quadrado,20271008,63fa36f3bcabcd6d05d1826db54d9dd6b28234502d5856ca6034adeb520ffa11,7.7331384286946045,68.80457807818347,12.789323961416432,17.056392951413766,253,2,0.15441080147438047,2.4919942008264924,0.4083258323027378,0.47367852803426375
train,train/quadrado/quadrado_0084.png,1,quadrado,20271009,7ec8b1b0f438c6a5b547d2384eb3761683e3b54b79972b8e5fe96a0c9995f376,9.768640513057825,179.7339481158338,14.391292250648105,12.564131560822316,250,0,0.4933790133400434,4.712714421766054,0.32004964125326657,0.47281914604108427
train,train/quadrado/quadrado_0085.png,1,quadrado,20271010,ac1853eabf228ab2757850803e3db2938082b9e95b1ae2ded4098535de635e16,7.353937620361619,314.8993289489221,11.87396504091664,17.358039080845927,180,29,0.32736732981531835,1.386480319677911,0.40088203328568406,0.4619395747375398
train,train/quadrado/quadrado_0086.png,1,quadrado,20271011,04fafa8a6691231cfca5ca5b1eb1f2853d27c12fbad80e8a628ac478e2b3b1f6,7.396771557613228,161.09560975287934,11.429960018710608,13.569919274964967,204,18,0.5340005793403997,5.985895933504741,0.4013570930343235,0.4820765233451952
train,train/quadrado/quadrado_0087.png,1,quadrado,20271012,8340fa4a9d3c42c18f2a95adeddc7bf808e74a32f8e18e28dc87cf52141c5262,9.583580019540676,198.43298762723737,14.247392186876644,13.941551196763163,187,16,0.4958472549039685,4.218144947272471,0.40013586330317275,0.4722135783680037
train,train/quadrado/quadrado_0088.png,1,quadrado,20271013,e850bf33cacf04e126496239bb427746031d1fb72a9133c68a5db90e7bf1ccb1,10.08991820887427,146.28820318597727,15.413927339819534,15.691119785886208,220,21,0.3379604778876809,3.129992987845114,0.325297027755568,0.43694935212266367
train,train/quadrado/quadrado_0089.png,1,quadrado,20271014,ff9699515adbe1a6e2c8e9c29c7ae1f278ec7f92d7a9a1de02edad97db858a74,8.523254724515699,155.3885117898024,13.173825298046308,16.165186087146694,225,28,0.5104171680369585,2.0400372125519675,0.33798143948418663,0.5104366859731421
train,train/quadrado/quadrado_0090.png,1,quadrado,20271015,e899da2966b8d3183476096e2add1fcd5d1e5779d9f7777baaf089103d6280f8,8.468427060095179,337.7727739148373,17.464807290255443,15.220517297387364,251,9,0.24620327541646908,1.5011342715305533,0.4034482807262042,0.477091833976532
train,train/quadrado/quadrado_0091.png,1,quadrado,20271016,41e8d178c4f6e7ae890fcd95e12ed1950e1928ba780050c6392fd5af82e4ba94,9.470077378772666,182.2772831972728,11.4206739825208,16.578762132324773,227,5,0.1475565049584207,1.2794033185246585,0.41713584977219403,0.47752759305500386
train,train/quadrado/quadrado_0092.png,1,quadrado,20271017,f38d94161f4b65ab0f4d98947e624ade9cf2211fe04766bb252faee1f464f084,8.727520761544604,85.63242716491983,11.909732430970534,12.616529127745354,202,2,0.3954102020309141,3.8445120611984835,0.35738378322380954,0.48488506055908154
train,train/quadrado/quadrado_0093.png,1,quadrado,20271018,f0cda97c26a019bb4518d479996f1e316645a2ced44df6cd11f7d7f2ffd378f9,7.660982729563321,314.3191063419758,11.141087912773829,11.841127364967466,186,25,0.4735535547633382,6.581849456344379,0.42839377061713435,0.517871870751393
train,train/quadrado/quadrado_0094.png,1,quadrado,20271019,fc0a51182e9ca81c1fb073f4be6c2e0605e120a046a27125363385837220d369,8.379239709128369,79.02998566633337,12.516865242003098,14.915688914357418,219,24,0.08772022859553834,3.625315080393749,0.3488215143974469,0.4285929751631266
train,train/quadrado/quadrado_0095.png,1,quadrado,20271020,78e5811bd6d668e3c0c031f771e54df04b561b6d580bb77ebcd91105d9fbaf58,8.707824941731138,291.50556487846796,12.210938715147002,13.935420657827004,216,28,0.4142812753963269,4.848472275979775,0.4319759505329657,0.4372477545701462
train,train/quadrado/quadrado_0096.png,1,quadrado,20271021,6a69f01cbdadad5b274386e9fcc06c0268bfd0ebd42c7978d3e4436cbeb8bc20,7.804359635723784,230.09046950658393,13.187490361600293,13.0995565030649,240,24,0.5847303709907657,5.538337809514724,0.3298959493907101,0.4213265439454653
train,train/quadrado/quadrado_0097.png,1,quadrado,20271022,111f776cb220c2698891be5c6989631cbd4d971730db91bd94f462bf172b3855,8.029567505231391,218.21845359252828,12.38868897843032,12.480551803328485,207,29,0.32028346204537195,3.6219559811206086,0.3405550864508986,0.4460803725335836
train,train/quadrado/quadrado_0098.png,1,quadrado,20271023,8e165358e393a40de67a4cc13c21cfdd0c891a47bde1df56931b221fef070b81,7.593467179151965,5.53100756337503,10.286983191494164,17.70680632580924,234,29,0.18508967436874657,2.5889679301707993,0.3311904176053196,0.4475086172148398
train,train/quadrado/quadrado_0099.png,1,quadrado,20271024,dd95d458fe3640af43a70bb7bca3499a0b3bd85dafacbea5075932b3c93225cc,9.521554918631654,157.2699725421991,13.072105286297909,14.209752222839048,217,24,0.4924617565639915,2.059595253444601,0.38827479375758944,0.454657927246974
train,train/quadrado/quadrado_0100.png,1,quadrado,20271025,4bda46ea38125d59d152042826ce7028b7c6fafb254c6f0a445ca20436ea8e95,9.152748010320288,102.74259740515257,14.114588811694958,13.825906006193684,186,0,0.2110599687873658,2.7311127115556157,0.3849879748647336,0.4806399099319412
train,train/quadrado/quadrado_0101.png,1,quadrado,20271026,7b5ad8a90b25676897ff7281f27542ad6823fbe4a84a5c8adf812c4b5f772f54,10.234230434263171,304.96209392279843,13.810844518021838,14.321901028568714,193,5,0.588481966399209,5.634443625137018,0.3690971198749773,0.424035683932128
train,train/quadrado/quadrado_0102.png,1,quadrado,20271027,2b08d39b84c6c9f80deb56150c907ae21ae83e0d56ecc40d5e0fca15a9fc5837,8.164795610460375,173.0621022231672,12.841807436732712,14.886671802742104,250,17,0.44708448707449616,1.5654615008607626,0.43880265476851693,0.4222340003595056
train,train/quadrado/quadrado_0103.png,1,quadrado,20271028,4aab7d5d06ecb96cd30ad13cda54e02e4a800dd94df2e530c00c3719a8df9eaf,9.60522064951132,166.32940455044525,14.786550257166827,14.497319067537024,200,22,0.503746075173178,6.398120256202091,0.35779573752010024,0.44456856278393714
train,train/quadrado/quadrado_0104.png,1,quadrado,20271029,12f02d98b747ac20bad468d753dc9097dc54d3cd793a1fdb5f4249a7ddb46a5a,7.42798482878487,9.844428230623983,14.459007650048047,12.926332458442344,200,8,0.01873565238792893,3.962352297963512,0.3204201055167388,0.4657145052296941
train,train/quadrado/quadrado_0105.png,1,quadrado,20271030,56f49d47a198a543a0bcb49a4c81dad88e32a8e006c41d18ba91dcc8be4a312d,8.158183258987457,221.5745914841276,12.092504373662205,13.154063804128423,207,9,0.5890778469592413,4.418933567628265,0.355518712161162,0.42705668244991046
train,train/quadrado/quadrado_0106.png,1,quadrado,20271031,c27fe1a4007fff3cb12051afc6b2ad61092ecaf294cfb6cda4c3012ff7d1f033,9.210034091923077,325.0734145049088,12.182416811653045,15.71470844906919,195,7,0.4947346808203159,0.14078383173080267,0.32791217998873223,0.4896414307518398
train,train/quadrado/quadrado_0107.png,1,quadrado,20271032,3dc9067c70583f546c5f06fc65b858100f1cf2c6727248f704ab9fdde8a68d64,7.310184685357937,49.23018435820644,13.713102078740226,11.136873525684479,249,9,0.6463381601166416,3.523544478642674,0.37580986965902363,0.48312287952519295
train,train/quadrado/quadrado_0108.png,1,quadrado,20271033,5911efac552e4031a53900afff415485e735e8c27c9e97d1aded35751746b836,8.049335519139028,111.53882348932765,16.658749744095743,15.253585690827903,216,10,0.23528846537909162,3.9644043477836437,0.3383702709024489,0.42504909332255236
train,train/quadrado/quadrado_0109.png,1,quadrado,20271034,05e0968a41260ab33d1b85aae47acf55f4a6d1757f57d10e715ec3a171ee0def,9.929213329525275,308.4859412295465,12.567543168102889,12.741316441169142,247,25,0.23445652779801676,6.339311579493437,0.40483730912565635,0.4771073157534137
train,train/quadrado/quadrado_0110.png,1,quadrado,20271035,b1bc0510e31240e53b28d6850b42fde9bf3a46294bbbb837f3a3cfa10957b6d8,7.606449162746333,60.99436078605394,9.521461489366335,13.007718892937948,248,12,0.30613358996610357,2.6411961381364506,0.4155027193172031,0.44184555203130155
train,train/quadrado/quadrado_0111.png,1,quadrado,20271036,c1ca0270b4cb212771e9ebeb429ee30ededfda31e478b27e152cca7262c4770e,7.8021270746605635,342.5914495875968,13.17271763367702,12.49492778533171,246,6,0.40969725651570654,5.535514020530475,0.33063127080497845,0.49735641145328857
train,train/quadrado/quadrado_0112.png,1,quadrado,20271037,d4bc030fdf440b14d4c66668e7f173f4ec4e2025fa03a587fb81df25c8ddd657,7.103846416025819,327.0143695975501,11.57693266798551,13.721960372016902,235,5,0.40524950677833854,4.632120731186985,0.3479699342386252,0.5091024389143965
train,train/quadrado/quadrado_0113.png,1,quadrado,20271038,72be980654554af11d3d0dae3a5e36c4b6413ee24bb5cb24482637a64e1c1198,9.69784296398287,249.17235626576874,12.396117020671745,14.578638468509805,199,20,0.48040725266372086,6.108245072256727,0.41654255019187286,0.4741295235426205
train,train/quadrado/quadrado_0114.png,1,quadrado,20271039,e7d9424a36d437b272f24e3c038d19fd34b833980ba6dc2db62661b2ef18f6f3,10.11956778202763,133.90759270065504,13.221221655199889,13.93024437001355,226,26,0.47940962534060116,5.935684860747516,0.40618255085469257,0.43888701018136717
train,train/quadrado/quadrado_0115.png,1,quadrado,20271040,83b70bd025da42b36e06089f2c1ff635782583c4c4996028965775d117661ffd,9.886630136255047,112.25632952039165,13.014149179311682,12.158494628177182,216,20,0.47329854697264995,4.394534627878344,0.41315108609009854,0.4581055032353237
train,train/quadrado/quadrado_0116.png,1,quadrado,20271041,5b5d80fd33db66ab98cc24d377c54ff0b94698110a578b75dc0421d7f615f43f,8.707299028251578,316.9013065464119,14.892502083725077,14.471040973011744,241,28,0.06702522496332708,1.8938336131631748,0.384230985290718,0.49447069697319695
train,train/quadrado/quadrado_0117.png,1,quadrado,20271042,a6fd424c246a461489d9aff708d5dc0ff166ed2baafc7648ac35110e406bcf18,8.768072659425908,43.20062088088538,16.790879809102464,11.367591462441748,229,20,0.13939684334828795,1.4641926108377792,0.4195591290037004,0.4406661906778277
train,train/quadrado/quadrado_0118.png,1,quadrado,20271043,7ae94072db1a504732403239f639129e228400464ff8c4ce1efc31e62b2910bd,9.240906361469278,235.67497727743907,12.905955577739284,14.578332476403336,235,9,0.4537571560711908,4.36405356476028,0.4347169021556683,0.4626505802489711
train,train/quadrado/quadrado_0119.png,1,quadrado,20271044,808a27960d635c253e3d0c118ddecbc80167bb4fbbe872a2c5351c301ed9f0db,8.875013527467313,305.27990023977316,15.516393117125524,11.118249689283196,215,21,0.36565636104904,6.368365967770008,0.41190367351348883,0.4766624683388722
train,train/quadrado/quadrado_0120.png,1,quadrado,20271045,bae1260a5db42b7f59fe41f4787ff37eae18db6474e05044d7c2cf5f82140c3a,10.268627435527527,132.01840681098054,13.944185490476697,12.585859194629927,190,7,0.2636153578254148,3.0209352246699517,0.42849222882291776,0.486340633222956
train,train/quadrado/quadrado_0121.png,1,quadrado,20271046,97fe4bbc5356a1722d9c27adb2f6fee1e6a7888642af9155a2131774427dd8fa,9.65078386715882,335.3928905820351,13.702101913815389,12.730914006074746,184,22,0.17482066321219247,4.007477829867454,0.3414752953079281,0.5139097191883294
train,train/quadrado/quadrado_0122.png,1,quadrado,20271047,a0568747e2071a79f4c3bf9d38714e60f10bce57d8eb4030183fb694a743b141,7.68066628097572,259.8976354565974,12.773228662812018,14.544639178430803,232,5,0.3664198129477929,0.686090758955992,0.32261727404235707,0.46888476746978164
train,train/quadrado/quadrado_0123.png,1,quadrado,20271048,551c3ee7634867fe7ba5a554c0a1fe4d9fdf0711a587adb49b3cab5cd3c821f0,7.857954750943498,55.711758201756524,15.670282533868491,12.903383435895824,187,2,0.3156634365547071,6.232627468493699,0.4265006718653956,0.48952144551401017
train,train/quadrado/quadrado_0124.png,1,quadrado,20271049,a8f49155f8ac2d308aac3916a6cdf9eacca0f0744daf9afbb8c47d17ad33e15e,9.389360736599382,189.3849552736334,14.252835631850745,14.380385379929166,254,23,0.09590696724497462,3.4209721860644082,0.32420862737974104,0.4897126385146269
train,train/quadrado/quadrado_0125.png,1,quadrado,20271050,7cdba8992b55001dff27efbde343fb1d21d65ce0166fff374f92d9178cb3a2cc,10.405880376714359,198.3796283319278,13.862146009160114,14.866345339075394,253,18,0.142324506189435,4.400352421510757,0.4250691437038054,0.4736776782799972
train,train/quadrado/quadrado_0126.png,1,quadrado,20271051,876f5d4882c5ae13a93ed9b41a0d3d6e67c61bda039fc7a1832f618926388f47,7.723180387192594,137.84237638353633,15.841182403000833,16.23140692463327,231,1,0.5782667515482073,3.776110112834011,0.33291552553674203,0.5059089520331329
train,train/quadrado/quadrado_0127.png,1,quadrado,20271052,5a4bbd59f0260c69dff50a5775cad55964d4e28e4b2690a00bf0ca5bad09e4a1,8.827952831354771,294.27015625972166,12.644162963490341,15.259624470602445,204,29,0.4637177245599366,2.1432747899291074,0.4116154006402693,0.43407798480846693
train,train/quadrado/quadrado_0128.png,1,quadrado,20271053,fdc36d1a855adb21e387682e42b263875e94a072006bfa0e8735cc89226e0347,9.113483880004049,328.2818893804283,12.764406740980359,11.907795418717471,186,10,0.2544047977498332,5.248930297264852,0.34608160632197404,0.5040495707631648
train,train/quadrado/quadrado_0129.png,1,quadrado,20271054,d58c72f1c69a468e2a2d482119be20f0cb607fd6f43a615678342fa7f89f361c,8.523157866076442,183.50988167943476,13.173662021486422,15.998371868440643,238,23,0.11136615323123616,4.041446760761883,0.3376755397633853,0.44450672020891646
train,train/quadrado/quadrado_0130.png,1,quadrado,20271055,7fe736906503cbbc914e4d57aa7815bf3b9162f26b7bcdf2db1a2919573aecbd,10.153412866576042,159.69317206085387,14.626544516360797,13.543327811648894,245,7,0.5637144111004202,4.16026204117914,0.3656296173909577,0.43208079696070345
train,train/quadrado/quadrado_0131.png,1,quadrado,20271056,d687a168e999ba11559a5228e6a96852c6210cacf6437de5521b6ee36b806b21,7.502774871750894,41.442846480800085,10.694582615054006,14.03861588750793,199,21,0.35465485162057364,4.791622879079915,0.3463760128509456,0.4816109722732741
train,train/quadrado/quadrado_0132.png,1,quadrado,20271057,500b5fa0b3e99a02a4d70d2ca46621347a066ef0a77c28559c3d770f771c5de0,8.458442633746532,151.3429568464577,16.514486647075277,15.267635891126833,239,1,0.5216684247773004,3.3738495368508654,0.3258091596693169,0.45383836316997034
train,train/quadrado/quadrado_0133.png,1,quadrado,20271058,ca8f858d4c7aaac7bfec1e7c70afa9c1cf872f6a806fe5113d4001b7c563d26c,9.49370869224988,115.62736385635759,14.442146394036014,12.46504683843234,182,30,0.41070949571155246,4.526962326256716,0.34040994219634635,0.45258453147339056
train,train/quadrado/quadrado_0134.png,1,quadrado,20271059,d494336dea36044fffc4f10184f43dfe34f9a14d3be436d5b8ca8096adc8feb9,9.14611042571419,186.41529932832694,11.930588287023886,15.121945821700786,182,19,0.17018144403627986,6.3457855065634,0.33785026793457845,0.5181414026386699
train,train/quadrado/quadrado_0135.png,1,quadrado,20271060,0c81992b86dbd2a70ff1a0631a21fdbc9d938647fd04f2fe2ce41f455612ce30,9.415019355920855,145.46619031821936,11.885386695810514,15.335291735686598,182,21,0.11208355930788776,5.394588163776566,0.34799019328601866,0.4409520146377883
train,train/quadrado/quadrado_0136.png,1,quadrado,20271061,f143d638950a71052cc54dc65dd0988beec0685988d5432dbf5dfa94cba4c66e,9.22156760599255,133.83204929693423,12.470667854855808,15.915887010653472,191,0,0.018125184257786125,5.137589946321899,0.4161177489610749,0.48271005132772565
train,train/quadrado/quadrado_0137.png,1,quadrado,20271062,001a6ee202744fac21b7d128afc7189b697a271f3390c31d71a6aa3332ff5bda,10.37189640521643,213.10326602892266,14.03753171048299,14.820405980813542,245,13,0.4653494595424518,3.8427699788365786,0.3955258013875226,0.5112696895886237
train,train/quadrado/quadrado_0138.png,1,quadrado,20271063,1abbef2fb1124cc9b0e31c8b72d509761721cb0a0905c95e9d0c2b81df00f7bc,9.815902930934232,115.25489594907724,13.191944297475844,12.538551526111934,208,19,0.6239188013867658,6.88785182939402,0.33461067103694847,0.4822148830650945
train,train/quadrado/quadrado_0139.png,1,quadrado,20271064,c659132d8369e57ce98be30314a70f162821bf2b734cb3ddf12e4852f61c3cf0,8.97248554715867,175.40857436761567,13.615745543979497,15.451520108913567,192,5,0.34379703902373526,0.836597800783989,0.43025343778605524,0.5164494183648674
train,train/quadrado/quadrado_0140.png,1,quadrado,20271065,d44656b936f31caeb0c3c40117ddd58bd879567c4b41a4c19c543accdc4d9c40,10.07022941421663,155.8847552637682,16.026437625402064,12.435750872632044,221,22,0.19173088121464388,2.0975781071899178,0.4002173570399771,0.4661100730271534
train,train/quadrado/quadrado_0141.png,1,quadrado,20271066,8252ec2f16710d711ed82beb916c5e565aae04ee1cdf748e28f2c10347cd8442,10.148947007897792,279.4471349629049,15.246962686125592,13.454975165299254,242,25,0.41232539488718184,0.23018179080673928,0.4399603561191982,0.45918703635732017
train,train/quadrado/quadrado_0142.png,1,quadrado,20271067,4e1122c90c28061ac9c4e4139385d70881de33fb5efaa1a8d25efe4bd3819d8c,7.79299247755687,253.7565758119488,15.133750136388489,15.851776524647388,212,1,0.4846902637910243,1.4783099092173821,0.4377679274121364,0.4902185557310236
train,train/quadrado/quadrado_0143.png,1,quadrado,20271068,6de6a8717417e488914004de7772efd0ef01df3249d3eb4340ce22658901897b,10.239596484134267,33.877768654948646,15.043015937766993,15.567230269546808,219,1,0.07552324883215357,3.279688715140381,0.39624414370218064,0.5065359892932615
train,train/quadrado/quadrado_0144.png,1,quadrado,20271069,ede7327d9da18625ec392cda702789e63975ddffe5fcaa3b4b7f3024bfd37745,7.600845043771956,57.88865839720618,12.699061555693692,15.033688939972105,249,4,0.15408536835182488,0.296827545173056,0.4024480414507995,0.47679320602623154
train,train/quadrado/quadrado_0145.png,1,quadrado,20271070,165da5470bbe5ae8f2db73a2e003f350d01a7c19b8c204256f85cf435e8c24d2,8.15001775260601,159.76730591072686,15.153451576059172,16.809435036171628,244,15,0.025955009932971496,4.3261962774559635,0.40448888439101366,0.5093984684958768
train,train/quadrado/quadrado_0146.png,1,quadrado,20271071,050a20da413acf36085f1238cd3c830a26aa1b9f063215cf8afc54bdef55c2f6,8.844241725678147,305.5411490092688,13.074442671366375,14.105312234477694,189,7,0.2192528568282446,0.18810271036198334,0.3864349542677503,0.5180165288875229
train,train/quadrado/quadrado_0147.png,1,quadrado,20271072,253f0a84e56eb216404e8721438c42cc13e5e6ef9a0d53a773319aaa45953afa,9.321466557027296,90.04825585470769,16.27128879816382,11.343163080779556,193,14,0.026153403663407827,5.008432983988432,0.41978950262595766,0.5117172041568903
train,train/quadrado/quadrado_0148.png,1,quadrado,20271073,c5344ac5b345aedfc78f8398aab908f0391fe8c41df1eb7443c541c49734b112,8.31676871472434,359.99641063531084,17.407119824869145,12.415675169510568,227,0,0.24668797970251907,3.7135643032305192,0.422123991797155,0.46824057066239166
train,train/quadrado/quadrado_0149.png,1,quadrado,20271074,6582f6423afffff729a0fe2a9ac9fe88da8e53c200da29f9bd7a698a85dda728,7.093578814756359,194.04338624978854,17.45657123879767,16.53993028017562,237,18,0.4308751889637771,0.9179872428660464,0.3610226141225777,0.44507898610316465
train,train/quadrado/quadrado_0150.png,1,quadrado,20271075,dcd7218fd765723e7b496658a79afaa8781fe1ee7efd141c71b996a66ccd425c,9.553055778444868,78.57178041403753,13.126485384933138,12.311752536821327,252,29,0.5745347079883244,1.5038375549558536,0.3708554939245415,0.4574190872666151
train,train/quadrado/quadrado_0151.png,1,quadrado,20271076,bdf16c25437d8c6cea2776044c317a9d34283bf7049aa9a5a2e0b5e0c7b76fa3,7.225730465621116,219.49161385172937,15.971426808205576,17.929349667810435,199,24,0.21384534807392586,3.592277590063618,0.32717900029346925,0.4950247774445847
train,train/quadrado/quadrado_0152.png,1,quadrado,20271077,e44955ca8a2b67846b8da74aaff9805f0bf66e73d9145ba71d7f422aec0597a7,10.424627961667735,334.42019739101517,14.060529101334671,13.453625424564878,211,7,0.20898682714307418,2.2008564878632693,0.3742020376423147,0.45569294163001645
train,train/quadrado/quadrado_0153.png,1,quadrado,20271078,e6a452e48f517e40417f58231f0f3287411f973a5d71ff9da24dfba6bc8311f3,9.775897650464671,182.19665608410708,15.905883175160586,11.698639063844874,181,14,0.2704024733074345,5.452734159928113,0.436496361414629,0.459013547901615
train,train/quadrado/quadrado_0154.png,1,quadrado,20271079,92bec0a143fc44d4cd60ac83d9e169bdb94ba33bc99abdff668fadc0dd905d79,8.126144150128878,335.1597456335774,17.271954726413988,17.04405592756824,193,9,0.39855400780092864,6.426244480493709,0.39884052072607956,0.43055952349509585
train,train/quadrado/quadrado_0155.png,1,quadrado,20271080,3d2be12af6bb8c0aa717dcd63cd86fa6111ee8c1c69906dec58d0f51672b0f86,9.283164308532408,88.8663733668319,15.974920782321462,16.592280283902447,186,16,0.39798659872954617,5.303581964608635,0.3670696753695746,0.5122419874584994
train,train/quadrado/quadrado_0156.png,1,quadrado,20271081,196f4324cdeb3e13e3009b70e69cc802e7d69969d80f17cbd6e73654e0d50cb0,8.886346209055194,352.9720336993624,15.888180022526598,16.511049620261765,246,2,0.5456909310697268,2.46794115615828,0.4136600304953937,0.46167261693726186
train,train/quadrado/quadrado_0157.png,1,quadrado,20271082,76963d61564ecdeb46f28c9417868c1c2796e45d8a6fdde4699c1988d2d8b51d,8.983293178322093,226.92354565248556,10.917704183948088,11.22314109785893,225,24,0.21798928380055616,1.6972518569892223,0.4106850505763093,0.48352768550351527
train,train/quadrado/quadrado_0158.png,1,quadrado,20271083,eb5c48fb754c9071ba852fe3b64996685fffae72a7d52cc93fdaa241754d60d0,7.313227582725281,147.2875945261568,15.87866427522539,16.014699791909987,187,26,0.24435639049854302,5.370129294605709,0.34313606452915235,0.42420612318882317
train,train/quadrado/quadrado_0159.png,1,quadrado,20271084,13d49cd02e494741c32479b492ad97d6c702e44029ee7ffc7cf865e59bd70e67,7.2876271970450635,148.77379881838226,14.400295676545348,11.009719065197299,234,13,0.028606593231021795,5.957258612665544,0.3964199598879907,0.46088323004558385
train,train/quadrado/quadrado_0160.png,1,quadrado,20271085,7167d254a57972c70632dc4358567a8c06ce82686a9a1166e9218f1e868d2d4a,9.510823773881997,142.29545164564473,13.424411310262238,14.979070752427367,214,12,0.45974125915999614,2.1631455425596235,0.36274317007902207,0.5115484250307192
train,train/quadrado/quadrado_0161.png,1,quadrado,20271086,63fc689bea729b2849275b82cd99517abd38e29ed15457ab0b2271ac22a085a4,10.266000889517112,254.92169750862075,15.093661458625538,14.56224609580707,243,26,0.15914889864233805,6.37854935744353,0.334509173979463,0.4343909167876035
train,train/quadrado/quadrado_0162.png,1,quadrado,20271087,1bc40b16903b03a1e0e4d08ea784ff226507d293916860c07343012a8fdff978,10.309368028350784,344.16473258183254,14.238465077049295,13.657396069054776,220,1,0.4188265856697524,6.386506473117325,0.42625754924356296,0.4646501646320833
train,train/quadrado/quadrado_0163.png,1,quadrado,20271088,b2dc094db4be6e16db6293d2445db0f8570f54a883b7e74faf39418dddbbb32b,9.984487277171601,289.3961877018266,15.307880188455842,13.27062662766864,245,30,0.5138075469179919,0.0897735057100596,0.3205092597139021,0.4429277176184278
train,train/quadrado/quadrado_0164.png,1,quadrado,20271089,b6642b35ed7a2ca35471b971b6c86bcfb830ad429d0b5de28c861abff8246611,7.4798000606512405,122.75268805919971,17.45275169252614,12.60325795192212,237,30,0.1199332306958889,6.462575317772751,0.4073572143630099,0.47002908723025094
train,train/quadrado/quadrado_0165.png,1,quadrado,20271090,0807ccc7ff294665117b3d43afb16cca36a0d3e1650fe5931343cbe43edbb5ff,9.32363257026802,278.0514596268667,14.888412762198534,13.785614170950542,203,17,0.02671575609566454,6.456296780764236,0.4354035233249945,0.46979000332892734
train,train/quadrado/quadrado_0166.png,1,quadrado,20271091,9fbd56601bc55b0323cc5fd17a08196e94fe1d32f2d556ed87eafc50ab2b9040,10.376147744281907,227.91457708965024,12.594708715645613,13.33587754715409,211,18,0.5758543109906681,4.487067105935276,0.4258573388416,0.49097950984839267
train,train/quadrado/quadrado_0167.png,1,quadrado,20271092,45a6d7b160b7ad00228a322bd2666f13fa8204f94d9ebbcf28ad2a40cc45e1db,9.971884722595295,169.6474232512952,11.95983522883891,12.689818337732227,186,18,0.39485620542426114,1.3234001724193343,0.33643802574150106,0.5070667384207521
train,train/quadrado/quadrado_0168.png,1,quadrado,20271093,e41fb40a67c09db349ae46272174bad04f1009e9b885fd2557474e70420c4933,10.361428972287518,71.83365328401896,13.141681307272602,13.264404773254547,183,9,0.5172546590332557,0.29174089904123446,0.39991477398675557,0.47294218305962915
train,train/quadrado/quadrado_0169.png,1,quadrado,20271094,4c7627755532bbb394904716b132e466eefdd7ef0566792640c38b358453076b,10.494698771275324,131.84872792511328,14.824008759808262,13.639374986334085,198,30,0.3746074129582482,1.4288350349000856,0.39618859112608407,0.4473822656672973
train,train/quadrado/quadrado_0170.png,1,quadrado,20271095,af3b1e6eb689e963559c855942b3941941b19669be75d30ddc3c9407eab4611b,10.177167740527599,329.87370721858025,13.108124459885785,14.295891427291966,189,3,0.011085201750047775,2.6742543538089465,0.36242497364930326,0.5010315720191435
train,train/quadrado/quadrado_0171.png,1,quadrado,20271096,f370fd436ba52a0cc0633c18a4383c07d35b30347ababe09d29c1ea4c4a67e9b,9.625997561054342,226.6512011774313,12.934604068244004,14.931547177364266,231,1,0.43209871466042854,3.0637072588887975,0.43881562834981463,0.5082132253767205
train,train/quadrado/quadrado_0172.png,1,quadrado,20271097,3518716bd2bf6bd7740a9beb30c7a1746dd8ca5c98e498efa06017ede2754297,7.260966456410971,177.1769789231265,11.081755385728352,10.214670817366928,214,16,0.6382372637956664,5.177354578455713,0.3327069885837056,0.4943071324421548
train,train/quadrado/quadrado_0173.png,1,quadrado,20271098,6d4f3ae594deb89214612a36d7886bf4e3a2d893729f117e0a41506b809c3dc5,8.74450203584618,31.60778363539636,13.942888158013934,13.461757579229122,221,4,0.1982821318211801,5.361758795832929,0.34211421896172883,0.5157397153232425
train,train/quadrado/quadrado_0174.png,1,quadrado,20271099,ff75e8126c1f567d4626fa348943a96bc0c2903892abd05c801e3b288bed0ae9,7.458338902274791,64.24261867689744,18.597228903689636,17.887994855078958,255,10,0.5446464808905014,2.538265105087286,0.4330297363125851,0.4207321270640754
train,train/quadrado/quadrado_0175.png,1,quadrado,20271100,fe1b4e7676867b683fbebc9c88c3a7d801e6c153454f52e0e442237bca86e141,8.18947886140423,62.62606875851668,13.648816048830827,12.628299554740336,201,21,0.37347169386234796,1.0248392325416646,0.33212016011649426,0.4874021469507044
train,train/quadrado/quadrado_0176.png,1,quadrado,20271101,c8ac29dc27a697a78008e681ef211e10805d1e69f0e41476086b88c29a518dae,9.31146900427451,339.892384774391,11.409296488809568,12.172679363114366,227,12,0.24216277977308934,5.786855473186094,0.36074193147668854,0.4486866003689296
train,train/quadrado/quadrado_0177.png,1,quadrado,20271102,ed9f60c9cdf492caff9e9c842eab39a0ba55847d3da7d5d722698a0fd8f8ae67,7.229730495611457,298.7545752695195,10.944547484004122,16.06289803831724,194,21,0.1753521219871972,4.731358641083222,0.3304690326022168,0.4474061843582198
train,train/quadrado/quadrado_0178.png,1,quadrado,20271103,60193025bfc8d898e04bd0157019efdc694631e50c2e61bcb1e3ac8060535fe6,9.011495442249316,107.10833220594807,12.680275689392577,12.497312425526683,223,30,0.5018935016026232,4.071052025831206,0.3877248714335303,0.4545140381825952
train,train/quadrado/quadrado_0179.png,1,quadrado,20271104,9750708c070fb2db7b4a022372d96f7eeda9f8877a99ac2104ea52a8d193ecde,7.896327902518526,235.38701778641465,11.495322572832308,16.69786061027662,228,12,0.13423644482221286,5.016687278923683,0.42154323613762174,0.4239487392891333
train,train/quadrado/quadrado_0180.png,1,quadrado,20271105,1526c23abf8cf12aa5b1220a9af78654201a43ec3aa5ebfc6887ca808b0b07de,8.894815052859212,118.24729639692512,16.74415177025045,15.797422371304279,237,9,0.6209250933970827,1.9724443540949688,0.32750785936341026,0.5029390819155253
train,train/quadrado/quadrado_0181.png,1,quadrado,20271106,3681527c988f1667e01b9b380b2f132c21f3152462e57f49485ef6a403abdcc2,8.492331378426238,7.041821476102745,16.82759610834788,15.958892861505465,218,3,0.6159800522282818,4.386233709006459,0.3780098845866999,0.4851927473086209
train,train/quadrado/quadrado_0182.png,1,quadrado,20271107,49b8c66676404e194256de9977914721bd13ab1d28bb8a4dec7ed24380f378e9,9.827053562964757,79.29142177904296,13.99685549045828,13.927058445942524,250,30,0.3963621905645558,0.5272638067344536,0.3869948078508939,0.4753550519861021
train,train/quadrado/quadrado_0183.png,1,quadrado,20271108,7cd06b286d5d1e1f00297d6cdefdf1010be1604f797a2e82c41156358296f0d0,8.615038173170342,257.0971925914483,12.29215198931148,14.610633719165435,182,12,0.29393919467009777,1.7092348808311355,0.43478531341703575,0.4548645027524362
train,train/quadrado/quadrado_0184.png,1,quadrado,20271109,7a80be6f4ff6f5fe112ab36e846ce637798ad13879ea4bcca5694d1afd0b95be,8.017602697468412,52.82228506956184,15.420954685600265,17.754647640592776,236,24,0.3408651904140015,3.007980234721474,0.32899781823880486,0.4716918341043835
train,train/quadrado/quadrado_0185.png,1,quadrado,20271110,6453567e4593f48f3fbc70376658bd4a3e5fb7eaa02b8c62a5e89b30b3b31203,9.895818280651154,337.2739933378183,12.178596862784808,15.799231410207831,182,25,0.22980135604900895,6.990789567037427,0.3762341939288761,0.49717711574181733
train,train/quadrado/quadrado_0186.png,1,quadrado,20271111,2e26c1a7b52633aa3ff8a68c1bdbfb51f895b02dfeeb27ce6ee189f3c0722a65,9.35676329581954,55.30278534899898,12.785301216434195,13.578709806669426,206,27,0.14758136544818704,5.582828147781911,0.40900321956999186,0.44925161392759444
train,train/quadrado/quadrado_0187.png,1,quadrado,20271112,a28c9af2d13320f05ff2276e40c35264cd41360558b7dcbc43111ed9e2a18a48,9.600892308929085,301.0872063391533,15.94863313693286,12.201792949820083,223,16,0.624182644978535,0.8527455750627012,0.41346891868333274,0.4410463976274505
train,train/quadrado/quadrado_0188.png,1,quadrado,20271113,1759e502c1337017921ddeb01bf97e2d1094099f0a1a34f825bb1629aa945312,7.031278173567394,130.76291742575822,17.308772660330035,10.001470444755968,254,10,0.2591198606861804,4.805337474047893,0.4249384404649832,0.4579813795235059
train,train/quadrado/quadrado_0189.png,1,quadrado,20271114,e76c1a76a2241457bb17a4fe7b9a32509f6e6c8005fa8004f64f85e223c02694,8.606361737118842,109.05514591685034,15.082378767169669,14.722415797484636,222,1,0.2097950498123686,4.014468663323521,0.404718487322143,0.4874757113855003
train,train/quadrado/quadrado_0190.png,1,quadrado,20271115,86049ff45c425ef369f90ba8005f06ebadd471e611e43b60708feb6af0f3d4fa,9.296058440043371,62.47055900597513,11.227827125857473,15.705632952816433,223,8,0.5033972050667036,0.3599435041707496,0.3286265706971749,0.48634617240646816
train,train/quadrado/quadrado_0191.png,1,quadrado,20271116,544176d0f0d3cbba7d833fb0d78870e56540b568b52c3adef2d9f3959fa96dd1,7.597769588414669,0.2634521379405719,10.572506446446534,11.57573249129605,235,20,0.20596460421678026,1.2924281263153614,0.3980690500042131,0.4578007505063811
train,train/quadrado/quadrado_0192.png,1,quadrado,20271117,7255e772feb68ffffcd6e578907c726347c0bae7e0cc6a8ce8a0897e2118e65b,9.29932871380953,243.62586128801846,12.553883402566186,14.424783549039734,234,29,0.4428425753594129,6.79173568283334,0.37524545740234166,0.5012580412102601
train,train/quadrado/quadrado_0193.png,1,quadrado,20271118,73279c764111741e6992a77da312a21f6fff08f09523ec57617c72bbf7c3098f,10.045506071523274,72.87968213777837,15.30780125160285,14.891130428040588,230,11,0.6393045287496132,4.0120579134413,0.3649138803209423,0.4789075904047365
train,train/quadrado/quadrado_0194.png,1,quadrado,20271119,3c11268853dbc6a1d668eab03477f1bd7d01f59e6a7b2a91e8b89e93266eeeb3,9.525573001838843,162.56436570605177,16.610305234398727,11.797120149803968,184,10,0.05833896309115112,3.7248853483717546,0.3950159899074767,0.47362972670395803
train,train/quadrado/quadrado_0195.png,1,quadrado,20271120,ecda8e27ca1dd37824fa191e4d36923360a50a22d7ea1ccfb24c83d20a42640a,7.087203127606492,356.89339828303525,9.303684204758744,15.215648948784906,233,19,0.638921953423324,0.00952361634532839,0.3758363316595439,0.50755319983145
train,train/quadrado/quadrado_0196.png,1,quadrado,20271121,87fb173d56310f4f91ddea5509be57ef8b90c82079f55eec0acc5b350e6a1bf0,7.698915996525487,164.25759097050715,18.387893567482976,15.713061294527964,196,21,0.2551406116301825,0.5613215764716829,0.3512226225654945,0.44119524236240937
train,train/quadrado/quadrado_0197.png,1,quadrado,20271122,51a1afe4c4c6d1ee76e53169cd1e108f352a2f8d4b0f5c521b489cd356d246f6,7.343840683130559,177.14007416910354,12.865463374962118,16.654393607285144,203,8,0.08645251661458284,1.6506551887999725,0.3884427068792907,0.5176970498568769
train,train/quadrado/quadrado_0198.png,1,quadrado,20271123,4520acdacac153273d6489eebc4366c03d83f0d6cc961bb01a203c52d2596bc4,10.071696665674095,53.80104901922406,12.837311794421128,12.63046069287522,237,14,0.5227299643748308,4.196268166126301,0.38450758658409895,0.43402264978668337
train,train/quadrado/quadrado_0199.png,1,quadrado,20271124,8560e287df8b2e65258cbb4c049036c69ccd6c13afdf86495a92ef41db31cd3e,8.43865001664427,160.82603689473945,12.221074448757237,11.122453273802305,228,23,0.2093616415444112,0.5908871506236303,0.376167915933756,0.5117063392898583
train,train/quadrado/quadrado_0200.png,1,quadrado,20271125,250dbf0cb4981d140f3afb319603351ef9b2e9446c8b51d5f2c4bba210be97ff,9.5950100353598,278.63176412125017,13.209346553935791,12.980294412980674,237,2,0.13653593028116348,4.7893604021438065,0.4225248234191782,0.46452365400685075
train,train/quadrado/quadrado_0201.png,1,quadrado,20271126,f899475fc39e65ee20eb9b3d93247ec68112d7fb9aae71d7253875d0f5472dd1,10.351663247304657,94.46689622861949,15.395251735944301,12.40908227979122,227,7,0.4849982198529569,1.9018233933947135,0.39366600601623153,0.4974458984648612
train,train/quadrado/quadrado_0202.png,1,quadrado,20271127,589b4b7b41d46b90e98a32e20c2bdb88d2392e3da26500bda0f9cb2bdf4584ff,10.498422685384252,61.985721559890635,12.556950767799597,15.44034145951777,218,29,0.3482183887288454,6.169754878512282,0.4181992586399602,0.5018352743937228
train,train/quadrado/quadrado_0203.png,1,quadrado,20271128,a959f9bd1d2a4ef694c93768a7a4720710fa0951a0ad9fb9567c97bbb9a24f71,8.669022831337656,177.03224433862124,11.273498899480655,14.410754063225369,246,26,0.4109150251210356,1.1320219738529227,0.36659341882843977,0.42986406864380977
train,train/quadrado/quadrado_0204.png,1,quadrado,20271129,00a2e18db9cdffe11cf7300912ee7e70af4cbb77cda4e5b8c00a2e3786c79c4e,9.467937996629235,6.067510562017082,13.390986559587489,16.153538844808914,190,16,0.5172927819833019,2.6847129724888266,0.33920899954730777,0.42745300366594813
train,train/quadrado/quadrado_0205.png,1,quadrado,20271130,1a15ecc4c9f92ccb130d122dd1b50b493733cbaaf1850de06ef22e9a3e719ec4,7.226629339996369,8.077948311312353,13.736848709417309,13.422223609498648,192,16,0.47931837742750727,3.2084808596149896,0.41002346734673256,0.44397947041072106
train,train/quadrado/quadrado_0206.png,1,quadrado,20271131,aa6d029258377bf905e3bfd1e84bb280e89c880000638bc594fdad8756f320ba,9.463291158173345,225.1085064396306,13.986259606042786,13.212136682254455,206,1,0.1534144959373946,3.856649194365392,0.3634528536526489,0.49663683398240455
train,train/quadrado/quadrado_0207.png,1,quadrado,20271132,d5bf0ac99fb7e549e49454eab27650df297a4e48f86d3b99c05e20ce1cdb4837,9.783699211321661,46.59923516204524,14.962423187258313,12.992529884191873,207,4,0.3750602052272811,0.11563894147820808,0.41063476109342584,0.49116323361160014
train,train/quadrado/quadrado_0208.png,1,quadrado,20271133,91c0b319e82422f7b7c21f49a267f0c2df4e3c770ff45625dfd0fbeb389eb237,9.722461010928722,223.11809252800384,14.687720438940564,16.408254825463615,238,16,0.58577194731624,1.7753329366099186,0.34057178514011655,0.43894372990893005
train,train/quadrado/quadrado_0209.png,1,quadrado,20271134,351211e23ebaae5111851edf8dd7c911916b3656958bba47bbf858545c5130dc,8.430655041878527,299.6575707240429,15.595030159180377,15.261900904348385,246,2,0.4573574687915706,5.886127573770427,0.3566712807486577,0.45760084781527605
train,train/quadrado/quadrado_0210.png,1,quadrado,20271135,9fec637aa1cc8f34e79e25c356240e27cf96c20c2e49bee8271c2b939d70bf02,9.647038543145825,116.28983479764258,14.590744520082922,15.88674691049462,223,22,0.10764471512849334,1.7207016559680715,0.4346049736992486,0.5085232287588234
train,train/quadrado/quadrado_0211.png,1,quadrado,20271136,b079f583b96a9e7389ecdc0a6eb90785211735e06404e2327bc2c61093ceaa72,9.24803417112034,243.47708680404494,15.544274040488048,14.208143793020128,219,1,0.6387975563898568,3.70046153174636,0.40375344819732806,0.44584124340066
train,train/quadrado/quadrado_0212.png,1,quadrado,20271137,e8c118aecc7d5e75cb9c6a68d1dbf8d5190a15a4fd73f893e44daa7663fd8fa1,8.088925644984863,24.962906138713528,16.18997347937389,16.406584223360007,215,17,0.1830568825331022,5.297939801576979,0.413309068898443,0.5008280668648859
train,train/quadrado/quadrado_0213.png,1,quadrado,20271138,7a4604093e4b8864eff986746aa381345dd758480c2f9b0e7a1891e9bd5e3fd0,9.943952416242713,245.5714789260076,14.069010325115963,12.225085462576004,206,22,0.0886006120338814,3.7897891620259436,0.3783929337387257,0.4459477509005369
train,train/quadrado/quadrado_0214.png,1,quadrado,20271139,e994bc1b91039a8e8fd4af38788cbb83162c5e20d1bd73a523933816637417ca,9.848244261327418,199.18462116974536,13.245098829729194,13.10706994393521,235,16,0.06883011557709116,2.44137714823304,0.33065813280784934,0.49568375247124613
train,train/quadrado/quadrado_0215.png,1,quadrado,20271140,2d4a554b46867134113ba7504ac32c829759848a55032b1494286f6fd429f13b,8.516021171422633,253.62743675121158,13.586401887905843,15.975911304536677,225,21,0.46425796471922803,3.5574407163792756,0.3719537853092197,0.4502333609636045
train,train/quadrado/quadrado_0216.png,1,quadrado,20271141,d6fe11e7e23b0965a7dff32e1d5a851958d7ca5fe8226ce343fb607912b8391f,7.22010163684928,126.6060924543193,15.922858948057055,11.015018728159795,202,10,0.37856200831096715,2.9001369448719334,0.39861435630622877,0.4821301584996898
train,train/quadrado/quadrado_0217.png,1,quadrado,20271142,3615bbf9c70bc1de1cec6f0ab92c0204928d0242734691b2ad3821b61d47bbf5,8.427355615012946,15.602157098341868,13.061612907276112,13.48688686325812,181,0,0.39549431458427936,0.9974250829489153,0.3951090994069917,0.5084766732417983
train,train/quadrado/quadrado_0218.png,1,quadrado,20271143,94cb3d15bcce7270bccffa51121b19de0b2bb08c274b5fad7ecb571348cf3714,7.223314236727682,343.91513344882753,11.076399099969622,17.636735097532238,211,0,0.30745464284030055,1.1375076169038314,0.3919311815296838,0.45379860825070123
train,train/quadrado/quadrado_0219.png,1,quadrado,20271144,0b0bb6543132c13abd33c21dfaaaddfab275629e5a1351d134eb1935d7b6e0e5,10.4866852443084,339.2752311319194,13.55815836491682,14.535020645943352,195,1,0.08945828281329653,4.771598031368532,0.3948623759931502,0.4491227071928267
train,train/quadrado/quadrado_0220.png,1,quadrado,20271145,69b870bfd67bbd75451fad05fe7389290940e791530d16721b277ab0d88bb1c8,9.589089234920898,229.53988278852125,15.121719663528836,16.074264248736593,224,14,0.5179284790133691,1.3802487156420495,0.35286291127056724,0.5035784969826026
train,train/quadrado/quadrado_0221.png,1,quadrado,20271146,0e9fd63b1d3391ef6f14869175ea4147e67273a7ef729cec62e5f21615fff567,10.000152796590271,53.41196482520675,12.761883380337693,14.537332590328418,180,11,0.36417088553913873,5.874740936985174,0.36124818708756506,0.44971212550156864
train,train/quadrado/quadrado_0222.png,1,quadrado,20271147,3f30ea97be7f1b343d88d4c6c66b79ba2937e061869f0ca4e7a49bfd9a7745bd,8.32233184134813,233.66579029375285,10.948686562098379,14.196694351324616,218,19,0.16775752428424304,5.578183945849732,0.4398562574828037,0.4243868708944313
train,train/quadrado/quadrado_0223.png,1,quadrado,20271148,47a48e1a865b0d579a1d18640f0aab638e1532631433e06778aa94daf328cc68,9.46955025887497,101.93560865649066,14.475671017062838,11.680154468576704,239,28,0.1700070357022214,3.7008025519275902,0.4234467028486966,0.4845093778663492
train,train/quadrado/quadrado_0224.png,1,quadrado,20271149,7bfe755c83f9d0fbe6c83f991ad85eb77dedc70f41c8308394d0cb2def4c4943,7.534183600314548,87.20252945653219,13.218518631513273,18.12333004750547,234,13,0.5600722430809824,4.73282708616296,0.3908008814236246,0.48746694668861423
train,train/quadrado/quadrado_0225.png,1,quadrado,20271150,999dc9d054ad8b896dcf97022be6d2f6d8a32e7436ff3d23a5201f2e2ea37686,8.46502257384917,277.3235400231724,17.523749123130145,17.426887848270102,214,16,0.3832493568038379,4.974583508860395,0.4086416584366956,0.5176072603059216
train,train/quadrado/quadrado_0226.png,1,quadrado,20271151,401f27bb9d762a66375a4346844fb8d999506b0d22e341e34af93e4a2041b6c6,8.917781423347733,54.27069046320847,12.662112678196982,14.516883758682937,192,18,0.5562456939791912,0.8135356075043383,0.3266132685829948,0.456496046387275
train,train/quadrado/quadrado_0227.png,1,quadrado,20271152,c484f9b7e6e107faafd42db3705e814eea942654a9cf9d028c4c078c3fcb81b8,9.657494634291407,358.57955062397036,12.189649181462809,15.883085229301912,252,1,0.5427605432126357,0.8111668420141075,0.4398781390415349,0.4467068479711417
train,train/quadrado/quadrado_0228.png,1,quadrado,20271153,50acd7b210c319396026a8182a68679892ef5a3661acfeeb7bfd4e17f1443b01,8.055423112894998,237.71194024509717,13.208597022252475,15.347358438502553,195,11,0.011544684353874563,6.887675556787845,0.34617679770518794,0.4695554318627291
train,train/quadrado/quadrado_0229.png,1,quadrado,20271154,68b9a4febcb63e2e698c8152ec6f76a959aa87bd085eb0bf14fdc2072dcdde94,7.46707520032889,185.33711673876348,16.04185887905349,12.394002863312114,246,8,0.18950514361959372,4.06693263375143,0.40136532570912664,0.42012022028287344
train,train/quadrado/quadrado_0230.png,1,quadrado,20271155,2f5a007e80cc78690cdbef8c655db8f1b29e15b1b0084186f46c2a1cedfd6d2f,9.055678248900293,70.26115181885862,11.394817575797306,13.208102935317736,245,17,0.5683188387989591,3.670869273395242,0.32265982554804873,0.519583601930288
train,train/quadrado/quadrado_0231.png,1,quadrado,20271156,9d22b7b841c466006b23faedde010a9a237226336cf1affc1d441f7ac94daa1b,8.119809526706636,104.9850725038971,12.273763191406921,12.062719198319403,254,27,0.5624884711768403,3.3440806454209016,0.3394457542221468,0.4490150704915697
train,train/quadrado/quadrado_0232.png,1,quadrado,20271157,55e6b54b872d7870f773c567eaa41f13c806be142632999f373da250cb07b003,8.572598377363832,326.39868172565326,13.625341691351363,16.527208621495312,216,0,0.09377460006990448,2.811430483735663,0.39993069692457484,0.4542088967747268
train,train/quadrado/quadrado_0233.png,1,quadrado,20271158,8de6f90cc797b24c35ffafee6727484fbc68e4bdf6a5b250254846624b14ea6d,7.339262475545351,315.08142101850984,13.413107909771949,13.436741631453962,228,30,0.3959061642192137,4.802410376488534,0.3200177275603374,0.43345012790246373
train,train/quadrado/quadrado_0234.png,1,quadrado,20271159,c6c5a223124cf1229e98c59a58bbbd501a71c3b8367ffb65149e33416a2b8953,9.815005530909405,282.96138288700314,15.090706953000065,14.193206314274788,248,29,0.48333514694036855,4.1183931727915315,0.3685706527274638,0.4364591326325407
train,train/quadrado/quadrado_0235.png,1,quadrado,20271160,aa7937705f1fb6e2cc0cd8b08a50123eb4b02cb6aff02bf512eb187d7e9e5758,8.641064244770824,331.5073278584246,14.403241939598711,14.084723793008699,254,16,0.2145805663423561,2.2801047453245236,0.4171543680051919,0.4977340099372404
train,train/quadrado/quadrado_0236.png,1,quadrado,20271161,011a3f29ea5b67e4eeb330e94248a47312c30a38ff2c514560f2af8adb23f5bd,8.809964016979471,228.12857806472658,11.52875971314717,12.591626633817219,213,8,0.3059733697007335,4.9302720129238065,0.4199471750145486,0.420098193737329
train,train/quadrado/quadrado_0237.png,1,quadrado,20271162,bc1a98bb5a8b03e50b9431a9e6c5fdf771d0215ecd1a06b068ab8f4ce984a132,8.760571050058594,143.29015333316858,15.847528334066153,13.499021967541001,239,14,0.27918332436167,1.0372329636857165,0.3432433317187738,0.4814422628575408
train,train/quadrado/quadrado_0238.png,1,quadrado,20271163,2181a5bba79e382d956f1e38ac49b2f11242529c3f02d2149bf291c7b30a789c,8.093606490676413,187.35495403379238,10.755866323091471,14.512793946574789,192,18,0.22553294406468893,1.1822956219448615,0.4361141538096977,0.49722724127411505
train,train/quadrado/quadrado_0239.png,1,quadrado,20271164,3aaf994e39be423da5059b7e3b07cc43bad04bb124352ffcf90cf777c013880d,7.924298701093191,333.01205833706723,9.891764361874683,10.363898123288815,202,16,0.6159316526717178,5.475554948007217,0.3315871964120792,0.514670410095723
train,train/quadrado/quadrado_0240.png,1,quadrado,20271165,87c7e5c36a1a08e19c6fea794f91cf38a7eaee51a9e7c5272d3f55c8e06b60a1,9.186856829126631,352.22229720769093,16.159801441321388,12.411291025125184,243,24,0.5179136952858416,2.5648198582263535,0.4005005354563313,0.4656138931373097
train,train/quadrado/quadrado_0241.png,1,quadrado,20271166,442f3ccc2c3dee1e7821603301f63fca3bfbfb721af749328e4980c3c102fc72,9.126420734183023,87.18235338316258,11.870986746853646,14.706192657944761,186,28,0.5850534689844566,5.568375249092075,0.3448497826635249,0.44151419621954346
train,train/quadrado/quadrado_0242.png,1,quadrado,20271167,240464535aebcaa384b7783c2874d530031095489551c52606946582ddd8d2ab,7.90572165592452,104.77964982197129,15.151844044965353,12.765926794287136,209,22,0.5513780200423771,0.712411451895986,0.39059781404065863,0.49283397372281923
train,train/quadrado/quadrado_0243.png,1,quadrado,20271168,345c9281a91dae00f202a067d8de0afceda9ecd61ce7e4f1379955b75d98d4e9,8.700857018564074,163.4422690448518,10.662704018776084,16.017859218533243,189,6,0.5554296126020941,3.4051056348800888,0.3401537255973441,0.4729881304258751
train,train/quadrado/quadrado_0244.png,1,quadrado,20271169,6ed070ddb1b8e0c52dbbfe6468291dcd7b3f3bbb3f438e47e6087a991d878285,7.657887015080181,55.969775499948895,15.036131652086976,13.425339398141784,209,23,0.541569075967972,1.7071115114099897,0.3648083035996168,0.47289050348187817
train,train/quadrado/quadrado_0245.png,1,quadrado,20271170,11660130dedfa442227da3ea5ec1515a8e848b565db81e14164472a34de68c60,10.181559888530504,237.73922562498925,13.59145041781241,13.355179720905848,209,15,0.6452214441690463,6.03406226637954,0.4076232003531285,0.4732825555252742
train,train/quadrado/quadrado_0246.png,1,quadrado,20271171,bb4d05f2db478fd892e554195ec746180086295b694782dd5274c4cd21d6994f,8.842855901357801,21.702149320234426,15.36573291514846,12.908488431464514,221,27,0.5101752284011363,4.904805518177479,0.423400105328634,0.4911467314397834
train,train/quadrado/quadrado_0247.png,1,quadrado,20271172,a1a64afb4507b630aaf8fa131253bf35cf8e19483e14e2c3c84690a053011452,9.271491216846854,25.46957695915276,15.860393717552,12.973902357778513,230,28,0.20499602260789612,5.469570105404922,0.3925358954905861,0.4872744546010974
train,train/quadrado/quadrado_0248.png,1,quadrado,20271173,293af9be251f7f58fba867feff1201fb9b1d38761e91e233b4df482ddaf68b1a,8.924732567643854,302.9081560197288,15.062905792956,13.499295396350947,252,12,0.18799318161257292,0.004209885761455201,0.4057843278821302,0.4819351445225519
train,train/quadrado/quadrado_0249.png,1,quadrado,20271174,5d5f91155c7fc083f5957910d18f3af10cf61092eedec9cbedd4da05a6c143c0,9.830179988416841,254.8109352570836,14.776881568601983,15.770894373927334,243,14,0.04742423919848877,2.0672222298212772,0.3913601188501685,0.44393396492011944
train,train/quadrado/quadrado_0250.png,1,quadrado,20271175,4161ce485dc4beb85be799cc4c425186dcbe3ec3308a023e546951fde3ede7af,7.3009869477877345,183.26623375100087,12.144197426400936,12.33202386158666,182,8,0.34402191853182035,4.5090079654268935,0.4066258473245917,0.4290525611704077
train,train/quadrado/quadrado_0251.png,1,quadrado,20271176,233bc83377b3d1a52480c7a9e06413aaba5db647653cc6d99d754e2d7320bfb4,7.859810937548728,273.8377800356076,13.598153330886484,12.015529177670885,248,1,0.237129358431335,5.589729690764745,0.3706046923189299,0.4303158841932229
train,train/quadrado/quadrado_0252.png,1,quadrado,20271177,21ee7b9e5ffb71b13038d78ca0798722cb7e957bba00e8b7464f8b3f4d619bf5,9.081919197971645,242.64049298827558,14.396566526761244,14.075908523049966,207,25,0.4069318169743717,3.2075491422868847,0.43946411816340236,0.45029145621021993
train,train/quadrado/quadrado_0253.png,1,quadrado,20271178,d00d3458e3b0feb3f7110d57766bf0ed412854fda2e8c2e111eafed20cedad9e,8.100524588325591,156.65858292340846,13.262000718079422,13.6470371375046,249,29,0.08702430715268358,3.2646629729268017,0.36359005229002106,0.4263832005020622
train,train/quadrado/quadrado_0254.png,1,quadrado,20271179,30d5b98a21efee608c2ed6db14e0dfd1a150c94948f49c0d3347da00093e95f4,8.741484899864103,130.7379875356266,11.36007542158271,13.508095642258557,214,4,0.22038717545139505,6.612359532287469,0.41516983568880134,0.4975822916605989
train,train/quadrado/quadrado_0255.png,1,quadrado,20271180,7d912bfd90f5b204fb95b283023476bcb5e0f1ca0b34ee9b55f89d9543852604,7.28427317114334,250.11023997647092,13.51590513754163,16.84561478112656,218,10,0.1756526068797681,5.749427012232161,0.3668124136464914,0.5164378462344825
train,train/quadrado/quadrado_0256.png,1,quadrado,20271181,c7a321a9237dff804c9d608b2644142174240c7b9410c012268a5704c6ac2617,8.5388150223179,43.911582263832926,11.368955728492104,13.040112305000896,195,6,0.36306176171470333,6.396823708294913,0.40268779300303137,0.42347689928078924
train,train/quadrado/quadrado_0257.png,1,quadrado,20271182,00c405038a1e57d78ddbf0428e3a1fadafa1a7f8a233783a3cda664b9c0c9e58,9.684324696019758,170.83537568762975,15.752805449751303,12.093551929589728,200,17,0.5573444043186382,1.7772351919996416,0.348529233928385,0.44318181833454406
train,train/quadrado/quadrado_0258.png,1,quadrado,20271183,7cfc060077c09fb63d02c72a60e5b4e69300d80fc2b4f1d1555c6f2d9469a841,8.324081359843094,161.83035849034962,11.991881587621533,13.149356386951562,187,20,0.48246570158003577,3.10269251789339,0.36229542555754357,0.5185730543215062
train,train/quadrado/quadrado_0259.png,1,quadrado,20271184,c2ee105a0f2489ec782816c1895735ea5918710ebf2ac040db075bf925f54a77,9.787201508865671,3.0680334739409343,13.369409474493427,12.44269220452819,206,2,0.2864530458851168,4.494911980706494,0.4178688674657796,0.42417955852376704
train,train/quadrado/quadrado_0260.png,1,quadrado,20271185,b5a14c5fbb10fa92992f787e1b4781bd2bc9dcd790882038af08967ef3b373d5,8.691616761166072,207.49336357020664,15.180634173000755,15.376907876244884,188,22,0.22653942973394178,6.5608728403573915,0.4249774754300929,0.4654955065834906
train,train/quadrado/quadrado_0261.png,1,quadrado,20271186,1be7ae85e7b13181011678112aebecd5889df6955cb611f877c2e2bd7808d672,9.283169328021792,334.662551499042,11.267165879910314,11.32682783369485,208,26,0.4628271581267238,6.836543088592144,0.3312726249793464,0.4697025157493355
train,train/quadrado/quadrado_0262.png,1,quadrado,20271187,8a6d2b2c42d43df752f29b4c83b558d785a6daee100671eb9ffedf744b834cea,7.307561092900902,227.57468834697823,9.590900198214516,15.950519103697854,234,15,0.08634939182030575,6.688096111723204,0.40445543917365734,0.48975565978883495
train,train/quadrado/quadrado_0263.png,1,quadrado,20271188,4be91b9d22bbbfd58155411dda5aed6a6328af9dfd37f4ab7fe9bc903bc7a0bf,8.186245480291651,301.38263650542984,13.179741599571209,11.863641465719908,187,5,0.41296602782356606,4.446395208064662,0.3353402548913708,0.4511003069777711
train,train/quadrado/quadrado_0264.png,1,quadrado,20271189,1cc8a1332ee0aba8dbbb02d34aa67cf35cd6dae19c5d8ca72ed06e5060d107c0,9.548548997312592,302.43847948663364,14.837935667457849,11.485485897021888,200,10,0.3051935556936126,1.899630870254269,0.33367696034645355,0.46913847032542355
train,train/quadrado/quadrado_0265.png,1,quadrado,20271190,6a984a544fc6fe1f39f891eaf68a15ff32618eb5dc144172c10ae419027e171a,8.996377875246216,236.07624451473728,11.17154338821146,12.899449513148433,197,4,0.4755870599907558,0.15662609269870265,0.34227860299353835,0.5049559643752008
train,train/quadrado/quadrado_0266.png,1,quadrado,20271191,f0fccecaa52a6698bd5a3ffc9165256417b580f641978f145cd1836c7e785b48,7.21053390359116,30.810396783853058,10.873802477866505,12.130057180310445,243,15,0.4022637662303719,4.1810397043836955,0.3380529125063531,0.4316650831217147
train,train/quadrado/quadrado_0267.png,1,quadrado,20271192,0919ce89058233cbc5cef4b29a6e6af168dc5192428ba197b5709c0694cc4c4c,7.952491373633787,357.08793454379276,11.219012715057028,17.095322321623364,232,2,0.14880482783140211,2.193616138902443,0.3521401031522774,0.5183458161217045
train,train/quadrado/quadrado_0268.png,1,quadrado,20271193,3d0171f93fe115c652bdd99bcc4cd53ff1579afc01b7cb456c44a90f00593d2b,7.065438598369491,155.6522820002221,9.889146875455168,11.826078680490562,214,15,0.5830028501805479,0.4438673493744756,0.32532640862487366,0.44653053915469454
train,train/quadrado/quadrado_0269.png,1,quadrado,20271194,57c6c016e6ccf11554530bf2fce64752b66be156b8ab5db3c39bbc26173cac26,9.212429974807954,59.49177819946823,16.83958622933709,15.880725583005203,250,13,0.18507445601342742,2.141316742794073,0.37158031386330503,0.4304892497711019
train,train/quadrado/quadrado_0270.png,1,quadrado,20271195,d10425dce8164bbb057009f0bbe0e47613e8532bf298dfb9e0be00116b7ff16e,10.203215002603196,110.81951023685006,15.416527894629157,15.345449800947218,251,28,0.10348203640672511,1.0427661023179104,0.3226849396429665,0.4878021545106871
train,train/quadrado/quadrado_0271.png,1,quadrado,20271196,cb6623769674ab78fefec6833f4776a479abd23a87bd3cac7521c7383a30eb91,8.59707882895435,171.27188354548608,15.57491620986494,17.43891809934886,220,22,0.43241204343920403,4.66847624470746,0.381591269818482,0.433710181528975
train,train/quadrado/quadrado_0272.png,1,quadrado,20271197,ae7451497688b82e76265a54c0453bc43c6d55a45fefcbe003aa0ed122188436,7.365216012532829,181.33695832513442,15.279773995977916,12.273756131051206,251,21,0.09423723959008383,6.667428695356554,0.4206051804907663,0.43657960010525404
train,train/quadrado/quadrado_0273.png,1,quadrado,20271198,c2d44898c3c0e5e2b63534cba3be1622e258048b14bb1acd0129fccb254d1ff8,10.20865329304769,305.05648637020647,13.09776175385296,15.366512939880561,193,27,0.286141027916925,1.5799603291309627,0.4192354200470233,0.47520451890317866
train,train/quadrado/quadrado_0274.png,1,quadrado,20271199,49505574419b7f36b5112dc03e80c5e0a81a9c4ee63128a21c5ef52d3a6c1616,10.134489014082202,315.71079684709684,13.72081023449655,14.884738632263506,224,19,0.6288431293294716,3.848069484263378,0.3248697134210481,0.45510993762467145
train,train/quadrado/quadrado_0275.png,1,quadrado,20271200,87e4ed83c9343b2858de73d8000bc0769bc8de5b5acfa69b7333a36e3178389e,8.474937521083616,212.32691854543484,17.679001512630215,13.972751006286982,230,14,0.6059430380032754,2.5759554936016196,0.4155644972574919,0.4355580610353622
train,train/quadrado/quadrado_0276.png,1,quadrado,20271201,d7acabda8df6da1df7b99b1f1943d356d91782ed05f190d612546e4e92dd3763,8.592188214849235,0.6025369062799024,11.701590778784498,16.58750363208486,185,10,0.1430166198843275,5.247561329963941,0.3988108844935712,0.46266578943073583
train,train/quadrado/quadrado_0277.png,1,quadrado,20271202,2bf9f0881fb1142139c1b8370c32b51f69a828f746f0c40b5210a903174470b1,9.770288961675837,163.6384641095376,11.795178358746265,13.353161119565861,246,26,0.19062331429437265,1.05329334526552,0.3749373462250878,0.43805443175590597
train,train/quadrado/quadrado_0278.png,1,quadrado,20271203,0db6ea6d59242a1cc97b6378e60bdc7098c8484dbb823a4de353f7f2f4eb334d,7.266971821773621,145.92756739812162,9.704710275513222,17.66255709650789,220,5,0.39049100054581737,2.7007692228784013,0.40336211912727593,0.5089296885554541
train,train/quadrado/quadrado_0279.png,1,quadrado,20271204,3a097b417ede106ad461418ddde6ed446df7ac9f77ee0dc17c4919773b0055bd,8.346929028986779,293.7363937827099,15.231176201359084,16.930764140246744,199,26,0.616233407507964,5.582141441819445,0.4326649898441705,0.48702385312293217
train,train/triangulo/triangulo_0000.png,2,triangulo,20280925,24c4602077b4902733f8e5eb9590ed4ca4b83953f7aee987bf374a5b962376d7,10.217151485560775,289.4447616138457,15.665734495258272,13.664386177881052,197,19,0.10795886286105871,0.14934586075060097,0.4048569703628103,0.47833210526352177
train,train/triangulo/triangulo_0001.png,2,triangulo,20280926,eaf70ff1f06e5d57ad4f912e3ebf3f8c52a59e287fb0f8fc8e336bc5de1190c8,8.241956622519286,47.35361633048112,12.34832159581417,15.795615721665424,199,26,0.2828435745418086,4.826333745136339,0.354133159275771,0.48264433863752143
train,train/triangulo/triangulo_0002.png,2,triangulo,20280927,9ed506129470b67822fd9fa239de6b10dcdf0bd93e7946a1a29c6d395e23332a,8.453060464507706,177.68691546581826,12.664557633987757,16.913677853831146,220,19,0.42784038538535957,0.8998290866424525,0.40024957118613314,0.5042886793802032
train,train/triangulo/triangulo_0003.png,2,triangulo,20280928,2fe63ee609b8564ca9a89c82888ad3803670ef9d9d9960090563b8b368ac7d63,10.385685358662556,162.16277300810293,15.452270501077765,14.434063873739218,228,0,0.011038667487065824,3.462694287691037,0.33113787829049784,0.4931806228488673
train,train/triangulo/triangulo_0004.png,2,triangulo,20280929,25f5fa14d40c7636d6847439b36765e56952290e8af8e1b971af62e2b9aaca4a,8.807288602913319,310.65975838886243,16.673601094223365,17.130460239892923,215,22,0.24394073690487098,1.4369884016940286,0.3905681972040192,0.43246424556392293
train,train/triangulo/triangulo_0005.png,2,triangulo,20280930,4fc4385bca466edba037ef2468707f3f8a2cb0b0978cb7c4e838236cf7a42b42,8.000781058547226,151.49342515232976,10.488659497999087,9.803420883963009,204,4,0.4019591738109068,5.3459491908311865,0.3478557827012053,0.5124962069402821
train,train/triangulo/triangulo_0006.png,2,triangulo,20280931,0dbe618a339c5f099681273ddfec46b03cd0b2806ea802d7dc9ca7ef6a16ed01,10.146951439315735,243.82548182155463,12.395398290431944,15.91428580188471,253,27,0.4404583317924261,6.861044740904072,0.3513099816643666,0.42445511483209974
train,train/triangulo/triangulo_0007.png,2,triangulo,20280932,ed532c51dbeecbbdf8e83786f63975b683f1049300bd5cb4708eb4fb5575fbda,9.593486268329396,109.15137385804097,11.831400120417214,12.343302661242413,251,15,0.11522056070323648,2.718189539416185,0.4248624343538747,0.4315655981862062
train,train/triangulo/triangulo_0008.png,2,triangulo,20280933,3c4b86de62672dc17cb7d8961775db44de82992a6bf3a020aecdc94c0dfef94d,10.227577628936157,341.57772252826067,14.976105294714753,14.337444139019787,212,16,0.17633586475166854,1.5676942648035521,0.38962090680509,0.5047096692828954
train,train/triangulo/triangulo_0009.png,2,triangulo,20280934,4b540146e84099d49ede211a3dc669fcfeded8b6616ce6ad290e328b85c28ab2,9.722191899887786,80.31488302373207,12.474312188634082,11.551217147716086,223,24,0.31009596560145214,0.5736623998827491,0.3556630667273733,0.4407521657880705
train,train/triangulo/triangulo_0010.png,2,triangulo,20280935,096cd9d8a0128c93a127aa7c37be3362f18c64d4b99aff5be4fcbc47f82a7c16,8.491229441433786,220.46051459081153,10.661451243600846,11.066777410342405,191,11,0.013587148301641084,0.5983638696521845,0.35304590497811855,0.4482945409745374
train,train/triangulo/triangulo_0011.png,2,triangulo,20280936,44d2efee44986a2a09d016352493d9aac62bb5db9b72f0563d02cb8e34ca7a1e,7.836410055979588,148.86171685680395,16.707989336715688,17.002389061960894,224,12,0.5075547235482826,4.155322457006742,0.41067417983252574,0.4393336445711256
train,train/triangulo/triangulo_0012.png,2,triangulo,20280937,080c4341b779d9baca6257db4351981e6937c4e0a5e82aa629e1c360bf33fd78,7.591069584292306,158.06106954840857,14.2449677314603,11.521582146478062,186,28,0.38338605329087266,2.0923863866956003,0.4089610996960787,0.5197172365272028
train,train/triangulo/triangulo_0013.png,2,triangulo,20280938,fe3d9f667bf701bd0cf2b69989aede7162a646cbdddadad8c2bcb3e1401d4d26,10.05358065431369,344.95005262409524,13.777441604464942,16.11974312380736,204,23,0.6211971015832574,4.742275164610654,0.3288877970338849,0.5039115833524906
train,train/triangulo/triangulo_0014.png,2,triangulo,20280939,989aa8f5425e53fc294e850263d9555997a8e3f5bf957bdcc4697c83bd872018,7.045752821460997,40.33798675710229,13.002782876477102,13.215559758220067,215,25,0.14175961071305307,5.749284717605939,0.4289273033548667,0.44559337678718247
train,train/triangulo/triangulo_0015.png,2,triangulo,20280940,4dd0c43b0e2be504621f3e8c42f35313e5cf0a8963ea32747d959f408c0eddd3,7.846658365387554,50.45561930797658,11.15906883691865,14.099633899020484,190,6,0.04758905726140202,3.8529429081827415,0.4286047163207605,0.44369356363557205
train,train/triangulo/triangulo_0016.png,2,triangulo,20280941,ed3b858d7bcf201907428ca85cc603cc64aced3297c1bd4f1506a596205760e2,8.008914239129716,83.66273062517989,16.48603953348449,16.982803956905272,238,30,0.5653427677480537,5.319223839954894,0.4087726468116362,0.43982386153523356
train,train/triangulo/triangulo_0017.png,2,triangulo,20280942,5394c1dd52c00ec7cc9849ee6fe3d504760384a9bf4eb73c9ec8084a4209aa1f,9.45701395785368,87.16573867742352,12.265523017842174,11.935774973053167,190,18,0.06725741406095055,0.16924773591487818,0.4034292163452177,0.470489006829035
train,train/triangulo/triangulo_0018.png,2,triangulo,20280943,d1c9ceb87bc02dc182da2550a83ce86d0cc86273212910d935d92927c2191269,10.207829754143388,323.2864404853471,15.22896820581909,14.370120083003942,190,3,0.46190219085799444,1.1634211029918262,0.3735565080248118,0.4567540513962912
train,train/triangulo/triangulo_0019.png,2,triangulo,20280944,b7ae846bcaec578c7559268ff2b6011fd0d5ed110afd9a60180058fd78af5ddf,7.749207079063647,27.04502727002436,16.124140872749305,17.55809155019363,219,25,0.5363426637400649,2.875535112907286,0.35006661802878974,0.44745848616731115
train,train/triangulo/triangulo_0020.png,2,triangulo,20280945,5aff9cefe5b3433950a322ecd294cf6d2e021259db939f9c338e92ae11110b7a,10.025291788962745,29.039375235776003,13.15388800322891,12.990375213673152,229,29,0.27110903111769913,2.262125254275689,0.4386331322192937,0.4369709552184821
train,train/triangulo/triangulo_0021.png,2,triangulo,20280946,4e20093f67010d183dca57ec6117854540833ab4b8e251732f0624fbb89936e8,8.677497143832207,210.30448933099785,12.104959426273373,14.947241802653185,182,8,0.1081950424786674,2.0043624807373077,0.42910647363506726,0.5044273862209707
train,train/triangulo/triangulo_0022.png,2,triangulo,20280947,8056ae9b1b67e3d0ef449d22d0bc3c56e96a16f54fbd79bcd3440152f485ddf6,10.319187277246492,86.52278537527478,15.057189031250298,13.580023670399243,222,26,0.4947429816604762,2.0677429353277637,0.4228135632130383,0.47294025815962326
train,train/triangulo/triangulo_0023.png,2,triangulo,20280948,87831cb012f4b7ab3d23d4dca5c324f6b312ca09a1cedd64973b668faaf544a1,9.518456535354815,88.26458440525572,13.619217803558673,12.236084322490504,237,20,0.44574570701876526,6.155694931813909,0.42889932575122386,0.46626022980421744
train,train/triangulo/triangulo_0024.png,2,triangulo,20280949,5ac91115e077b271ab2f41c2c302bb4ccfaaa435dec21296707f6adfc4305e18,9.158052542740961,256.35496430592906,11.226941515657371,13.239668519585445,193,0,0.2990717845754048,6.465505369766887,0.34297824225108076,0.43643169654544434
train,train/triangulo/triangulo_0025.png,2,triangulo,20280950,9c2590481d317160e918c65bab883b008e05fb2e6c038a93f947dbcdb2faf22c,9.950030640945469,117.75782429891646,14.48026559238664,14.01133850640624,237,13,0.5244375553242268,6.201451865324479,0.40065057454023423,0.48760169326848857
train,train/triangulo/triangulo_0026.png,2,triangulo,20280951,c9a23782006303fe5ed65c8352d5274e09bda9668d7de5819da8c329465137b7,9.43003669900146,307.0667492087775,13.683090336638248,12.836167391408537,210,25,0.5072620554193485,3.5442388019160798,0.3631439596428047,0.4984003670056959
train,train/triangulo/triangulo_0027.png,2,triangulo,20280952,18b5b86ec95d3e9ed8389c34ef0e1d88fdee6e359bb1f4136e5452c5e93bf2c3,10.361451633343782,170.59438944633195,15.460207993796123,15.128301019784868,252,20,0.3673380744748626,6.345108515859478,0.33152987082823115,0.4680214043946896
train,train/triangulo/triangulo_0028.png,2,triangulo,20280953,3236f1427a5c2543da5dfaca3df0eb962c6e5562691e4c8d55360ffdfe163f01,8.120161135810147,202.9134162399431,11.1194026306585,9.926759191086413,200,17,0.3243651808251659,1.3335431598016751,0.39927439621101507,0.4474626411150213
train,train/triangulo/triangulo_0029.png,2,triangulo,20280954,4929191717eb7b594c7b6eee92e6d8b6713066e045d6e2675493cb787a8d4d6c,10.484878058898575,169.5330056360763,13.38947028702107,13.074662561687289,246,9,0.30537837260454515,1.638672166817782,0.3909314237493554,0.4846435376604695
train,train/triangulo/triangulo_0030.png,2,triangulo,20280955,07c11fa0d724bdcb69e7a02e0a240e93214192e948d4d3c45724b7d8c3b4a5c9,8.380368520070576,265.9638721150592,10.950536231667984,17.172122182493332,195,22,0.38304470840817745,6.668242101911285,0.3368458716274716,0.4668595455000762
train,train/triangulo/triangulo_0031.png,2,triangulo,20280956,1cf8da990fcedc96d4f7fd0fb0ebdc4578e07ae637274a5d09ef6c348a6d6f95,8.826883458625502,352.9055916178852,10.684351541643869,14.749186386693601,187,23,0.29851135910310994,2.344499344070227,0.33613033548153703,0.5142544657985232
train,train/triangulo/triangulo_0032.png,2,triangulo,20280957,fa77fb735bcc48d5b6481545af9331da3d91fdaf9245bb9cf178888301c98147,7.800710040191462,296.8624127070091,16.58150706175642,13.658063758167879,198,16,0.07130624043366786,0.36426155299261975,0.3626116671461262,0.49467143075817877
train,train/triangulo/triangulo_0033.png,2,triangulo,20280958,2287678b17cea267ea7972a9b4ac6e0113a67f78752ef85edc9e200d50c8a0c3,8.969973329374287,113.33669311725976,14.17870666939883,15.218655081540255,232,19,0.5484197282864266,4.961301978624468,0.37163096637309834,0.4314508571882303
train,train/triangulo/triangulo_0034.png,2,triangulo,20280959,71acfc67484e9b61dbb8b97f4655cc2eaca83eec66dd6cf7ebae6c6ed003447f,8.160573353220062,183.47487407499884,13.934870174083532,15.625667354443483,251,15,0.07235937014893834,4.439881079364087,0.41152672876265095,0.44412215474309946
train,train/triangulo/triangulo_0035.png,2,triangulo,20280960,dffd4b9973f5ea6263cdaa33665e4e430e5141db3acb48963e4ec991b2066790,8.964166997650295,327.49304149121605,12.91336089749657,15.126776568628218,230,17,0.6035732850793291,4.724446830622938,0.32059477728583036,0.49638151496923255
train,train/triangulo/triangulo_0036.png,2,triangulo,20280961,e17f8f79c419afeda72efa4c7dc0b48415518a0da3a80d6cf902ebaa1b3b8904,7.632335595410947,349.5745940562249,15.15008175729421,10.705902586461814,212,12,0.6247361745061465,0.02648337853986915,0.3672683590024019,0.4290886621886755
train,train/triangulo/triangulo_0037.png,2,triangulo,20280962,d4ffc9ddd47fdbb5f7128a1e4cdde76d4256774be9f7d431068b63e453e0ca9f,7.757196491798192,44.218695766409006,13.912257366530591,13.986167732239233,207,19,0.1618787146975627,0.2865273225337399,0.35923317260422993,0.5199668773713096
train,train/triangulo/triangulo_0038.png,2,triangulo,20280963,d436fb285bc651129a31983167868ceb4f9f38975f936e7bb71bba0604f0d4e5,8.451091602729061,149.38447311162918,15.492001643146896,14.186412375158062,185,28,0.2873034922566553,6.778891977797527,0.43661365800394436,0.4420159327477708
train,train/triangulo/triangulo_0039.png,2,triangulo,20280964,de9a97bf3f9bddce5d6ea5ab1f05a553283c6386a0520cdfd0e7107d13534f45,8.45389744112397,139.41202192108412,14.482386065842007,14.565202807726983,229,30,0.48789576508665683,5.259610414547163,0.3792372866735728,0.44172233539154476
train,train/triangulo/triangulo_0040.png,2,triangulo,20280965,cd0c440095fd3d892e927bbd9e23d27c60350f7a89ebd4208e2a612d8b4ae7c3,9.004428708210725,343.42673088403023,16.823598568307215,17.178618518427132,192,25,0.5124948833615663,0.09872541190085726,0.3755753809946053,0.44878706518194683
train,train/triangulo/triangulo_0041.png,2,triangulo,20280966,a54c3a5d4a85ccaea19e26439b881cfc170d0d6189040e77261bcbf59cec962b,10.154656560682287,20.13075422943201,12.754778054679187,16.026130442380328,218,18,0.5344570933092304,5.071798849064253,0.35727931328490187,0.5145790878509258
train,train/triangulo/triangulo_0042.png,2,triangulo,20280967,0ce955e3e6908d8a04370d6a75de3b2d265653ddc4da18841fcfe9e5562a22c9,7.1627108756843,266.8177342958438,12.716168729381403,18.6050726217715,192,22,0.02614511416643276,6.207767415207975,0.3854653399884732,0.4335480366499185
train,train/triangulo/triangulo_0043.png,2,triangulo,20280968,15d07b531c90de597ab10ff51f9bdaf48fff6c23a5799cd61b31d50cb4b356b7,7.57787049026008,235.14674950239188,12.268663666874563,13.032864976110524,206,30,0.370675032428362,3.874085486983988,0.41290309184152046,0.4623394663068221
train,train/triangulo/triangulo_0044.png,2,triangulo,20280969,7703078b69ab0fdd6aaf28ba5e7c0c915115fb5c5746912976154dbde6c1b758,7.922331152839575,172.25242349571897,12.799792096830329,10.530218700611698,188,24,0.047590851341801924,3.173378041748492,0.3762181455402643,0.4279217709767129
train,train/triangulo/triangulo_0045.png,2,triangulo,20280970,230402da7bbbc720599ad75ee730a31c256c3ba88212dd7e755e7e446b136734,10.060623284103844,228.79762332686326,15.600379082061721,15.777164758347842,200,30,0.458651806145902,6.307132858868686,0.34318475755752675,0.4686631028420546
train,train/triangulo/triangulo_0046.png,2,triangulo,20280971,b023dfeff44c2fe58b850106c0547f73df8674a5cdc7ad9379cf447f3a86088a,10.33606468864755,20.795491508180657,14.007867806044068,13.593052231557479,193,20,0.5149355698508981,4.802825082368102,0.43036520837189585,0.4205971900979941
train,train/triangulo/triangulo_0047.png,2,triangulo,20280972,e3ee481965e8b935fd3651e73f423996bcdcef1f7925301bb8f06c6138ff188f,9.442078935343357,194.11425267726705,14.61243679627311,13.4094267484487,192,11,0.05707460117978038,6.3566953831054835,0.43141595960085516,0.4443877028520347
train,train/triangulo/triangulo_0048.png,2,triangulo,20280973,5d84513fc776706cd4d38228f8bde3a3c22791962ebc4efdbd22c2ec9cbe7327,7.992735865169,122.65134159100134,13.555866506810997,17.378986796118006,228,21,0.6414715486520981,2.0275025896173746,0.43820344633286984,0.4344055349119367
train,train/triangulo/triangulo_0049.png,2,triangulo,20280974,512df244ef4aa1d773043b2857a121a58e481b62d0e1575d18aebc8dbe43950a,8.730288102322364,160.16031042412519,14.434435433095171,14.31911324173232,183,0,0.0904085525290147,5.998373529798186,0.42123988313288024,0.4736778069881099
train,train/triangulo/triangulo_0050.png,2,triangulo,20280975,6835c9c69f188357a41884a23f923cda2b3a70488ae460e6a3d06dff74670ccd,8.178978052944041,77.30828050378418,16.32810445525063,12.452413967475199,229,16,0.5318789132831675,1.3044338958792827,0.32072935182328166,0.4352223326659942
train,train/triangulo/triangulo_0051.png,2,triangulo,20280976,db043adae7d9deb760430eca539a853a98215f637562438b615fb824c51c3f27,7.767412530790631,89.2679421226961,9.694994850769575,10.505771090428984,229,19,0.35607754898088034,0.7417556144568317,0.4068775321095828,0.4274692847318393
train,train/triangulo/triangulo_0052.png,2,triangulo,20280977,4b9180371cd0d4e2c9a60b9b92b2286cfd8abe7a63a19b90cdaa5d30e1c4e3cc,7.842322163712547,171.70910127531758,16.46574455076812,14.786499341609936,216,24,0.3636698934077115,6.521839921284128,0.3440578788141533,0.455550927459061
train,train/triangulo/triangulo_0053.png,2,triangulo,20280978,82b68d170724d854de0e7280cd3605dfd9ea8b8089bcc4c3eb64dac2d27138cd,9.90351764209797,280.77769491199876,16.28336216320189,15.377178077506496,213,29,0.1381768905939427,4.464549535499266,0.4085963269427033,0.5056616681816308
train,train/triangulo/triangulo_0054.png,2,triangulo,20280979,976f453c5991cf9843b284ea33997563487c3e552f577a1ec7eb182968403502,8.106091006607063,110.06258392537958,15.088499353533479,10.02176213096413,204,3,0.09166066511559759,5.787119482273191,0.4073488861192035,0.49687436890288017
train,train/triangulo/triangulo_0055.png,2,triangulo,20280980,4b62d6a4a02678ce6b89eb729a176b17ee63baa344392d4c2a8a7c032b820f4d,8.552372148102647,48.74644467610801,17.08857487201854,10.476979308221345,210,28,0.16327901005167725,5.231086265637573,0.3454379997887568,0.5030479445651473
train,train/triangulo/triangulo_0056.png,2,triangulo,20280981,68317549013aa402a6972e44f1674baeb07b39f9c31ed5ad96f6fd8bb40a4c56,7.476385688283134,302.4106907406456,15.933755716222766,13.365494162026177,213,0,0.4746864058093344,3.817061815936742,0.3653541912548976,0.43447966302964425
train,train/triangulo/triangulo_0057.png,2,triangulo,20280982,3086da0ac942173ad550401830065b85402b69859cdd362b7a22aca8528ace8b,9.332601396121788,227.1431533610943,13.35831825444653,12.638917572428195,210,4,0.01852869439743778,2.461106037645631,0.36456646874245774,0.515804918521392
train,train/triangulo/triangulo_0058.png,2,triangulo,20280983,9af19b49f200d70ad44bd5b5a42ea83e8ffae0401a9a0adb3e388692140a72aa,8.393124012610476,114.4990972750285,16.986174106573692,12.60621919298337,209,12,0.2423335828793109,6.252877918773167,0.4289051288271317,0.4621272575439279
train,train/triangulo/triangulo_0059.png,2,triangulo,20280984,108faa4b9126d0f07f46aed9ebe89afab6a4d2020a8ac7f2e95a79598341873f,9.105193960530034,93.77966504081364,16.521729536340388,15.430167724448584,190,10,0.6048821974964527,0.5368307492259667,0.3656076590472215,0.43609319121225654
train,train/triangulo/triangulo_0060.png,2,triangulo,20280985,4c5081109da317167bded6fa98eddd8cb50c5b9e8c9ac85b6af43ff500c99b9f,7.254683182347756,46.69185388753105,11.370137583483224,10.350413072465006,242,1,0.4342418672609478,1.2737201291473514,0.34384562444156225,0.4609861142973962
train,train/triangulo/triangulo_0061.png,2,triangulo,20280986,f7a6f8a55c1ca90d386d7c02a4bf4575d24dddfb2b1df9faa7d72a2844d573ee,8.414273588114305,77.90011314247525,15.314757313149524,11.6994239767212,232,26,0.270950187028925,6.708142524655348,0.3326418756066854,0.43125171883057817
train,train/triangulo/triangulo_0062.png,2,triangulo,20280987,05b1587125e204b852d150f98af82f9281f06b8eadb15e663a753c1fc2336eb0,9.245513341775816,113.16345584995497,14.310337899380457,11.580362474109466,181,12,0.009665917768940263,0.9068118322460541,0.38917545142613946,0.48788513574646175
train,train/triangulo/triangulo_0063.png,2,triangulo,20280988,ff9e3ebc06297f47f5e533a80d21b4c2c0444b60e993292dfa5130c33965dca4,10.442884417727706,343.388104311138,15.11807800558544,13.841784255501393,228,8,0.01050780338043647,5.967148836486379,0.35869399772527927,0.42840682811945696
train,train/triangulo/triangulo_0064.png,2,triangulo,20280989,d4c07149cf9f0fe239a3734ccc0054723cc4b63d06758239b5e8234947d6a0dd,7.577810521534011,97.41155807421848,9.45298321449554,10.209419893049159,234,6,0.25688895416720814,3.4860566392322077,0.42531925316249664,0.43199185965426695
train,train/triangulo/triangulo_0065.png,2,triangulo,20280990,70cc39d7e967798c850097d33f3dabb783e3357849b7306de1ac90275ee2ca08,10.31322597623439,121.0801776949342,15.029320265945424,13.966722821444087,191,3,0.5351969860759043,3.6645363103493773,0.35832913745221623,0.4998230765100958
train,train/triangulo/triangulo_0066.png,2,triangulo,20280991,cefca12fd95c686671dd28ffa01576b9230fce8afcfff93fcd2d9531dbb06d66,7.702867580062515,37.69341954025751,18.491447038634725,15.265187431974333,222,23,0.0620409429169777,0.3854145383425791,0.4345114875222732,0.4842362935066544
train,train/triangulo/triangulo_0067.png,2,triangulo,20280992,a20d764e49572ebcde45645d5253fb98184f463184eea4bf83a8fedabbce577c,9.766556541081707,343.84748927181465,12.614270398260082,15.811534729477941,233,14,0.381993592509555,4.875078433305926,0.4331779990072885,0.4321390961026201
train,train/triangulo/triangulo_0068.png,2,triangulo,20280993,baa5a6bd51dc873f524511450c0a2f1a96018b86d055266d4fe5b2e395fefdf0,9.370104721485918,124.77501075046423,15.546191774551549,14.733987561777449,203,30,0.27324966652959315,3.965542279254091,0.3819401448854376,0.4288499705757341
train,train/triangulo/triangulo_0069.png,2,triangulo,20280994,7921c2adcaa8a989e8c1f72619ce0e30c504918b54361aca8584d2bccd2c51fa,9.489028515069625,113.14758852901953,13.77942086652088,14.486743710461727,199,11,0.5462818352343568,4.232581472899907,0.36780225740591216,0.48523551791105535
train,train/triangulo/triangulo_0070.png,2,triangulo,20280995,310d6b22fac01c3c524102d6790b78c844f8d0a40e8acc5f868d53f496ac4d40,9.11021562613379,26.278196212455136,14.207820556651992,11.959524710772511,211,25,0.14169940666187072,1.4784681446960026,0.35521826049153665,0.438660246738916
train,train/triangulo/triangulo_0071.png,2,triangulo,20280996,15e9267e411ed06df68ed153d4fa35fc0785afd227e61a51015d9412036b1294,9.409711152496932,106.2702415900458,11.3670578883514,12.768098431593799,181,14,0.2778033598026189,0.40389254669063246,0.4335658780879106,0.4503953613617428
train,train/triangulo/triangulo_0072.png,2,triangulo,20280997,80dfab6837d00c504ebcd3c48fdafd83aec29d03002d08ca6cffa5ab72df874d,7.049038321739802,337.2071861834944,16.589199235676144,15.281671250678597,188,1,0.2219363171189871,4.76446583753101,0.3379769454970659,0.42965639858594185
train,train/triangulo/triangulo_0073.png,2,triangulo,20280998,b604437e1405a0215148b69e2448870275b90e6a1960b4daf95dab70ae473785,8.937531228772594,88.67144505183387,11.07004941005345,15.954879809544824,190,30,0.0007060621355979125,1.8106966468681467,0.3882256501463948,0.48429126319121935
train,train/triangulo/triangulo_0074.png,2,triangulo,20280999,09f6704b6dab5c84227d4f985402cc14c88367cad04dd3caebeed27a79a593c3,7.940093467111849,344.9270714048195,16.033258178126914,17.255975531961326,231,27,0.2585419309868461,3.4203089171482284,0.4074917151932558,0.49479649697345585
train,train/triangulo/triangulo_0075.png,2,triangulo,20281000,7781ce61d3adf530304fd73ca922e3f87926ad45cd94b4749acf37e0652f2796,7.536799062807523,4.823674380716372,14.387435543934622,16.572339863826222,211,18,0.2546225889168873,1.9285705188502784,0.34238926082858573,0.49136861102122426
train,train/triangulo/triangulo_0076.png,2,triangulo,20281001,152aa40bfa4313d2811022abba1589cab86c69bb5a9372c3e6ab73754eec88a5,7.0509108334092225,72.5185998599198,9.293577948723568,11.728169687490745,200,22,0.34018402688585886,2.47956183835182,0.42249692458958676,0.4586134781604002
train,train/triangulo/triangulo_0077.png,2,triangulo,20281002,7e4cdc4fe4841845cc286bbb498cdb829ebe0d71eb875c1d6d1ca46f8139be5f,8.041214686883329,41.82221583462993,15.478308897551244,10.16348887236298,242,29,0.5970202867581974,6.250287774765567,0.4098480499707128,0.48874624199052996
train,train/triangulo/triangulo_0078.png,2,triangulo,20281003,461b2bcb8aac3fd75818249f816467f1aabe2f456d0c56251c6476345c0938d7,9.452838502474407,332.8997979757152,14.578830703965764,15.784339921716763,181,22,0.5469082590957631,0.2842886189274614,0.4397315817207656,0.4218132805808889
train,train/triangulo/triangulo_0079.png,2,triangulo,20281004,75131436ad194d7aec779127693b9c2131026c15b0bc057d5040198ee3e6bea3,9.004203007552778,226.3385730818288,15.532544578784528,11.880536945208332,254,10,0.322142446091933,1.728599065559672,0.4094765927122821,0.5019190998940938
train,train/triangulo/triangulo_0080.png,2,triangulo,20281005,a236e784fe755657a065b91c16c2874bd67627b9961a41fdc16baf21d2ef154b,7.10560235727613,239.58111925638647,13.16499453083236,12.867465720898135,217,13,0.542503939342864,1.2161065964749276,0.3733921368684867,0.45828835787141364
train,train/triangulo/triangulo_0081.png,2,triangulo,20281006,03eb520aa4e66234ad0bc646ba0ce4e104e57cfb5e6337f7349a20bfc69e1abd,8.762067732176138,249.65039535702454,15.328905249090866,16.982349986486607,188,2,0.1940395008778692,6.229082505786133,0.40456419689837675,0.5133399458007366
train,train/triangulo/triangulo_0082.png,2,triangulo,20281007,d463cffb65f02c82e3a928cf76b00b6b91181b66b68bfd47d6278ef14c70fbb8,7.320904722234043,258.59435020198606,9.90155074147687,12.31688220700568,231,9,0.31268725674413983,6.954766379364196,0.3706248684690545,0.5081977556986175
train,train/triangulo/triangulo_0083.png,2,triangulo,20281008,2c678f5c68629f2f428c474285f48aa1f40fd494256312df5da0acd1de4d4fa5,7.486979387397108,107.38303107881082,9.648235436886996,16.640131887232624,235,9,0.07267502516131884,3.1523800304939527,0.39707654131035663,0.47714209304030913
train,train/triangulo/triangulo_0084.png,2,triangulo,20281009,83b145286597e455be748e0e1096cade7074f177a2d5da77d62782ca7078d362,7.206527578225475,355.8628604744779,16.926165284187356,12.46153007874202,230,11,0.6238683967747548,2.9062899220944702,0.39019959478772687,0.4845312731504336
train,train/triangulo/triangulo_0085.png,2,triangulo,20281010,03495483a3c0eb4fec24b0820066afd631198e621a9da53e466a5e1bbd51a841,8.413838335558529,118.84722155580444,11.928591103790142,16.679550622606634,190,8,0.3620482344261005,4.980830570287228,0.41320650632503875,0.4873489412404219
train,train/triangulo/triangulo_0086.png,2,triangulo,20281011,f5e288ff595ac9ec96651513175272e442012d60316019526a18c26c5a33d578,7.09825785229352,137.29660294565227,15.412160226901422,14.568102425585638,218,29,0.24608120498968314,4.463671252746476,0.3740311263282458,0.45162976711260316
train,train/triangulo/triangulo_0087.png,2,triangulo,20281012,6cac09d670e5c8a234bbb142faa3ab39fecb93847e3fae3a9b34fa23e1a2e1e9,7.704674609102584,126.94933098326605,12.622073857767845,13.965832866199527,199,20,0.06189882019214034,1.5466059916984158,0.38712898428651155,0.44099757979204673
train,train/triangulo/triangulo_0088.png,2,triangulo,20281013,1d346ac340f0e417df0546d0f5b6d72b7633f4a4521fc4499092256cd768b683,9.477637643944915,301.16445361006504,16.450595160794677,12.958031652996148,249,10,0.15489717198053726,3.628752187671098,0.4380633549459063,0.4611349348238947
train,train/triangulo/triangulo_0089.png,2,triangulo,20281014,78fa0d087d37039f6d4724e51a478ddcda756e3530feffdbb3cb11720aef3af0,9.029872187893115,35.51911554167763,12.276946068960477,15.850902588777364,195,1,0.19868904613919838,3.4326500282202383,0.40294385710628017,0.45966562778583314
train,train/triangulo/triangulo_0090.png,2,triangulo,20281015,dc541c8e323d35648e9d3716de0ff83ae2eb223904e36de5282126acf316a1f8,7.6018195207286965,324.36573258223206,15.146125617935038,12.821458278093358,221,20,0.12974523352687461,1.4778497764078167,0.39372027025733836,0.4644080790985356
train,train/triangulo/triangulo_0091.png,2,triangulo,20281016,94993d678a9756c92f270db6c2489ece5de50fcf55ce867df2b678ea953352e8,8.289269085368845,128.19690081220165,16.889223963676685,11.580459062742985,217,26,0.445494362007388,0.8934766366742638,0.3350771238378742,0.44772222666682204
train,train/triangulo/triangulo_0092.png,2,triangulo,20281017,2581276346fc54a0da7f69dbc8cc569470510bf6c3df3b27e83e32f600baf224,8.54001996727324,156.7097070014262,10.83483929548462,12.499180119449715,251,26,0.3934321822223104,2.99035824991722,0.3853309114982704,0.4736696741883159
train,train/triangulo/triangulo_0093.png,2,triangulo,20281018,c1720c14e96aa1960862ca99c1a3a1b902b45498dfef99d45b7da0ad6e37fb20,8.629196588265865,232.06902713191573,12.521919901791266,11.804901314904997,212,26,0.32605750797426153,6.736853299332587,0.4364649958669985,0.4485971952940136
train,train/triangulo/triangulo_0094.png,2,triangulo,20281019,875a7ea18883b83af316732a0d8a5592c87334739c342489f088b45af69fcc49,8.024173361454796,266.65261342979056,17.93471332990643,12.075771654592906,185,6,0.23494391043603632,5.980114791525803,0.33415784322869246,0.4245210103695789
train,train/triangulo/triangulo_0095.png,2,triangulo,20281020,4b15fd1a0175e0a559394e70220fcfb9771776d162bd41bd9e19599267f2cd11,7.8826113885869225,240.69463891617823,12.645513157421366,11.399030531515102,180,17,0.6481783445792277,5.562706756101889,0.42773143673228586,0.4706512345709591
train,train/triangulo/triangulo_0096.png,2,triangulo,20281021,58e5225d7875a221397c92b9949e7cdfd346c3b80c3127c4eec3454fc0762595,7.521082890948347,45.4542384278199,10.188409788336195,17.00798902794377,207,18,0.013818957324620318,6.044769652995425,0.4298590333034739,0.5043746067181307
train,train/triangulo/triangulo_0097.png,2,triangulo,20281022,565575f7fa91d7bede1f0f8665d3ba183c3d64663e5b9deb46ff5ea4d2ff79b4,7.393384036004907,98.3476517374712,10.743866452081617,13.562114988165408,202,22,0.48507358726479305,6.194190172908548,0.347608345568303,0.5162429878180986
train,train/triangulo/triangulo_0098.png,2,triangulo,20281023,c9cb8aafa78be744445a6f1896a3a756f3004e11929204584f89a5fce7de62f2,7.128905813023746,88.89261995975002,9.473277074879407,14.292055520857996,210,20,0.17924472901903982,4.827979981945808,0.43316100651730294,0.4580938801190116
train,train/triangulo/triangulo_0099.png,2,triangulo,20281024,f8e1eea8a3cf16d4b447844f1702cbf4df6f5904148931c79f3cb75f9996e3b4,9.70589597121225,124.98663105830488,15.049734292567607,13.421092634080892,225,27,0.049987256639892765,4.300356904885663,0.4372959415059109,0.49983314545733015
train,train/triangulo/triangulo_0100.png,2,triangulo,20281025,1bed07dc88a11192611831ac5a7ace13749a45d9ebd6118a49ad5114914d4f32,9.133928874944047,288.3567557417479,13.032039596289067,13.83560995032396,217,27,0.2714575822585418,2.887972347043357,0.39467659658349374,0.4318234666088023
train,train/triangulo/triangulo_0101.png,2,triangulo,20281026,5b98a0db38dee376315adafbc268196ae25ceb138852d6fd22c8753fbae7ea0f,8.733155883600322,241.33446531061202,15.984782287319742,15.973321381914204,255,5,0.37881612483425137,1.1289593509609868,0.34490859493017556,0.5167786220104814
train,train/triangulo/triangulo_0102.png,2,triangulo,20281027,b62c549cfca57267e297972de0c9db3ada8a021d33ddcc512028c918597263d6,10.464185061281302,321.3927303991181,15.271081704630813,13.096661259879946,225,12,0.15422311281543535,3.7977088520632405,0.3885559392009087,0.4596578195003487
train,train/triangulo/triangulo_0103.png,2,triangulo,20281028,457a2edbc86be579edeea8c3cea9fdbe7ca4fb7c37cc2ee457cd76b3aa94b641,9.321650907530774,286.60953281450264,13.166304993766774,12.36623208163838,191,29,0.38189512791382746,1.5159598217648413,0.32302780859293684,0.5189697504064954
train,train/triangulo/triangulo_0104.png,2,triangulo,20281029,006e858daefa81ae9294729d440a52d769e80591752893aeac3a2ad896f893d2,9.103194893355598,183.55259486433977,12.57924426151031,11.37161618863345,233,18,0.2570285208678086,5.899320869558983,0.43786349916567724,0.514669273153344
train,train/triangulo/triangulo_0105.png,2,triangulo,20281030,b0b5687ac4ba67f14f54ab0f231fa42ceff9f64eace72740f16b180ef1e51cc7,9.374472710517338,144.53199641403236,14.612657895536618,16.69516667431266,232,14,0.07039146930470688,6.963856665078965,0.3667605596343959,0.49007941975605523
train,train/triangulo/triangulo_0106.png,2,triangulo,20281031,6d1228dfc943527a7ef3cc4ee940d72c3ff89a88c03d0d56ae61329cbb6bb8ec,9.454831169062123,36.43280654200289,15.741643729490274,11.952375342361192,202,15,0.34401089507043947,2.6861533973628284,0.3784032093637612,0.48847380738551827
train,train/triangulo/triangulo_0107.png,2,triangulo,20281032,a3d9daa816d81fed5ea799de7c9ab5698d2818c17bbf2ff779065dd6cad52fd1,9.693235496940293,240.863558666413,11.505275443756842,13.808886837278342,231,27,0.6254938832241944,6.312493458675609,0.4236266539969339,0.4948782468055746
train,train/triangulo/triangulo_0108.png,2,triangulo,20281033,d234ec7926f10d5a44561134459aef715c5d3376d6c84d2a8813a9dff6f23895,10.154592381971096,293.75501168710906,15.355162448891324,15.84880910019955,183,24,0.5195333123162909,5.555415258711614,0.33970557753861974,0.48133952944472413
train,train/triangulo/triangulo_0109.png,2,triangulo,20281034,279b86fb4888f54eabd2fd2c2894550e9cc4340c0809176605c090af59c0b58e,8.47406604524373,208.9408368510413,15.891529299376462,17.0632088337071,218,1,0.06567620256254797,4.62046243275802,0.34318966151693336,0.4922993415476128
train,train/triangulo/triangulo_0110.png,2,triangulo,20281035,1ca8f28bfa2a58ea0717201dac74b4bce72400c19f7170ff2e214299797e0416,7.81739553321456,93.16628319238302,11.596714456621608,15.630367336127367,237,10,0.633164069867798,4.102979315668279,0.3905352714303508,0.45549837365333024
train,train/triangulo/triangulo_0111.png,2,triangulo,20281036,73d22d6f8df072a704b111359ea4b9e4adbaf5080ce07dc1009a0c323afede25,10.281167285845232,164.92624828650358,13.4904557526133,12.916668942818607,245,18,0.4166200948470713,6.2138884482291505,0.4206049492661944,0.46808029967189385
train,train/triangulo/triangulo_0112.png,2,triangulo,20281037,b094855666566a291ffaf9c3abbacf85b6b4523b0690c0761d122648c676d029,7.34475909280968,147.51400842734057,15.443874220788402,15.67696842368247,244,26,0.3794203242430003,4.0731799712274706,0.3230052845726549,0.4531349174828742
train,train/triangulo/triangulo_0113.png,2,triangulo,20281038,cfb2f6ed383e6b183990ba176062ea5a56b1f013ce209a732ac890bda342eb21,9.78167961206626,37.913731889468046,15.535221597477648,13.213948751878291,248,23,0.049252317747281664,5.402383457381987,0.3395453200511255,0.4415764502296864
train,train/triangulo/triangulo_0114.png,2,triangulo,20281039,0042e78b7d1a7b46eb7a86b6c3f49010154b31fbc5c6e8700dee0f343fa7b998,10.11607672452702,222.82700311973758,14.475094078627077,15.53799835049648,213,9,0.03292018265929074,5.486303534222615,0.42123625056863023,0.455582418802329
train,train/triangulo/triangulo_0115.png,2,triangulo,20281040,b6051573f4336715c7c9d819ad7708454a5a09691c8d81030a245a410b0a98d9,8.197670795613654,315.27833805249156,16.938904144537197,12.38672923037413,227,19,0.29422978242699327,1.696088347229705,0.32240567275866305,0.4808314678395005
train,train/triangulo/triangulo_0116.png,2,triangulo,20281041,b885306919e327342b023a3e3b14b03467d6c7274f6ee08ec6db602c30e890b5,9.373292132065778,257.91587412215995,15.930423566297861,11.173395327814303,214,22,0.16850628954551714,0.7388114411205802,0.37269869198765904,0.48769148605874424
train,train/triangulo/triangulo_0117.png,2,triangulo,20281042,e5b9f49aeca1c036d0a610edfcde098a49236df77d0e15057b918d3eef857a0f,7.494954959070519,310.08802432396146,16.50234747618483,13.604765945312526,239,12,0.23793090182900717,2.7474913692225083,0.38321084953838236,0.46266425953071183
train,train/triangulo/triangulo_0118.png,2,triangulo,20281043,c5e110ab9db7497506d201fca36cd30b5f435fc5e736d942a2176912fc755a2e,8.211963834642175,183.47727726576193,14.70395667830639,16.665047192509533,221,3,0.22488090077946685,6.819197652110894,0.4063933490900877,0.4977314659161264
train,train/triangulo/triangulo_0119.png,2,triangulo,20281044,22eabd42ceaed59ae4f85b3b24574aeccddad052e26e7d12d919e21478b53fc1,9.77807185141184,148.15783700432524,15.126665050227153,11.71298539424025,190,14,0.6181458096260444,4.810484522895093,0.3555427910015054,0.4943957503432298
train,train/triangulo/triangulo_0120.png,2,triangulo,20281045,3c1378fde26896cdf9dff6095abff6db26303ac6c6c0e759ca90d18fab7af899,7.582724549795284,11.592590626647352,18.60184940531003,16.164961431602883,210,15,0.5597035011519237,2.7428055663841207,0.3437240291946679,0.447461517081683
train,train/triangulo/triangulo_0121.png,2,triangulo,20281046,361053a8838d171cc5e9c5de04ed59521f39c61d3f0a9b625a50fe667c513367,10.046762579252952,14.133308610295101,13.750456896669009,13.368454153920755,204,18,0.4573450324560226,0.5103771953281209,0.3512299012219312,0.4338990144950816
train,train/triangulo/triangulo_0122.png,2,triangulo,20281047,fbb063a89070c4e1edfc09d92c48dab2419a2b6daf521a4064ab245ce3f8592e,8.587710359080365,87.94358691735215,13.876680897946319,11.997163261328538,205,20,0.03603323169941799,1.7864235100812729,0.4379170747531661,0.5031445517360311
train,train/triangulo/triangulo_0123.png,2,triangulo,20281048,fc9622396e8f39162b80f2298622a0353e20b18f61b37bde44a1f7f80819ccf7,7.556891302692858,53.483467367592404,15.993120855466472,12.270008162057788,181,15,0.23838027788433166,6.760940223412683,0.3391662806007308,0.4605970020143728
train,train/triangulo/triangulo_0124.png,2,triangulo,20281049,f4a9459cd35029066c0881884106f5afde896342a7155ac574bf5a6815c9faea,8.058405997334068,192.61557405159027,10.063976380412916,15.52829031687157,227,2,0.5595914491921686,2.6175208616294046,0.34656845089452176,0.42768449033961037
train,train/triangulo/triangulo_0125.png,2,triangulo,20281050,49fc6421be1d0d047ff87ea16c99c65d8dc4747aebcfb069b8355eaba2501ade,9.192841202028609,92.69503836854548,11.868867374619935,15.208153489695434,232,10,0.2526931541082481,6.187591817198283,0.387085512337921,0.43530581639654337
train,train/triangulo/triangulo_0126.png,2,triangulo,20281051,33a128a8f4dbed21bd9980ec79f5a3638d6762be8358d5762ce1cdca738cad54,8.599952655990464,87.71958228533614,12.56200919945684,15.690237202492003,191,16,0.6274273788680832,1.6800516448150797,0.36672689113730056,0.4424952992645594
train,train/triangulo/triangulo_0127.png,2,triangulo,20281052,cb2990e12d03ec548ee913630a1189b6ba7c54efbacab1c3cab13c1114804ea0,8.024569376524054,15.474208061085097,17.885302580106295,18.149543089101293,244,29,0.057861752008365526,2.562359182627065,0.37079747138920566,0.4563006783430256
train,train/triangulo/triangulo_0128.png,2,triangulo,20281053,393fe881602edd45a0833bf2360abcf8a190ded03dff1ed81d132cf13ede430d,8.574645557312943,126.7175585869883,11.217873189100601,11.367965093994883,186,3,0.16355320098691165,0.19732507143023792,0.33972869570857306,0.4897980838465591
train,train/triangulo/triangulo_0129.png,2,triangulo,20281054,1160b1db597c99749a8b63ed154fbed5e2952e770058fc6b60b2a406b0e02825,7.9334040530019685,224.84739088692146,10.779867186579056,9.77189550229369,203,18,0.40991391452911385,2.7327324400885877,0.4140338804581669,0.4881249460746376
train,train/triangulo/triangulo_0130.png,2,triangulo,20281055,7400e12462e625b0906ad0642a7bb54d7125cb264f8fe25d197c55770a993764,9.477832198985977,229.23387574746604,12.385321515551356,11.880816311900285,214,11,0.1695998121407843,3.2198453093002803,0.3395582689841718,0.4947724493654998
train,train/triangulo/triangulo_0131.png,2,triangulo,20281056,efa8e8f705c94d0bc07f34840181255dc0ef988097ca776526aa17d131b30833,10.053007618813611,134.79031894510518,13.387696707057518,14.787317744278115,191,27,0.2822229787631847,2.3675529310434458,0.41983485055202563,0.4745317278161243
train,train/triangulo/triangulo_0132.png,2,triangulo,20281057,f742681043648c960f6146c176bf13e8ee15ff6ebc23f2289b9de68302dc3af8,8.240953682979452,159.5566205387096,15.996655884460786,16.001604374405346,202,10,0.3938746304991932,2.8542908304929013,0.4353826506368747,0.47732261964399025
train,train/triangulo/triangulo_0133.png,2,triangulo,20281058,42ead2cdcbbb2031038b8fbfa06e5e7ca352b04b738e4a817ba1547cf55297ce,8.780502769612482,143.68100749571073,16.773250821306892,12.107304248980764,242,9,0.0035568462750035002,0.1327397862354215,0.3705133163722254,0.4250223475617532
train,train/triangulo/triangulo_0134.png,2,triangulo,20281059,d9af44eafae98bd5abe93d5427a39777a17b08ea842a8b65fe6d3b24b4faa0b8,9.919051417002253,320.98797479144116,14.71857288818681,16.20700120819756,191,16,0.2289746297215526,4.810495910382545,0.3943686952658607,0.518774516259203
train,train/triangulo/triangulo_0135.png,2,triangulo,20281060,714f696dc494d5fd01a78e212edf0ceaa2e210ab7bcc4c8e094af00614ece2d8,9.040213838913521,61.07775311361972,13.854734727371403,11.644762109728289,247,13,0.19201078770801128,0.5679343634202795,0.4039588475526542,0.4313192718724155
train,train/triangulo/triangulo_0136.png,2,triangulo,20281061,c186481d6fa274bb28596ef7bfd99bbe11dba96aebf1cf71192bf289d9c1d547,8.65451127594116,230.45779543355889,17.50494905171722,16.835488736372106,243,20,0.4467527996654379,3.0445502265665176,0.3792841876733723,0.4266826185654402
train,train/triangulo/triangulo_0137.png,2,triangulo,20281062,1c29e3b06b22a527eaa6627872e492d8fa303d48b44e17c1f354d98a2d23e0b9,8.725366317844536,197.80910115023048,14.29525922897539,12.456313512446362,253,9,0.5240375401301,0.12454606781031474,0.3436123120683354,0.49231247739188155
train,train/triangulo/triangulo_0138.png,2,triangulo,20281063,920b834eb67d530c21ababb16e38e02b26eaaadb63568a5e75840bf39e4cdf88,9.491390968844124,327.55848662040614,13.208883980960396,15.21026195442548,198,2,0.5832392455983804,2.9431890867334474,0.34842806964847156,0.508389636422267
train,train/triangulo/triangulo_0139.png,2,triangulo,20281064,705a1f078c5ffa7d486e46d5b4e92b95166d83f2bcec26fa657b3455405d18ed,10.419384518833867,43.97491160608561,15.502424201829635,12.445150409256138,198,5,0.5668644042870511,4.9205971195615685,0.3466082174520412,0.4742297972637834
train,train/triangulo/triangulo_0140.png,2,triangulo,20281065,836fde446b1ec8e0e98cd17ac131d50cba581a9b43076c1174850f2edc0c09b9,7.856180861506933,50.20489751938737,12.375096006094155,17.196742473804274,181,3,0.1367080190001179,0.8752472061131105,0.38722291279267396,0.4788062486050823
train,train/triangulo/triangulo_0141.png,2,triangulo,20281066,0af24fd6722e44fadc2128e096b9054b5b28b8c091123251da92a8be9ff2440a,7.64796359095966,166.1066792083325,18.445156620643736,17.463009414246716,237,2,0.21080544808530477,5.358376123535565,0.36305121624554565,0.5034813728421941
train,train/triangulo/triangulo_0142.png,2,triangulo,20281067,8ef18fd635f8ea4e5914f268287d3a7170c03231e2e6ec95a560ff4cd0ee3bbd,10.33299820705523,325.72779935240413,13.189579359075925,14.161324155408911,194,9,0.029631191795570562,6.259066028404361,0.32156187304542677,0.42285155484245657
train,train/triangulo/triangulo_0143.png,2,triangulo,20281068,f55522208d8a356d552eed0b33428ecee2c7b2bd770f3bbc708341f1afe46828,9.895073963038913,356.3139277604458,12.880634859331913,11.719180689770079,185,13,0.20958617135894853,0.9814062628870632,0.4108674232388566,0.45795304577600454
train,train/triangulo/triangulo_0144.png,2,triangulo,20281069,41c8824d5b4ca60ef2c6279fa02f03909b032073206eee55bcd848c76f175ea7,9.964440605023706,67.13172034533189,12.333323917459431,13.731719349026768,211,13,0.49851955062322073,6.541972997025458,0.3217268183401772,0.4433008706685649
train,train/triangulo/triangulo_0145.png,2,triangulo,20281070,94d218920cda483680d0da7d3486b0cf6cd10dfd64c838d4fd54f2b0d6424e0a,7.499894184456621,212.29623204335869,12.9718133116363,10.75434931514367,227,20,0.6406709566926957,5.2989298438129095,0.38429034317605215,0.4848392554252081
train,train/triangulo/triangulo_0146.png,2,triangulo,20281071,7e2ea586c559d615167ed8a8e522ffa4deb912447e5d85aab5229a20ff1d119c,8.613962483378538,70.05542956205416,13.170834199494152,10.651390889141952,214,29,0.401217020054366,4.340352579265202,0.3309413613437426,0.45155688791163373
train,train/triangulo/triangulo_0147.png,2,triangulo,20281072,8bb4cbd65f0e82d6c72cb6d05367fb83b86ca7e8baa5d54859fef7748d1a0092,9.775966076690763,76.65489738147994,13.033045224498194,14.787742301331669,217,3,0.6139711971240476,5.014577551374588,0.36954842228671925,0.4879518971454282
train,train/triangulo/triangulo_0148.png,2,triangulo,20281073,fe4c8286a58e9790e78acedfc03bc7fd64b4eefa40fa056a7b32c5cfb026fcd6,9.02234607123681,344.95404864954264,10.937901127882265,14.211725911735142,199,22,0.3992462673031914,4.925900945939648,0.34922591745111903,0.5092581260627708
train,train/triangulo/triangulo_0149.png,2,triangulo,20281074,c350e9e600671e9169c6b11bd8fb3673577da8b5fbbe466b01d3fa397b9f92e0,9.178000743812305,261.93293370217725,13.868686529705478,16.9803162798998,250,3,0.48034380377716707,1.2957415452033403,0.34614724392799245,0.42784367018791103
train,train/triangulo/triangulo_0150.png,2,triangulo,20281075,9933ab833408edc84a674706250c7a4b84f161872e54e3d8154d89fc541a5af3,7.510820832581556,4.883738364436847,16.43232354205256,17.146016473836305,189,3,0.047489042476176996,4.100138891854794,0.4024704593020193,0.51503313249838
train,train/triangulo/triangulo_0151.png,2,triangulo,20281076,e20d736af0e39d8c9c61258c43d521d78a0e89f5c4181b1e138d73447cc6ab4d,9.423508370152861,105.8872446487051,11.840085339120279,11.557031793634211,229,22,0.4166166940487589,1.1430914587156134,0.39301375073495115,0.4882772398275754
train,train/triangulo/triangulo_0152.png,2,triangulo,20281077,0814df4483f1b7ddb2c952407e83d5547a19a4be3721f27d8d2c6b25c5629346,10.422847319429275,13.847256568029689,13.056693403990645,14.843549055899835,231,3,0.5170232627115451,6.795645799951483,0.3917058229307538,0.5118914614208292
train,train/triangulo/triangulo_0153.png,2,triangulo,20281078,e1da927766aa8e3475cea331737ca282e33e64b209eba6f844dedd535d9a5ee0,8.725388370209393,7.642985463711578,14.717324427070032,11.540951545330076,185,6,0.29817023195119235,3.826442914179605,0.4153211229865807,0.4980799484877242
train,train/triangulo/triangulo_0154.png,2,triangulo,20281079,9f865fa0b3e9d980ae4c75db2b5eaacf0326e10b75e792f1fe54eecdad151a3c,7.40386244064054,76.44044347825394,14.425739730562043,12.371969283713511,181,19,0.11268979011231071,5.515342450729531,0.32656152343149986,0.478568778562243
train,train/triangulo/triangulo_0155.png,2,triangulo,20281080,859306d548ad938967c4bdc46556854801880f1b4c4f42cda15fc397c687ed0f,9.081657320722133,235.07334918960413,16.582285584802484,12.051076247230554,212,24,0.3795199435494645,4.928298678958173,0.4356434002194549,0.4978745251178083
train,train/triangulo/triangulo_0156.png,2,triangulo,20281081,712fe52da25057b0784a0410bd1987f10049ffbef5fe9668fb12dc4c1d9ace23,10.455320908058471,51.14756698510553,15.191299642483127,12.560242766070584,243,4,0.17505870265086262,0.07725059533655065,0.43753877622047477,0.5144697922083388
train,train/triangulo/triangulo_0157.png,2,triangulo,20281082,03faa74bc8043723a69f7b2de0011609751d655e1d445cd3a1a60af5cd0da4a2,8.050636118777579,221.51270546021527,14.826887929002972,11.410864540724369,253,30,0.27416982155141795,2.5251536652059965,0.3236107827753115,0.4237860121272459
train,train/triangulo/triangulo_0158.png,2,triangulo,20281083,3c7f8180a6ac547beb3773574f2d7638b57a9ae991c2ea0f92b4db1f55fceb81,9.046469597741577,4.136544512773268,11.271280865358996,16.699235301571704,243,19,0.29179244511004204,4.963433390834159,0.34042342258516556,0.5044487757096756
train,train/triangulo/triangulo_0159.png,2,triangulo,20281084,37b72eefd18d871f14a8814856776b015f82059c54e22cc5fb9b8c0fc7fa9199,9.684347517047662,238.45444729525622,14.4562444405483,12.839904529010793,223,15,0.5881561108535924,2.2880842406574446,0.4043086838108929,0.4556177920398091
train,train/triangulo/triangulo_0160.png,2,triangulo,20281085,1a7d203ca955917eae837144065236aa356505c2c2bd3a64b99331bd2c55a09d,8.549561274873309,61.098010523962884,13.403334020140273,11.077613558321945,204,14,0.23446547914231908,0.7415809419240463,0.4034729638755384,0.4924749861968304
train,train/triangulo/triangulo_0161.png,2,triangulo,20281086,dfdff9f65bf4664d815b0af2685d9f3d01aeb58164a66d9796d835ab46634bf9,8.091926225541362,23.04557252875142,13.735892196918522,11.018877258944391,198,2,0.5902142443044022,0.6304984868001767,0.43501085486665636,0.49937430581089537
train,train/triangulo/triangulo_0162.png,2,triangulo,20281087,631c80dc8903da82c75c135f4198c36bb3294a9c84b48759cf7143794bfa940f,10.305728089321503,263.5344018513431,13.312138410964005,15.164587271086736,213,26,0.08975560676658356,6.144001010608374,0.3640471856215878,0.4590929553611162
train,train/triangulo/triangulo_0163.png,2,triangulo,20281088,ce8ea0529e8413bb0a2407588bd8d3d9f82ace2eb3592f672492b588fe449990,7.153794312879988,334.35448553425834,15.735003638131221,9.605874997787074,216,20,0.17310842104574406,6.516479229554151,0.3226506152544473,0.45455213189675164
train,train/triangulo/triangulo_0164.png,2,triangulo,20281089,f23065145f680ca12011dad61938a1310474f113bf1b591e531d242a85a85a40,8.111175513064856,154.47300505687184,15.880644250639463,16.270523599711385,210,7,0.031192198881497157,5.68263155008862,0.36311822786504805,0.46158703432336207
train,train/triangulo/triangulo_0165.png,2,triangulo,20281090,e4b4060513dcd57ac2c546f74e77fb5bcee6241432224a0a248a858349b5a5f6,7.971279876801219,13.513474586241303,11.048619725630704,18.170958166629834,199,1,0.5969300557777665,6.962345897893255,0.3850926075879545,0.4901798711841907
train,train/triangulo/triangulo_0166.png,2,triangulo,20281091,1d2c89ca560757abfd2f84dad23421f43a1bdd8adffc091eade1d5c62ee02b3e,9.670643741493452,88.40304102928002,11.75558745884171,14.594822265896742,239,27,0.2756812648767256,5.343160269542769,0.4325555761202119,0.43034015871289033
train,train/triangulo/triangulo_0167.png,2,triangulo,20281092,343ac41661c02d851f6f28443cedd47efbeacbe51f044672d8425c03dfd23d4c,10.492890942407387,247.59198865246785,13.326205734454927,12.749050727135604,218,16,0.04847128288261757,4.70523682403218,0.3879545631774231,0.5053726538794607
train,train/triangulo/triangulo_0168.png,2,triangulo,20281093,ba15f1e04748062ec6e3edba9e20d79892a8862a41096aa960d27ea914be31d6,9.269179299883252,269.1089285941899,12.659860870879486,15.527304708065529,249,6,0.0735768849575956,2.9476029857480976,0.43804032422044614,0.45614680062118373
train,train/triangulo/triangulo_0169.png,2,triangulo,20281094,c26d699fe2025f5f0ee68112c7b61f24947e072d0f18a10909cfe8c7fe7ae4e6,8.913820308349568,90.24057910883613,14.56553555716515,14.995926443132536,188,27,0.5849770179476379,6.2757969048033075,0.34327434469977763,0.4667899938033908
train,train/triangulo/triangulo_0170.png,2,triangulo,20281095,65d10b0fbeaa3e511dbfcfe10f936c3b3cb7dbb874799766dbd76e1b66913f98,7.645082498907325,210.95019486565153,11.320716000720592,13.976338381209434,251,14,0.06091479839010749,4.985666564395447,0.3460706600758224,0.4411803061540358
train,train/triangulo/triangulo_0171.png,2,triangulo,20281096,4229919653ec680f1575007882c6829803b9f83de80e008cb2eb3919913cb101,7.554570514034426,96.2936355922755,13.06071961663955,18.46035355482453,226,25,0.4915350496743836,2.9975136973175744,0.42711802617537553,0.44424925514087005
train,train/triangulo/triangulo_0172.png,2,triangulo,20281097,985a5b780945a804b2f29a4bceaf9b1274e03a6eac3a3e8842088452d242a3c1,9.735857883841543,231.89195860701537,13.826133789888885,12.257359634896112,223,4,0.24291095192652293,4.266105824045983,0.4010860027866834,0.48138282289401796
train,train/triangulo/triangulo_0173.png,2,triangulo,20281098,2ef9c6d8d47b737d768451f99978b86dcc5ed7c29944aea65a9be77a98b72802,10.090707952370337,307.634115819113,15.36430264095794,13.95650311263012,208,29,0.17778242667995062,2.1631573592056537,0.34298483069230334,0.5124287998796694
train,train/triangulo/triangulo_0174.png,2,triangulo,20281099,9d87964427e7ea075bdb86aeeb5cca58b098006d94603ca979f3c28bf1a81f0c,7.058854719683605,235.60384510301202,12.980990354323367,9.22266923465644,241,15,0.44481238081032526,5.585891251502617,0.35084270117607314,0.49856843622251723
train,train/triangulo/triangulo_0175.png,2,triangulo,20281100,c98574956d54ebae4f8aa3f41c5adadd4e654f8527ad61e9a2cf716f4e5c4bed,8.069265880501083,199.83810486516956,16.551458626466363,11.523772797443334,185,13,0.5033355291082188,3.051701842778461,0.35820877855416844,0.5051003637688357
train,train/triangulo/triangulo_0176.png,2,triangulo,20281101,714d10f768e8072a5ffed25834506f8b7a5313641f237c6f3faf7c1f0852ddbb,8.752739471527722,6.689029893273313,13.571511382066074,16.03594129686026,207,7,0.17639353188823328,3.26519478612648,0.32895400406465464,0.44101695698444315
train,train/triangulo/triangulo_0177.png,2,triangulo,20281102,1b6047348355055180925ec489d646b58c555724879cfecd864584a02801c6e6,7.9140987279445065,216.73208969952466,11.292123343024247,15.29897618602114,228,14,0.1729557603894772,1.9609680582349864,0.4194608158731745,0.4314055099349342
train,train/triangulo/triangulo_0178.png,2,triangulo,20281103,1c915f7b46f69de96c1b414ad796132d80ee958f4be1655d2a2d9835b15c0356,8.274434647867272,339.9473497328716,15.503735794085298,14.331201240785003,247,14,0.08343099856092774,2.46293957649375,0.33679864664006925,0.44626676419077627
train,train/triangulo/triangulo_0179.png,2,triangulo,20281104,ca08b89c517d4dd9ca2b346eaf281d55edc24eff9147cc2290056f2ead05c045,9.361516132168845,213.37442320463163,13.318982850329988,11.51365702338391,235,4,0.0649489098384922,1.3496274612858834,0.3510914045979303,0.465133422769274
train,train/triangulo/triangulo_0180.png,2,triangulo,20281105,d75f2432dff6705f3c002470e9f2626e0580b0987d43ea68802a46dc567446dd,10.253530581312344,167.72363639665616,14.044496952715217,14.908605854035393,248,19,0.6406672947080665,2.9009462493802656,0.3846438016979005,0.4405542815978959
train,train/triangulo/triangulo_0181.png,2,triangulo,20281106,b7661193d15fa6a093f77e75e14975b3467ea435ec2de9f8c6ebcea0f2f984ad,7.5323507168745,56.53140095766303,10.715704578217842,16.56428278859388,238,1,0.25041219555236516,2.033298797725285,0.3705749737116548,0.4231256681556849
train,train/triangulo/triangulo_0182.png,2,triangulo,20281107,94065d2eaeb0453d1990d233cd8a29400261615f88288bb57cf38545739e2396,7.850111773314015,199.80767667580926,13.471819440916905,10.620630032168783,182,18,0.3583649260633614,4.51250191394782,0.3277138828861598,0.43896938163871835
train,train/triangulo/triangulo_0183.png,2,triangulo,20281108,c1bd0d7914a303344b58ce5acd75e41d1edcb341523ae3b60b1f59a612cf42bd,8.403790122992994,224.41901739585302,12.633285677142856,10.447336095948884,235,3,0.1657115491025759,0.9395317992829006,0.3996014754482199,0.49792801667571357
train,train/triangulo/triangulo_0184.png,2,triangulo,20281109,b63d869f5a06e14fcfd386ef4437a39e994b71bfc651d719bec2f323ccaeb9ad,8.976758758829959,316.92265185775676,16.61189003859881,15.215467546351267,184,0,0.11871988848106847,1.7808073375173263,0.3845411081098702,0.4776109800125582
train,train/triangulo/triangulo_0185.png,2,triangulo,20281110,b4099f2f6d2b55b8b7d76459c06e74bc2423d9385153eead80387de2d608c850,7.186533323584649,23.16922808460179,18.685224695856935,15.134722600911662,237,5,0.32840411734528613,2.5923878992947214,0.3545920711396745,0.42104132738455735
train,train/triangulo/triangulo_0186.png,2,triangulo,20281111,fdeae6e09621cbdb25212d1a2e40eb0abb2eb7728d8f38889a1014cf6aaf87b7,8.815527168101754,107.84196322326584,16.423521401202297,17.13709418117527,217,21,0.553607890571669,1.2100373455420335,0.38137907078953903,0.46582508326885014
train,train/triangulo/triangulo_0187.png,2,triangulo,20281112,cff56405a1ec5626cdc95b957e84ac3c32e93793cfdf5f3f850319a45bfd809e,9.673617344093753,128.34738239074932,14.30955290259256,14.210247295103189,213,26,0.3911498789655048,3.839123530378047,0.4332643331041716,0.507254420754494
train,train/triangulo/triangulo_0188.png,2,triangulo,20281113,eb6f54a0b48581965f309fb9509e359f65403ac8ef70cd39f61d11677fce70a8,7.4644990726936635,342.3438609565225,10.423890587443106,14.159165532361108,232,17,0.16801729376146438,3.0770883771912745,0.354571860071199,0.438348525282732
train,train/triangulo/triangulo_0189.png,2,triangulo,20281114,a4af01a9d79b0d095fc9b85aa09eea2e9f07335db3c4f3318647a511286d665f,7.541952528184182,321.1148949039155,10.448812419052986,10.896444203007807,203,25,0.5922419682136111,0.9662740965629847,0.4034494752438884,0.4693867400267327
train,train/triangulo/triangulo_0190.png,2,triangulo,20281115,04c5b233cd2c1bbf15f3095d0c28194b163c5ab163ed785a2ef21117e9361e5f,7.508275752030462,184.10605056667728,14.094871980226165,12.559560603977214,205,17,0.1664905746739295,2.21752075304011,0.3438618453147211,0.44620496352854855
train,train/triangulo/triangulo_0191.png,2,triangulo,20281116,806b2354f05a116f313d5960b58d3df7b94749ce88e4d112edf857194211e0f3,10.1491780707053,167.15945808013367,12.084867765763589,13.806547291968267,209,9,0.5279787928410831,5.281781592244734,0.3285887572661777,0.4243233977117958
train,train/triangulo/triangulo_0192.png,2,triangulo,20281117,3f6278b4e52c7b887ee48691b55a166a898519eb4a51fb2734536f02cb4f03b8,7.373875020636474,58.150706930273174,16.127919720871645,9.306751122506622,238,16,0.142133221478129,3.767983987509716,0.39936560898769546,0.47729115448444465
train,train/triangulo/triangulo_0193.png,2,triangulo,20281118,d4fb9b2198ba4df44316f4ce77aada58e824c558d303cca68e73ba25971d604e,8.402030423148759,327.0799248182203,14.708576871471621,15.964580091967445,195,28,0.3221663689067696,1.2455392810597972,0.4107174718252691,0.4927216961326265
train,train/triangulo/triangulo_0194.png,2,triangulo,20281119,6856848d683b09624470d20d4ca0427ac6e6905c1ca58ed410da193384da3b2b,9.821557263858104,129.3255532409973,12.767087248047064,16.245817419395262,224,27,0.5351306739236088,2.2765257763092803,0.3923601452352862,0.49494108957160776
train,train/triangulo/triangulo_0195.png,2,triangulo,20281120,8d3815d0b6ed79229a68734ad7c72d6b0503e5b1817e3330264f38bfa1fa534a,8.887114268023973,162.19167506017308,16.036628565447643,13.273293154128405,215,3,0.4833617047283904,2.9888603567295204,0.4040913837100907,0.46221319585985005
train,train/triangulo/triangulo_0196.png,2,triangulo,20281121,6f0dcf7726a5b521a5e1d6dbc20730f5a283b9d1439b32cc26f6957433b19de1,7.495031943979834,132.03326360333995,16.601108190177637,18.548876492797795,222,26,0.14577929551378263,5.340896875136338,0.37858151434575127,0.49406819111007083
train,train/triangulo/triangulo_0197.png,2,triangulo,20281122,059489e5aafd7f0ac644a0a48656aa92052b73686d90216f04b03829a1e91f9f,9.982598545305386,23.58067152786036,16.17102879578075,11.99810288255309,240,4,0.6022163946294472,4.978425411446959,0.374016878949749,0.42782982285480764
train,train/triangulo/triangulo_0198.png,2,triangulo,20281123,5f2cef809bcf354bab34ab2b1fe4f63905aee1c463414eefc129e1bc1bcdfdce,9.67796087907862,13.221368488084249,11.529039474652647,13.659088688228206,215,15,0.6031893091245337,2.8707198812083967,0.37534588328431406,0.4251663847971845
train,train/triangulo/triangulo_0199.png,2,triangulo,20281124,b36e331960d12c48551bd4327b36c380a4154ff73c88a0de08c3487f73aeaf8d,7.637048980879705,38.40736844019153,16.066511445217362,16.57946988752735,224,18,0.21505222782491473,4.290681262363317,0.38161237915221613,0.4829973730985409
train,train/triangulo/triangulo_0200.png,2,triangulo,20281125,d41210ad09d7757bd9c1bb78e3f689663c49d0a5e2257fdf6754f79d2e43a510,10.337880823158306,274.1844583833917,13.729704170538048,15.280234557514023,251,2,0.18588153157881676,1.6674846454033156,0.3952835423664526,0.4838800405534968
train,train/triangulo/triangulo_0201.png,2,triangulo,20281126,95f4d8a35dda2a079394f08a4dbab609b4885dfd6e1ac67b1ba809eaa538f632,8.216817449190394,225.47666136153921,13.689939871914625,15.190636870664513,224,9,0.32790127819951226,0.4956757040048716,0.39149195800657105,0.4426159584272322
train,train/triangulo/triangulo_0202.png,2,triangulo,20281127,b0691e06adffb1cc8e36d574fa34e2d0b1a1ceb62cfc1d3db688290e9e72d480,10.454937630881876,85.5689663120255,14.702798334987637,14.89302870210647,255,4,0.12148194025617891,2.0794588799970883,0.37834618432076755,0.45237130691387245
train,train/triangulo/triangulo_0203.png,2,triangulo,20281128,c7bf33d2077b412efbf3354b48c56345710e373d44b54a1133c61aad4b791e35,10.478799681647793,218.23779527893413,13.715290955777387,14.520316897630895,237,20,0.3489272462050532,6.196670026866276,0.32857481600498717,0.5101631603087454
train,train/triangulo/triangulo_0204.png,2,triangulo,20281129,c719c8138da372d404f42300c5df2f65235b18ed518401f95b6549635aeb1df4,9.900612693104843,297.2953132846764,12.55022619669974,11.88485401273042,252,1,0.08707780243314094,1.7432506055102275,0.34488546620339516,0.49316792607762827
train,train/triangulo/triangulo_0205.png,2,triangulo,20281130,3938ce4b98c5576b7d8d99ccf85d1a8c144e23b667b6afd0a3b39eaa5ad50fbb,9.966477426468952,123.98525925491376,14.451692918234052,12.437375829968394,197,12,0.04032867635122183,0.011298364116511861,0.39147760376459895,0.4676682657170306
train,train/triangulo/triangulo_0206.png,2,triangulo,20281131,0cf691c2591ddab179eef47905203a14140052ebec18bcc7645b5f68f917f4d5,8.736682637690315,13.452165680096119,13.576406754075476,10.549613883538985,248,19,0.14729066241208916,1.188536922349709,0.4243178805262367,0.4933934884848479
train,train/triangulo/triangulo_0207.png,2,triangulo,20281132,87e84b4214065332bab5662bb06b3268928eaff6eaa70255488c63aedbbdeb17,8.511715225982806,257.857437711967,17.439445137057753,16.40515505230645,255,12,0.20496775167674644,0.21071610203946378,0.40560963826690766,0.44343116112284503
train,train/triangulo/triangulo_0208.png,2,triangulo,20281133,71b59b7345145cf035b32c18bc98c8ebd7443376195487f49443b9c5b05daac9,9.410831102765803,105.95631917944257,14.570579397552173,16.403032207198883,246,28,0.2867771305433249,4.280962212697936,0.3715832442773144,0.47044408235808155
train,train/triangulo/triangulo_0209.png,2,triangulo,20281134,0f7224dc993fc33007fbf5c50ebe6828f050469a20d4152e66ea5fd43b40e153,10.17166523512235,139.54943113454016,12.501884647111535,14.368551198488797,185,16,0.5599195893106735,5.65504193252415,0.32218646419639746,0.42178761606514614
train,train/triangulo/triangulo_0210.png,2,triangulo,20281135,17693ec2f7a4c96f514cdd0fcc1c455549392330b2c70814e99b543165cf43d0,7.780108833742537,66.1994206413871,9.914110567063304,9.636099047020414,203,29,0.49689224105048047,0.1305471470170727,0.3693579796911748,0.4316272567900342
train,train/triangulo/triangulo_0211.png,2,triangulo,20281136,28338209914fb06a0c7b7991f204e2ce7be76e47fc5a937c71f7326add6c05c3,7.266997143181655,225.79768231444694,16.950682819873265,17.616654992349652,242,29,0.021290839481510632,0.8243986529059631,0.4370406890306706,0.42082208107320684
train,train/triangulo/triangulo_0212.png,2,triangulo,20281137,8656ddd37f7291e12ba48329f7d9288bbdb3c4042a4c1e30ef487bfadb867e3d,7.929848582329033,114.09433392995638,15.24594287734427,16.94037126696224,248,12,0.19741190139277343,4.674248284639343,0.3910010124553489,0.4437569629007184
train,train/triangulo/triangulo_0213.png,2,triangulo,20281138,b9063c3140c0788886ae9356870e5315d0744c4dbedcae04be825690bffb3c10,9.32584471992553,244.29856388106552,14.898202978792341,15.899470558006954,216,8,0.5150925462797418,4.890373781951033,0.4154393083127021,0.5139283952916254
train,train/triangulo/triangulo_0214.png,2,triangulo,20281139,16dea0d4427dbceccf43a49404bb2f37134318ee905394fb47ae4f10f3469c7f,9.93389908497335,329.3380604875976,12.063812040323953,15.518220873236196,250,9,0.5404509585513745,2.5951454916059693,0.3678080508624042,0.4806180909934197
train,train/triangulo/triangulo_0215.png,2,triangulo,20281140,304acb36e251d8e48520cdd270dabc025bfcab762eed9a55e04dd412bdea06bf,10.374337544870368,105.67056644687698,15.092379440807791,13.731198292741412,202,14,0.26016916440084725,3.2716094965255507,0.3584273070553877,0.46775829915509093
train,train/triangulo/triangulo_0216.png,2,triangulo,20281141,2a26389b883117a75cbe2a7505d6f379a6973e20eed878a5902f9853876f0657,9.585572010434005,128.95608605750385,14.119766841247197,14.25770432143749,247,22,0.42635225595281145,2.393319369986325,0.4035323471879146,0.5056054873852416
train,train/triangulo/triangulo_0217.png,2,triangulo,20281142,610fa86d39fea61e512c590627fdea612faebf7abf346a98000b5162ad629f55,7.910833716714992,30.31086950199301,12.2481202423334,16.34112125555538,208,6,0.42770792153401566,5.842845491439018,0.4392058057776862,0.4508304299017381
train,train/triangulo/triangulo_0218.png,2,triangulo,20281143,3d4e5c01a08eccb983380a0848808d4e1cf05a85b440f856a233cda9ddb0f021,7.661657070545422,270.7856548580139,9.679937479728594,18.09219921580594,240,20,0.5628053384226729,0.4878729921461793,0.34632255512981003,0.46445028685280454
train,train/triangulo/triangulo_0219.png,2,triangulo,20281144,6adade9878071411b266b782c6d3c9f57284e9c67ea56364fa7844fee5509213,9.363290963529757,126.65421550904178,16.36258096152042,15.05120661778892,246,2,0.5892584296223976,6.954502496852361,0.4257593591922784,0.5055882833457238
train,train/triangulo/triangulo_0220.png,2,triangulo,20281145,a739d1e0e820d6977e658245c6afd683875e256de37cba40516ce6f654094d28,8.320210502966175,235.50030871716464,14.621994824397753,15.835355759393517,181,30,0.43604441526859267,4.97329244768603,0.37310417973148546,0.4958509876042846
train,train/triangulo/triangulo_0221.png,2,triangulo,20281146,4f3aa11fd2adc4ea0c2cd117c0e84e393f0f2ea3593f91de409ece09edcd5386,9.190422460621647,5.912341386628808,14.077445540844593,12.046587727860915,226,26,0.46037705618161817,4.307204219936699,0.4243864541164843,0.5001655911211509
train,train/triangulo/triangulo_0222.png,2,triangulo,20281147,2f43cb500df5df1ec364dcf10a74fdd01fc6a1dbbf2c919f14050f66607344f6,8.570729277200188,77.30504075765245,13.139709387970964,11.107549968503317,242,8,0.07533223750367359,6.3794391213670485,0.34903545031344385,0.4467554695049874
train,train/triangulo/triangulo_0223.png,2,triangulo,20281148,9da64cdd6a465a9aa411ef01770254b3aee46c327a283a20b35ccbc106c9698b,8.054617657881487,156.75640472001754,14.665048559459745,11.236293287823386,229,6,0.1552139416567172,1.144212819244951,0.32019367826227424,0.46865560350506935
train,train/triangulo/triangulo_0224.png,2,triangulo,20281149,d54b78138898517d725462267e6f357b62f09a69c8530bf43b94ee9e9bf4f6f7,8.888074954343669,344.5774287398797,16.34941713332343,13.558720837015972,199,18,0.0017456572767929168,1.7829574896554548,0.39967442616377646,0.4547289111715023
train,train/triangulo/triangulo_0225.png,2,triangulo,20281150,0f202c07c7ceb39c4566d393ccd5261ddd27dc2224bc630baea4e740910aa5d8,7.628390262093444,8.5714611473288,11.357278938399396,15.761529341825797,223,15,0.05486426551486406,6.5790750101639865,0.41613688194796783,0.42225307590128053
train,train/triangulo/triangulo_0226.png,2,triangulo,20281151,76419cb2f9d6838e9daa3b9f409dcaaad4126623d51047464c1cbd70e16d3308,8.447037579488136,118.2343342057518,14.572996128013166,10.376814403228876,224,21,0.07757445192934061,2.4579907198228783,0.3521198260548658,0.49238233548045096
train,train/triangulo/triangulo_0227.png,2,triangulo,20281152,46525ad81cef91a1b96b5115b1728e0b4f73cc92a4232ecf7b66795b5b693b87,9.090473467958827,209.1477820142266,13.188522623772284,11.403549021631488,250,14,0.11140051799167613,6.025238538653611,0.360368007059761,0.45918829287553997
train,train/triangulo/triangulo_0228.png,2,triangulo,20281153,a7d112b93f28ae08549c32161269501e1db0c53e63160acd029eeb7073ac6823,10.413807348214737,235.82586532434772,13.459964978469156,15.179609715035829,254,30,0.23910154795609664,0.4307866917129083,0.39635395047527755,0.439789826964131
train,train/triangulo/triangulo_0229.png,2,triangulo,20281154,bfe73f2b089a0d7c2618e3ef21531e7bf1d17d570763654695b11e7b7e340d05,10.000360333437403,359.40635960564583,13.537042695717425,15.897612930881586,203,15,0.17584675745824746,2.021705404265154,0.3500954671955895,0.47813715810098256
train,train/triangulo/triangulo_0230.png,2,triangulo,20281155,e61f6a6eef5f7118611f5d7ce1d7d4a14e2f96b407a813271f659e2025070ad0,8.127663673979324,214.2583636984671,15.226957307398667,13.911934495081843,193,7,0.5565267406517643,4.930586115783871,0.4011602791016125,0.4602753996842767
train,train/triangulo/triangulo_0231.png,2,triangulo,20281156,793565e37259c3cc4996a13b22210d689deb46056c42ecdb7b999302fb709e90,9.1846176626932,317.5337245760413,12.831639968025089,16.638240591856892,255,26,0.27404386397129216,1.3060312747958505,0.3653027285625569,0.4316666308719934
train,train/triangulo/triangulo_0232.png,2,triangulo,20281157,55be183e4e8f5dd50cd34050e32d17b37816bb4b43c1c204d869da1083c8a8d7,9.253480237174195,159.95076068643684,11.48395699131377,14.945041537930697,252,3,0.022954725187042252,4.734932027506106,0.3362041670084351,0.43551047867229237
train,train/triangulo/triangulo_0233.png,2,triangulo,20281158,6fc407dfbe24e51229513b91a7bef445a4ccc817e142867065fbef1656683188,9.145314376910676,202.31639264976502,15.41155888068301,12.948314807197391,205,16,0.6237966173924684,3.5530967178356416,0.3352402370712013,0.502507198620396
train,train/triangulo/triangulo_0234.png,2,triangulo,20281159,5a7c9553a50184744fde9208008f8106cb4bcf2f8be426a0e1360eaa20ffadeb,9.13546243026004,7.215869502750944,12.663608619036301,12.146826810928628,201,5,0.04499204934701877,2.470882804306885,0.4151828434928474,0.5194153073002546
train,train/triangulo/triangulo_0235.png,2,triangulo,20281160,2d5754d6fdb13620a8ca6131b87a0bed58f9593b56009bf734b1c9665dc81dae,9.965166296106851,276.7986338689441,14.935787209868797,13.686764086275744,204,1,0.07622040036300103,1.9137757862772307,0.3602231844590824,0.46724571801912207
train,train/triangulo/triangulo_0236.png,2,triangulo,20281161,ca3c31e5f919ec9954ea50ba31c3a84a26365a0c6a1892dea8deab8f047e8f2b,9.898938181698906,280.6487351515238,15.024859885935395,15.55443445861339,226,10,0.5032418517333692,3.2834180142995457,0.36963192684005186,0.5143669920968964
train,train/triangulo/triangulo_0237.png,2,triangulo,20281162,2e6d13e6fe829212e416794ca2e1a55fc4ba31af1b7783d72ced5a67930689f4,8.719034725264017,125.6807707765308,12.009473071507799,10.572418764639439,207,9,0.036684484158519666,5.6730400166705035,0.4214039981894774,0.46404479499739126
train,train/triangulo/triangulo_0238.png,2,triangulo,20281163,ccdcbbda449a145483f4450e2e182856e6968f3688356e43dee800ea1ee13c91,7.255957080534552,173.32524573223884,11.64442418668489,16.617007679216087,233,21,0.15010734947336893,5.528629706804048,0.3874018387009284,0.513662167168531
train,train/triangulo/triangulo_0239.png,2,triangulo,20281164,19745b99ee3afc0864326f88888cf11bd539246c372d84997ce576403b6514ec,9.95202912054192,256.0561821693442,15.85755433101161,13.355843723751464,227,27,0.5719144533054241,5.34838124881044,0.37531473775439583,0.4687064330357038
train,train/triangulo/triangulo_0240.png,2,triangulo,20281165,7500e8e2682f064a453b1b21d3110f6302be1c9111c986ea62871972cf55ecb7,10.10947679595912,51.09591886127963,15.395619506462815,13.197804194780986,181,25,0.5648614797833617,0.09400338466050728,0.374722158704796,0.506774563645206
train,train/triangulo/triangulo_0241.png,2,triangulo,20281166,9d9ed62b96ed34bb405292a3e559ce67adf9afbfd1d94e1067c24f02b8fe1070,9.300902951868778,164.1032494186566,16.010749040310323,12.965116375878953,199,1,0.5396638046719058,3.8525014867258163,0.3848189530620225,0.4861220121137413
train,train/triangulo/triangulo_0242.png,2,triangulo,20281167,3e7f1994c94fe82463d45306cfb4b6cbc13d5bd2ee6fff3ecc0df51ed9099231,8.184854848436018,12.753441088033993,14.092011550119805,16.11571779390313,238,28,0.4191128279906662,6.808170221026398,0.3565549193374861,0.46858456876229754
train,train/triangulo/triangulo_0243.png,2,triangulo,20281168,0be9915de3f9a6582be8d6cea39f1d60604971a128aac3e55b576490eea857de,8.690532406284941,96.55265321324349,10.62409795422017,10.962201217203491,216,10,0.10508664376854937,5.099651649205716,0.43947635617258346,0.49071249251491755
train,train/triangulo/triangulo_0244.png,2,triangulo,20281169,0bbc5d9cf50704fd5b408cb475126fa30775de3ce597ad71bde5e6ffaf8533dc,7.227973166418663,177.43711173937152,13.093375433832069,15.522957039356207,242,24,0.45141613254932805,5.176172932905316,0.37158588068024767,0.433761362339938
train,train/triangulo/triangulo_0245.png,2,triangulo,20281170,84a0af1740ef5ef33b320f409ffbb16bd0967c2ff1bc7c35958cc013dbe4d3f2,10.12487201534917,336.7886250023423,15.208381648668391,14.695978378187734,248,23,0.13759932604201475,5.4937702159515815,0.3285926098195326,0.46176813675798306
train,train/triangulo/triangulo_0246.png,2,triangulo,20281171,7e72d6bb021e2020069efab51ef49c61dfed4778dfa39927d266f3137c6c9152,8.37005675974795,215.69174666461282,17.78962066795718,10.505572488206093,245,7,0.1334297123731315,5.09489579410097,0.361287241872386,0.5186944919989771
train,train/triangulo/triangulo_0247.png,2,triangulo,20281172,9a965a5497f7e39b36e06024cc1611c3b578df83c3ae8d707603279002f4da2c,7.6305985837988874,223.31578161936375,11.332059608101128,16.64188184789419,233,15,0.46317791426300137,5.247004414950355,0.4267894311058517,0.48370528756552167
train,train/triangulo/triangulo_0248.png,2,triangulo,20281173,3e7c0eeabf626e2bcb91858d884698999ea1b025d5276f16e1b559490976b6b9,9.18669133537203,113.60799500776233,14.349645635538268,13.47353364479248,247,7,0.46817636407649255,2.0145469878267566,0.43910727064230887,0.4814397398868964
train,train/triangulo/triangulo_0249.png,2,triangulo,20281174,a4f700d1249bbf1d69ecd464f7a9bbe3cb94107bf3d2541e05d569fd244defa7,8.251038828671524,63.63413985872822,16.74511557269194,12.403528264830271,202,3,0.3430197815219905,4.966734787325917,0.3393848167213783,0.49343938862922593
train,train/triangulo/triangulo_0250.png,2,triangulo,20281175,b8669eb24a8710e221b9b23e3171e43d98f909d4cf557c41d39da6d6f80e9d0c,9.07260612582861,260.3483049944046,10.961222920246673,12.968956024866175,223,9,0.49588367324545296,5.57680082687319,0.43988594351097776,0.517098898215836
train,train/triangulo/triangulo_0251.png,2,triangulo,20281176,1d2e324118fc9b93441d2d6cea003c3a1962133e19af2b5ebe8160c738bec043,8.80822742746047,3.161087889169387,15.14017198571659,16.067484058156957,192,15,0.38018903114680286,2.5902364765749386,0.3799102854261335,0.4852641663295828
train,train/triangulo/triangulo_0252.png,2,triangulo,20281177,c5e158b335f7670937642df6a276d9cadc14f7e8d6472c92c2c4c3716ec1a5e5,8.646931116706382,165.4252347681552,14.635071658210428,13.784878224285388,180,28,0.5959189231850593,6.072516940895393,0.39543120751511895,0.46403811152825214
train,train/triangulo/triangulo_0253.png,2,triangulo,20281178,ecd4101af172b892c59e8008163e5212faa7c228c7804bb6244c477af204fa64,7.034774582847266,61.206210701629,15.692609709832828,11.353933247106358,217,11,0.008305160784556087,3.6931623649686274,0.336197567786083,0.5172705689266299
train,train/triangulo/triangulo_0254.png,2,triangulo,20281179,a0ec6f5ce145faa14a077e6447a6fa7a4c54997b04c852324a5fe0084462140f,9.848839415263521,100.41510409499799,16.042133984512176,14.650433177086624,208,17,0.4554890281457535,1.1537670828210436,0.3735134972479348,0.45590878600699414
train,train/triangulo/triangulo_0255.png,2,triangulo,20281180,d2d2f4f8038447451c543ca82d4c504aec1de7e92ccf9eac6bb14fae4b9ee903,8.073979574774015,338.3728525780791,14.508746092768185,13.544864670772624,224,9,0.6488081800500155,0.899238622330324,0.3495040170580559,0.42694662853534376
train,train/triangulo/triangulo_0256.png,2,triangulo,20281181,7277bf7dbdfe54414f1000f4e1c142a961a429f4cfa216c0dbadaadc1148c46c,7.297051613258205,184.12691908368154,15.62086145639616,10.404734658507968,206,13,0.42107247027141403,6.237088214096832,0.4157072882754184,0.4824891641216655
train,train/triangulo/triangulo_0257.png,2,triangulo,20281182,df9a95af21a1ef0639679a06a44031f31cef135cbf6e58a50c1310ea253c1168,8.697828916894359,226.6194456116974,16.297155431469523,11.943063144936286,204,23,0.444999822775907,5.910216023563,0.43819884812895427,0.4216758673415664
train,train/triangulo/triangulo_0258.png,2,triangulo,20281183,2defe200f9f27d8004b18b841de73006b15be8fe617508956b1c4f9904d66144,9.904637077081063,289.7847689676538,13.77362780426612,15.455455218779305,214,25,0.35944237132817564,5.471228474115951,0.32780174076961205,0.4633199760894233
train,train/triangulo/triangulo_0259.png,2,triangulo,20281184,777961770ed919e0befcb047dd8d1626d604f40466850eb026c60cbfc5a412fe,9.479231114045103,88.62388712710282,11.282557083191811,12.024614089026263,248,25,0.5207337796237292,4.575452868048983,0.4222890152678668,0.4723217333868217
train,train/triangulo/triangulo_0260.png,2,triangulo,20281185,d29b3cd36c5000deb9ed67896935e81b1f2317d2ac9b59cff1b2d09f3128a37a,9.756094049714678,201.43020036206806,15.241667584747296,12.855183818830504,220,11,0.22597251027839907,1.2312704673474177,0.4371734455011422,0.5030975995790138
train,train/triangulo/triangulo_0261.png,2,triangulo,20281186,c83f6558d3ec62d2224884b02113f598d8f9d626936f5ee9e8d4c3aa32ffccbc,9.28045588760412,169.37461549518298,11.228003619710357,13.961351251612394,241,3,0.16122331069071083,0.4791168550528103,0.4026971629135453,0.49910915412085405
train,train/triangulo/triangulo_0262.png,2,triangulo,20281187,1b6c75d130b32803c3f03ba1cec5c3cd590e10365ae7fd8302990d405ddd63c8,10.198276172872342,125.60737934898481,13.352924449440415,13.268599358140422,249,0,0.5860169428315077,3.5967976802384514,0.3211289072201678,0.5053821082691223
train,train/triangulo/triangulo_0263.png,2,triangulo,20281188,27e2d517234e082f74e369d8c688ff74823f845cdcb64dd95d64c873566f7b60,7.866230183571917,342.27622320553064,11.771364493523507,14.201221342876376,229,25,0.476585682202109,1.6553202326247722,0.3704938579850639,0.4315833964306948
train,train/triangulo/triangulo_0264.png,2,triangulo,20281189,393aa293a5ba96b667e5bf2fe8e08c9f68881e80732fca511010e66b934e6e68,10.14747994515292,95.11277369351942,13.579212924502759,15.64126803619284,237,10,0.6152736184788178,2.91370879122603,0.3371348787679699,0.504308562603133
train,train/triangulo/triangulo_0265.png,2,triangulo,20281190,7b039ef287973efdd71d8b00ff7cf658ae92ac2d273d71d1086de3ea41d4b931,8.600985688814562,142.4098006257318,13.3617182902082,13.021876786574033,188,20,0.019876174985188684,4.3402921672165915,0.3601207291662492,0.4315982274694598
train,train/triangulo/triangulo_0266.png,2,triangulo,20281191,053c437abff8dbc520cad8064f7d557be78353dd8b4b56c3e73ec951bffbda49,10.459643316447284,215.43944145810033,14.17319537551679,15.065847950551095,191,18,0.3707381253384822,1.8580978754246045,0.33982058137847126,0.49671117087827954
train,train/triangulo/triangulo_0267.png,2,triangulo,20281192,5f4ea3c6ad686f8abd1aa174778d11f4eb0e5da3352cc9c6f2c23e8006e705bb,8.97294977514825,289.3876707145972,12.135949185332619,15.791924793767407,247,10,0.44271286442669866,1.7418426944554681,0.40798418855871754,0.5016973678786207
train,train/triangulo/triangulo_0268.png,2,triangulo,20281193,7fcdc4e3afdf95f08fddfa42bdde033bff96737652e28884ca0972b99bd8a812,9.116660419890291,23.940742760780722,16.36594107102842,17.059658253329186,205,24,0.48731619680580385,5.537196051398445,0.3418222645714505,0.4335092874136614
train,train/triangulo/triangulo_0269.png,2,triangulo,20281194,bded48bf47ab3380d6d8bf4574883857053a8277df654b647ed38b2792da8348,9.109706747031883,59.01267932318642,13.659763747633438,11.780846542010945,187,28,0.475572712862413,0.20779915895859435,0.36590007679515885,0.4466570573265687
train,train/triangulo/triangulo_0270.png,2,triangulo,20281195,6e30cebc15d2047fc73e82d5c0d7ceed11e091b861a05a454a6162a8491d8139,9.172383978829174,13.098781030135962,11.53248848133347,12.551337350510504,228,29,0.4265400007379195,1.8858923956088667,0.3734255692665249,0.43495496425421665
train,train/triangulo/triangulo_0271.png,2,triangulo,20281196,72e8c1297cf2b398bc439082ca33c4d64c4175e86710bac992980b48e9c1c545,10.309295994368203,199.80031494004086,13.545231143883887,12.292791676048108,244,8,0.019857629030917895,5.966632237728128,0.32420096829724276,0.47665090536179805
train,train/triangulo/triangulo_0272.png,2,triangulo,20281197,21fc91fb1f1dade79bd2506fb6102c1ca05afb55aba273498f7744662c8a43b7,10.234614291646478,39.70570170337753,14.150128381345183,13.893652168857797,190,22,0.5042063260463453,3.8401335555125398,0.32443948077856843,0.49180224038030423
train,train/triangulo/triangulo_0273.png,2,triangulo,20281198,56482111645d42b34e8460edb79e6e284d3c6bb436ccc890d5aa8f75cad57ef4,8.16325490625871,8.428288770651008,12.718421451072501,13.130828591316725,209,3,0.1369807396025708,6.29972641387771,0.3313392495713076,0.4576522846632706
train,train/triangulo/triangulo_0274.png,2,triangulo,20281199,74e985bdc4213405be09e10f0546991dbf24cd3c0b60f2ce1e9624862850dbaf,9.892921701029977,355.6686696548935,14.104104509214878,14.131300683132972,205,16,0.34323705024568,4.355658133836758,0.40329784630992666,0.49258073714099015
train,train/triangulo/triangulo_0275.png,2,triangulo,20281200,120da3d23f5d796e57e5bd672a9d85b1c3496be700bde864985155bf74d8a211,7.447503034005657,255.4593510645061,12.862969427027146,17.58783843674847,238,6,0.628451063749088,2.2095105751984,0.3822079091555595,0.42580014119317466
train,train/triangulo/triangulo_0276.png,2,triangulo,20281201,fcbf54041b31f7eaacfc1a6c48ca8bb98ef7c6533450364b063e70420f24e205,7.489634117994347,44.048423072419496,16.386895787703267,17.72494501169016,212,22,0.28043482039502055,4.207895984107866,0.3872000228591559,0.42783433418707845
train,train/triangulo/triangulo_0277.png,2,triangulo,20281202,718c548e2317f5cebe38099433254b02286727826ea7cf6830dc7d3cc45400e8,8.802490158235457,119.87245582609434,16.32565149390828,15.034667441879717,223,30,0.01501839556152112,0.8310507985672405,0.36518980189498823,0.5051737840254236
train,train/triangulo/triangulo_0278.png,2,triangulo,20281203,2dc7f0eb54a282cb21fed64ef1d925badb55b7886fd15b9ffd7cd304246b5e42,8.410201794471774,346.7107451763059,15.582541239082914,12.485875206004227,184,20,0.5583750318444355,5.92113878936941,0.3676464784479202,0.5148310785724731
train,train/triangulo/triangulo_0279.png,2,triangulo,20281204,2577e056709aea7bbc43d956efc462c8f92f46d4ccfabea68519e2acb16f546f,7.864937582281999,34.77275721414389,17.16007112624627,11.953697806052965,184,12,0.20798354772371758,1.9751680233363096,0.3896897556596671,0.4302599312045594
train,train/cruz/cruz_0000.png,3,cruz,20290925,d5697f4e496707bb8ccedbd2a3652fd204f34bb6df83521480be7c12216236e9,8.00402289374691,287.23290876647786,17.794902303291604,15.384339023362468,205,17,0.6380959348913687,0.8464492228642734,0.32869008182073195,0.45113107504791644
train,train/cruz/cruz_0001.png,3,cruz,20290926,4a2cef040508a6737074ad22c14b05a8ef3f1e21d87c371f130b153f08441c6b,7.849060276389735,149.53395800083084,17.022649830494444,11.415329656064767,252,29,0.10673939332676245,5.791424329813609,0.4108286248391903,0.4488540254591624
train,train/cruz/cruz_0002.png,3,cruz,20290927,0fdb6207205d5d69ed3e8d509875401b9d653338ba9152c6c4af68285ebc16d7,10.392241805202348,172.43055853406216,12.273229103435146,15.63710251969995,224,19,0.0387012777966033,5.542495366217143,0.4005455804557088,0.47392006534454384
train,train/cruz/cruz_0003.png,3,cruz,20290928,c101a82adcbc5bce8a95f89125a16fba03743f8dc3b2847c7764dfbf29dc9396,7.744147349165376,86.74885432287313,13.837957305512584,9.954053622522446,214,20,0.08490850144390615,5.4475771860264155,0.3482137648928315,0.508167458421141
train,train/cruz/cruz_0004.png,3,cruz,20290929,f1cd2fd139af81b67e7ca46b7f7fc99fd0e1e38c9efb229f8178b9d31d463ca9,8.547739185747787,178.27681386505537,11.327633586617871,15.568107448775216,227,10,0.01546291300767313,5.317112485569162,0.40234309928655754,0.44526409478396145
train,train/cruz/cruz_0005.png,3,cruz,20290930,eb366188988621f109c8e16e153114b37ada526f811e2ac6fe5d74902472dbad,9.576123474799314,60.36767755717899,16.525701054130845,12.826267186735025,185,15,0.21297277586007154,0.12608157842493217,0.36452902081303623,0.5046534826885329
train,train/cruz/cruz_0006.png,3,cruz,20290931,8b1130f07f53efee9ab453784f634fdfaf66e74a170b9a9cbad252383c09ba39,8.422874755853115,246.33508519337227,14.95994345066918,15.4529048511496,210,29,0.19716967100092977,2.421708543395201,0.42526770296000493,0.5079472463238139
train,train/cruz/cruz_0007.png,3,cruz,20290932,f8307933d4b2a8a8215dde892750003672b5de821a97c6af76d7026e86f36451,9.390225028442407,276.260623070433,13.76988925645542,14.846898142198917,192,29,0.5716035343112675,5.870800925014766,0.40752480324083806,0.5025807911734
train,train/cruz/cruz_0008.png,3,cruz,20290933,dd1fae4e0c4bba1fe1d38e96dfe02782c7ac82f24fbd5eacfedc25e2d820f217,8.851708424997685,294.84457554448676,17.15328579964145,15.866391236517167,205,12,0.12230106005233743,1.4678379704030942,0.4172878795845896,0.4781445248779739
train,train/cruz/cruz_0009.png,3,cruz,20290934,1b120ca66686205aa0c18844ef9ce67fe36321ccd71be2f924ed286b329c96f0,10.393639399986732,294.0218975407287,12.56670243779077,12.932979748191336,212,23,0.28636391134435707,4.954832238115416,0.3310308883766288,0.45285543625752595
train,train/cruz/cruz_0010.png,3,cruz,20290935,a291a1da9fa2a6964ed4325fad741cae5002b5320c19bbe30ca1a17e1e2f55c1,8.924433479821014,96.81784984791989,13.932479840101706,11.327580440466607,205,20,0.032592471469147434,2.9706683088092296,0.3645595803440562,0.4278618016317337
train,train/cruz/cruz_0011.png,3,cruz,20290936,3fc44f3c0aaa3641941bfda735fb767cd352fd5ae2c8b55a7c67f465ad6eb79b,9.266853123871202,102.92391394999098,13.727460668406701,16.25495295998587,227,28,0.5541730413584619,1.465100567381522,0.4335085760299877,0.44894535064716107
train,train/cruz/cruz_0012.png,3,cruz,20290937,0d7ca9c3b6b3d782293327f5e2095e42e9768359ed753af8580ebe836d574540,9.198502037260006,52.3164078691519,13.396584780735413,12.020496525180878,245,23,0.5382442409606055,2.8140225362542606,0.3514988603034617,0.4759487299830526
train,train/cruz/cruz_0013.png,3,cruz,20290938,71f29c31964124b15e0186020e12e615db20cfb43f95580bf13c13b5bbffba13,8.599593080414554,181.6188601255979,13.198360703591522,16.45388150426568,244,3,0.5431806930190878,6.752571338035566,0.3819589518608992,0.46335613213695837
train,train/cruz/cruz_0014.png,3,cruz,20290939,9e2e605d7ec3abb6ccd908c4006886dd3490dfea0eab7218e2071cc6d6c16de7,9.857647152759107,132.40819974635534,15.215106496708287,13.955003772284432,184,5,0.43005122177970134,6.425311819999091,0.34516626015920965,0.4554505254879032
train,train/cruz/cruz_0015.png,3,cruz,20290940,213f585992997ecd48c246e60ffbd5fd5da8d0a28d30831853dfd50262f9db72,9.430063577881203,111.82296403429123,15.191958559025707,14.026873438736242,226,10,0.10257803169495094,2.3810421461667866,0.3432899145347248,0.44000060013664216
train,train/cruz/cruz_0016.png,3,cruz,20290941,1f39484d85e6fdbb47442ab9ee0b5f564c7575550b661095e2e67150b6048e58,8.57895703602197,218.84811920290812,10.771728103178702,17.465640837761583,214,9,0.3347818963671818,1.0890677107769982,0.38843976870665314,0.4361654708629049
train,train/cruz/cruz_0017.png,3,cruz,20290942,3610eb70e98721cc60e6baccaa7a9cd9b0123863dacdf4a4ee3ef21cf5156862,8.700543630492072,241.09884967337032,15.462763938564475,10.85438276958705,214,2,0.10304941534123878,2.6491386080863633,0.33587727272135826,0.440797564615423
train,train/cruz/cruz_0018.png,3,cruz,20290943,d6eee1ff27282981227c5beff582d0b6411d7e2b63246fce80b5664a2575f5cb,10.130798511362093,351.8673213681117,14.186912289444518,14.666953185781283,254,30,0.5082253569794065,0.3608545232398114,0.4011834957387211,0.5180248725360036
train,train/cruz/cruz_0019.png,3,cruz,20290944,754444f5a5f61cd82f06d0eebf9e30bc26390684f71699cb2ea1632d57fe85b4,8.262613458660063,105.70236636479238,16.367286907877315,12.271483790085686,236,14,0.6261823134200774,2.4762636274463703,0.42002724890396725,0.4974724873763244
train,train/cruz/cruz_0020.png,3,cruz,20290945,b05ae827a8b2b3c71cd3fd3861f73cbeb6a7a4996c7fe7f5f4ad3b076597e359,9.162064483312307,241.01060140636042,11.271449414539028,13.004070388266666,196,30,0.13163321004428974,0.3290702139064221,0.41675575928879943,0.48305401361045913
train,train/cruz/cruz_0021.png,3,cruz,20290946,ab24252f230526162ba4c7746578d8157c9d32d2f3cec99f5b0b1abd3a7d1766,10.323459517932738,276.88234873173315,13.666575486062086,13.631942653658403,233,28,0.2760749626602558,1.1406429092881303,0.3738770084867982,0.4657494089915242
train,train/cruz/cruz_0022.png,3,cruz,20290947,0899d3e0bb7b5f9a8fc7e436da5b79eb76b0d645b6f99eabc94cf3d6352044f3,9.422122319547992,194.47645992655578,16.520433570331164,14.020102571606431,199,2,0.6417510932223065,1.7533755909255513,0.39497723107302124,0.4590798618788149
train,train/cruz/cruz_0023.png,3,cruz,20290948,9b4ce7f5cb1f908ae53f104e5bfcc57836533bc7e084c6fe09691f17229304c2,9.719575877564973,63.03813165770284,14.128764066874725,13.560141204467403,208,2,0.5639699642216839,3.6176231985685394,0.42874062211515523,0.4630692437961401
train,train/cruz/cruz_0024.png,3,cruz,20290949,04038e4c6c1759184870d6b82bbf463526b320961f537abc8a000f6789f04489,9.15419507351522,245.29155686766703,16.12156237503222,12.073911139036117,230,28,0.11634612443825658,0.3397494517505997,0.321809599352566,0.4622100192984301
train,train/cruz/cruz_0025.png,3,cruz,20290950,44142657a750b28d86f15bcfa7798feb1a6d9606f75540f13ed54061ffd8d247,9.471680851768218,288.22574083854374,12.617555461726106,12.546651691560333,219,12,0.1967493897573191,2.407969387109632,0.3727701656267035,0.4646413129575565
train,train/cruz/cruz_0026.png,3,cruz,20290951,5a3bf0e8b6a6b189b5dcb16a957827c7fedee809dc3cb211dd87edea347c7e25,10.193387923174999,236.92072993976097,14.564341762466645,14.608798552199506,211,4,0.007760499216850742,4.786279489739384,0.348092329144798,0.5044386053808716
train,train/cruz/cruz_0027.png,3,cruz,20290952,9b066c0559e12e6d8c034d3793c6c0eb2385c20672477c3a4cf3da6537ed0311,9.686183194228366,66.53316900227227,12.154357705851226,14.5419274187709,238,25,0.30671992143149307,3.708768139984616,0.4011217050352319,0.4545975075685758
train,train/cruz/cruz_0028.png,3,cruz,20290953,e4eb5f7851d3cacb36c9a33f006167b19f31a51ff2a520dfcd1c6088414aa27b,9.225252199316348,268.9082023487315,11.788509111579547,12.80853340211813,190,5,0.4860513417423535,6.4165186745112734,0.3561155826792811,0.4272700099931266
train,train/cruz/cruz_0029.png,3,cruz,20290954,607879007a3ed065a868d7a5770568b4fe8e51b7d7d096e4c6f650b662ad18b9,7.62999529219465,260.6491451261306,16.9689318717971,14.00065024685258,204,28,0.235346157670033,1.715922849312232,0.4006215097695158,0.503024940850065
train,train/cruz/cruz_0030.png,3,cruz,20290955,81ff63c536fdbfc8bc83247a04a5884305dd7d4331ead27cafd8822d8e25019f,8.253344243253874,27.894358589616527,10.325133530275465,14.915134839300404,237,8,0.35689170891151595,4.466669658118502,0.4337043578441902,0.4414380951473068
train,train/cruz/cruz_0031.png,3,cruz,20290956,d97b3179f6625ced44a736be64f2d88fa4a625c6e73abbf574c8ad5e83cf74c5,7.329154001733716,13.840322850013544,16.64678910477564,9.220664162910136,248,19,0.5693494664587293,3.1728969542416277,0.42805080614856494,0.4612113525332797
train,train/cruz/cruz_0032.png,3,cruz,20290957,2e2acf993904f957deb075da5e70c3decbc137e5ffc098ca071bbade87dd0c58,7.875159656182575,204.35817870442227,14.548720203680748,16.90009505927769,220,12,0.3007081168645534,3.02034156072629,0.4228835139425783,0.4448248157518913
train,train/cruz/cruz_0033.png,3,cruz,20290958,65c8582e37fe3cb7f71292a959cdeca05f84ca37f94bce069512941dab72c412,10.097631767430215,147.9272842930226,15.181787126409464,12.684832553116921,208,23,0.17844522958684989,6.003204401168413,0.32348696283995054,0.4355575268868739
train,train/cruz/cruz_0034.png,3,cruz,20290959,350d2e14935286b92371126a1b2efeb0d76eac4f45d5b64708d9b4563c64ef54,7.128777201657465,231.30755530707592,17.9941218686257,17.470426256419316,244,15,0.13502601015195032,5.563022100772732,0.41352466117172537,0.4656486571821952
train,train/cruz/cruz_0035.png,3,cruz,20290960,2bd2ceb8a6cb8ab65015f42ed43779a06897f016d27d4e567b24f2132976f700,8.383305196274685,126.590473289828,17.795055494786617,13.038304193697122,251,11,0.2736842106232596,4.857376582336716,0.32763814634540683,0.48639210386168097
train,train/cruz/cruz_0036.png,3,cruz,20290961,cbc9bd05708ef0d5d31674a88f41c6c6461374e6dbdb6cdf80e8ca887d4460c6,8.75172808615592,311.38793634441095,15.004633918471363,16.82022132003525,215,6,0.5138350687713571,6.724397343773773,0.3837456698569877,0.5062629187564957
train,train/cruz/cruz_0037.png,3,cruz,20290962,ba47d42e4800fd5e6ca3fd842b1283e8063669c7c789729b001b2dd0fd6947cf,9.650391484650388,226.77512825919854,13.453290936902901,13.239006296350873,234,20,0.059850083330475444,0.8297704378437238,0.3430739142066481,0.49032234422679677
train,train/cruz/cruz_0038.png,3,cruz,20290963,7cb45837c177cf103b7e3cd4177cf878b89ebad3deedfe1bf3f4dadc94e5580f,10.269683758701628,23.046087395650375,14.744264313094066,14.563972930006914,219,26,0.3283095873602844,4.688410970002343,0.36363273313979805,0.5143865352390873
train,train/cruz/cruz_0039.png,3,cruz,20290964,0983de45f90536916326e293809848867b9fc131f125fe666a307dd677ac1095,7.768645585004709,131.18456148926435,18.122043882537806,12.43753861133343,235,27,0.5848891689808989,6.3519760964208185,0.34325216749484616,0.4560521940603135
train,train/cruz/cruz_0040.png,3,cruz,20290965,4ad185f91a1901414ac3e1ce6a910cc931284ff01576367ff972054b49aeecb3,7.153610393791659,223.69025448155548,11.649040107510487,11.07577164912654,228,29,0.02481123882356027,4.156118354861653,0.4389557309918431,0.4277097605040699
train,train/cruz/cruz_0041.png,3,cruz,20290966,bcd8b02b10a4210ace2fae16d446945c536b3a3f29a8e2ef2a1085811148fbc2,9.098776093922387,358.17786921768084,13.26554766092516,11.67553954607864,231,21,0.26509293731172184,4.4452127288788,0.3221328114263464,0.49987275903853035
train,train/cruz/cruz_0042.png,3,cruz,20290967,ef5cd6ac3d117635a2763ff8d40d7ee5575e91a3ff862d6ed4e5d7e5a991d820,9.904273980513912,111.20499515812178,13.811974251745767,13.452792667985683,203,15,0.6018728957237246,3.9814566570715786,0.3543263121453767,0.46078483676707227
train,train/cruz/cruz_0043.png,3,cruz,20290968,e25cdf1c23d7a3942be78b67107bab27d077d8833dd10072f7a7ad14ce5c8539,9.490486690150949,36.66769890867354,12.133271630443788,11.57092656830192,188,30,0.3834188641775198,3.8469892996344637,0.3424060097114372,0.4614924637269361
train,train/cruz/cruz_0044.png,3,cruz,20290969,bb3e7fbe171879909f53e5982bfcd9920187789726e25a5eb870ff5e345890d4,8.210602347818627,287.1551036959882,13.535664494064726,12.523952705205064,199,12,0.2691667968817322,6.446792710386145,0.4377443591027652,0.48505067349046094
train,train/cruz/cruz_0045.png,3,cruz,20290970,8a6a616284a45420107e41b52ab65e6dc78b13f5c7a1825d64aa1be35d05792d,7.385091331497701,167.52068192909832,12.354234105482586,14.561825978811008,243,12,0.4515250034581217,0.7014697146857096,0.3254034555872576,0.4888881320025445
train,train/cruz/cruz_0046.png,3,cruz,20290971,41b682bdc0798173bc5d5a2d33e17bde88c04bd531177ba1151bc090f485e09f,7.564636628742243,203.3162818153319,15.886230004236342,15.115972926699015,200,25,0.6295631040351581,6.441022854353502,0.3241341223797061,0.49841807856497433
train,train/cruz/cruz_0047.png,3,cruz,20290972,ec14532350ef9bfe10495a3450977c1306dae3528b639fe504261e8edc380611,9.256322062805953,297.8319837696216,11.360435002257868,12.242797227942077,193,9,0.6390891311719482,1.2042645155502427,0.34797252317602717,0.4666109152373765
train,train/cruz/cruz_0048.png,3,cruz,20290973,1bcbb1630a96ade6d4bb3b5bed49d28f848da39b5e00450a137d1b3bb3938560,7.469065121959548,345.2527731579987,10.536884006241959,15.35348477000645,188,1,0.08343084554580989,2.908099786194576,0.3532851151201681,0.4217025178597799
train,train/cruz/cruz_0049.png,3,cruz,20290974,4228c3f02b80c3ebc26401c179b130a8ca87312861a6d2105bb03bedece42ff1,7.670643404609615,84.08415654817395,9.53780127168207,13.664991585668297,231,8,0.424554102805894,6.089616142430044,0.33546120627181986,0.44391334148539846
train,train/cruz/cruz_0050.png,3,cruz,20290975,0a8aeb372343b37056c0887834041f15818be6cd304249d377df7f5aadad24b3,8.792224427415757,177.0281945388868,12.561102917828748,13.112185049941207,187,1,0.5811058067566521,6.059939988343744,0.38841388245583375,0.5038361951328227
train,train/cruz/cruz_0051.png,3,cruz,20290976,a64069da24c898d3c4a3aaa2ab310b478ea1074a5a406eba6f8b2bd27eddfa5a,7.722031883336351,207.54297682106954,14.805953198878301,17.155685505148636,193,30,0.32350322559706896,5.504176229409128,0.4282803955287048,0.43284872593894536
train,train/cruz/cruz_0052.png,3,cruz,20290977,a93eca5a9c2d9748f058bd7d368851a8fe07e526baa08e8f461387a30d6e0819,7.301916222487845,334.1205038832329,13.142619355599571,17.32381718062103,252,22,0.057100373519677776,4.8167303335714955,0.3364586087279312,0.4941895246250106
train,train/cruz/cruz_0053.png,3,cruz,20290978,c7cabc87c398eddb5d5282df3d255e50d9a8822b9d601a0163a9886c86e3bb91,10.422666446773118,316.4835554106841,15.103686604214335,15.643991345940456,246,21,0.524133444385338,5.4953118863076,0.3369973840933873,0.497888220368166
train,train/cruz/cruz_0054.png,3,cruz,20290979,e15cead5792ca36e4f8eef7a5a3ac267900c333f96e40d698d9924a6ee83b137,10.436276662377509,189.62488467215678,12.734787105499652,14.711172872399194,222,27,0.1825756943321376,4.9250635532428335,0.3589002233796873,0.45809519204789595
train,train/cruz/cruz_0055.png,3,cruz,20290980,1bb3c79dcb766524f1665ab27f2d21656ff252452db4e23214f48ed1eceb4695,7.962138943106208,273.3466817019737,16.283157451211387,14.412732653511345,242,23,0.5405598804844902,1.2504435693618354,0.40376373882165023,0.5021276475627856
train,train/cruz/cruz_0056.png,3,cruz,20290981,014486e7842f47b590f761b978820c1ac98dba4c4adfe710785f31eb816010cc,9.438281436525234,288.4913803221696,11.720684348445085,15.571305485549935,195,26,0.0632495389003653,4.517939253182657,0.33301134383892833,0.5039988621778705
train,train/cruz/cruz_0057.png,3,cruz,20290982,03c044815413776cdd8a02edbf927842cd6fd707601e40f3dde79cf0a2c64e27,10.487346924853863,45.62805805606355,13.062211318358969,13.303379877168425,252,12,0.3261765390382956,2.888795902332852,0.43444701477797976,0.4836387829000318
train,train/cruz/cruz_0058.png,3,cruz,20290983,d65e445c7a836af3e211b9e1a7466ac3f1193acda29644db2cea21876f1da895,9.624068779020106,20.899313595467696,12.839534070657045,14.430938403442898,189,13,0.5761067022449436,4.118824548507839,0.40740685443379915,0.4767987382221661
train,train/cruz/cruz_0059.png,3,cruz,20290984,25dbe34de2215c5292835a47fe18715d1e6b6c7152b8a94ca671b42c54f41008,9.624532103120124,145.87802000588,11.644678110343506,16.328310660834816,230,28,0.006203579161594352,5.657653621097599,0.32076925676469065,0.4812638983445439
train,train/cruz/cruz_0060.png,3,cruz,20290985,941276d179dc7de60017e924ba03a1e1b15fdffbf281ec485c08a56ae22c28a5,9.785050085621652,44.42329425606313,11.830668629593072,15.744872655072673,241,12,0.267005668064997,1.147564244709439,0.39339485188846546,0.5141964848579144
train,train/cruz/cruz_0061.png,3,cruz,20290986,6afcb5944d192f353d04e4debb0f028155f630a0e99d7cfb78e69d69781aa3bd,7.767476386547813,236.59826440759537,17.752361310761295,14.687431410540315,218,5,0.5306293756064167,3.077988111095907,0.3336869551983123,0.46231864450738225
train,train/cruz/cruz_0062.png,3,cruz,20290987,37a65885abce27892d9b473ed21691d5ef319ea97a2b28ceee5807f6c075be5b,7.545121043416829,287.6563042103774,15.919636392739253,15.431764275352265,250,25,0.2297214255706135,3.849059786167371,0.3971821438421218,0.44051537329561474
train,train/cruz/cruz_0063.png,3,cruz,20290988,e2b5ffd2ed5aae5827b9b70b7c3f361430e59b6619770617181f930a3218b0dc,8.06781135542241,332.07005505282615,13.869924983803887,10.50179024903164,198,3,0.10703427336521527,4.056236510054039,0.3846600295848646,0.4969589405029705
train,train/cruz/cruz_0064.png,3,cruz,20290989,3c35b5c34e5faec86d691594fa3272e85d641f9271f57142e046baf238993773,8.96224254123195,118.8457368377449,14.713419357504547,13.637160333864655,250,23,0.46669866118416325,2.1264826115894806,0.403511606179196,0.5050955587340062
train,train/cruz/cruz_0065.png,3,cruz,20290990,30d52eb9576e86e6fef958bde918fc3cde6cc0b009eda71f9474ea02e3404cfe,10.386717565033518,227.94978335613283,12.707963510693848,14.962132984371342,186,10,0.409201578138823,2.6433434927704518,0.32718119514351324,0.5031142669703368
train,train/cruz/cruz_0066.png,3,cruz,20290991,abf2e109de692b6dfa81a17a8184beb7203bb8e10dbca0e10a6909a629b03293,8.859122081186085,156.63320638446405,12.82393022863949,15.325027130982374,234,27,0.415332789179804,0.12819916479520455,0.4205575902484999,0.5101036777857372
train,train/cruz/cruz_0067.png,3,cruz,20290992,de4d65deca7429f05817d4b54838d15196cc9cb7233f7ac705cd81a73aacfd94,9.760269196710727,345.6787782140114,13.062117928964451,11.737838142341737,231,7,0.32625638282571356,2.8499837643677286,0.3910985188078539,0.46525636858617864
train,train/cruz/cruz_0068.png,3,cruz,20290993,769dfcaf3798127d498e38254fdc51fab56b0ba7f444186655a547a067a08cb9,10.299265209897676,210.3584180649588,15.224169576683012,13.289737089002385,248,26,0.4289808903241432,0.48588418256509247,0.36241766439248235,0.4397397719013119
train,train/cruz/cruz_0069.png,3,cruz,20290994,33db40b3ec2a31493590fe54eb82119d63ac3e86f05639e3e9b71288b0cdf292,7.553724967682991,234.53170688270657,18.479083194300237,12.229666543603791,203,2,0.2418885486190498,6.765284093812805,0.38525281257870464,0.5143049800877894
train,train/cruz/cruz_0070.png,3,cruz,20290995,5b97f5c1a4d5447316c7e6aece61fa641609eaf841d304b412cfd9e830a61bd8,10.106057260811339,151.4128882321939,13.641369554262432,15.304007772898986,192,22,0.3362189547383833,0.834837136670112,0.3307363472220633,0.4880872002086925
train,train/cruz/cruz_0071.png,3,cruz,20290996,1a6c10276c840bb56fd76ddc538b7aa585e17864cc24b3fd82f1349546c6386b,8.522300949917902,36.72364452948412,15.148605974182594,14.872649982756949,187,10,0.14970218031000235,0.13004695473549877,0.3961536075218404,0.45584998726780396
train,train/cruz/cruz_0072.png,3,cruz,20290997,014681cbc975ee526a8bcc68c44b0ecc6f96205d480584d5b9b2a6d72a82d2bc,9.488179044944841,26.979628605246862,16.53404464700639,13.936094497205767,219,0,0.29734270213285735,4.294502424649554,0.3997931862512023,0.42326965176582154
train,train/cruz/cruz_0073.png,3,cruz,20290998,95599559525797198a5eb25a62b3f06ecd7eead7a3a837480d77c24b6900c5c0,8.539422222928055,336.56325410291646,14.613423419417039,16.909077825696357,183,23,0.34486353519659924,6.8707986826030485,0.3726846490328302,0.4337156065355439
train,train/cruz/cruz_0074.png,3,cruz,20290999,4d2c75c18da94fbe4498c290af34000e126d3a9c2a2f170ed71a6ee28461de56,8.241446093709111,122.40877990290274,10.059987752342334,10.422178273448594,242,21,0.3353713101681718,3.725748147544509,0.4399227578143853,0.4925089164184185
train,train/cruz/cruz_0075.png,3,cruz,20291000,e5c57ccfea22290c28ba995667dc28a7ff966407023896e71f3b0068bfc96ff4,10.038952395507042,331.9152961072794,15.734936088578054,13.254604205735374,223,1,0.3049059519856452,6.981942870688525,0.3272860709332289,0.4363833638592166
train,train/cruz/cruz_0076.png,3,cruz,20291001,3e2e7c62863096cb3d8c7b684e9112e3877b62f013747eeecc6578260bdf16f1,9.396872446897325,109.10934583858413,15.401619723353184,15.898385625804405,188,22,0.3397268705934093,4.948059480931775,0.393023544401051,0.4968039419651929
train,train/cruz/cruz_0077.png,3,cruz,20291002,fbe988f7a1bc7c2493bdfb01447cc76dd8ff1ca7cbcc37c4709395a174616c44,9.418201778905297,320.9808251964437,15.17682259802791,12.599637513048577,243,3,0.6374441741203548,1.5517445784496227,0.3498456314124769,0.46474671505386933
train,train/cruz/cruz_0078.png,3,cruz,20291003,50f58f57b2cf9fa415b113ea37b9f974b7305661375e5169a3fb55cf715cceb7,8.820841718329053,266.92927945483115,14.438896209801348,11.003377525687242,189,4,0.6443459873296853,3.304073844843368,0.4187263878020929,0.49051211049459487
train,train/cruz/cruz_0079.png,3,cruz,20291004,13228af2f67aa87e91b7246aacd3a4dd224ca325cb02207fbdcc03680b5105ca,9.196868852869386,215.39912428229363,12.341020311380827,16.070524774019663,195,19,0.0891725761652276,2.912531696803386,0.3932442353362188,0.4322028213276849
train,train/cruz/cruz_0080.png,3,cruz,20291005,295d516e16a8a519dde60237eb451349e4ac00ddfb64d3fe1882cbf02a8af91d,7.8996964054153125,70.33305370540397,11.172480548025597,14.489394246072896,246,23,0.1257203276986226,4.714121548633365,0.4290139476549364,0.48038542762599856
train,train/cruz/cruz_0081.png,3,cruz,20291006,14302573ed77dc18a336a48a614d9c4ada2ee953d6a011ebc239e4ac6626b853,7.21723945563559,202.25554685370415,12.699888587307978,16.78149715353605,234,25,0.5605047755716137,1.5130031486025124,0.39529487768834515,0.5171036544297342
train,train/cruz/cruz_0082.png,3,cruz,20291007,4b1432de95943417f7fd30bd19ab1f9c456cec7484aee464219bd9787386fefd,8.261086505217456,135.54870782768145,16.716113130654293,15.818427026717519,193,16,0.5794564125194198,2.5887337481062036,0.4097909807846763,0.42015113197991794
train,train/cruz/cruz_0083.png,3,cruz,20291008,b268a30c5cc63fbf835d87c7d50fb60663ad56500990c822c83c58453daf0144,8.569066985591604,95.78749539966775,12.764087429717105,13.363983881852562,204,1,0.5617031166591385,2.13979372000883,0.332883938624534,0.4395291042774961
train,train/cruz/cruz_0084.png,3,cruz,20291009,5ce0e223f0889fb774a436b6083d516d7f5a56bb8311346f60cd89b40e4f5e02,7.166872076129865,333.9927299193747,11.53488530455962,10.444612161476927,180,23,0.26929736944723015,1.2276416799133316,0.3461200639261418,0.4729719194089
train,train/cruz/cruz_0085.png,3,cruz,20291010,3758edf5d8ce4a9b05909db06811b8df7066345b5acbf69c4598b5d876f56853,9.851380169385145,183.74256246376964,13.842097973800895,16.292083626333152,195,7,0.15967216161235426,3.0440818205839344,0.34232336439995414,0.4751984303340427
train,train/cruz/cruz_0086.png,3,cruz,20291011,64e58399086a9702a38f18d3c084b1e592a4fd1cd8809fd273524cc20696a4bd,8.074627591014584,317.39993030402957,12.307901492520037,15.695335639592379,218,19,0.06599665078127784,4.905102608549542,0.3302616914023208,0.4776825239416802
train,train/cruz/cruz_0087.png,3,cruz,20291012,4032bb0fc162cc7d351633f50a55bc928e8fd76161c65b888ad39eebfd96179a,9.256031632066092,310.0597328787015,14.30091471467327,13.532212503438634,203,12,0.3727194389325249,0.25659456952924464,0.351928445806599,0.4890947504188299
train,train/cruz/cruz_0088.png,3,cruz,20291013,84e60d3942f352f4b0fe8878904633f8d61962e60d964cbd40fd6f3c6b896ae4,7.800376094608675,331.854525418184,13.096309906613731,14.792831102699626,213,15,0.5443972451078807,3.7592708790746805,0.41351517017374667,0.5069406785758397
train,train/cruz/cruz_0089.png,3,cruz,20291014,1096d00f4c5a4079a304e5dec465c18f9b00787a2d5ad2c4090210ea91d5491c,7.709278551506061,108.52195350261478,14.267967285491242,16.74667368656611,220,29,0.09189733200492291,6.093919310128427,0.3334474641107016,0.4971902706199713
train,train/cruz/cruz_0090.png,3,cruz,20291015,cd105192275b13eb17db9e383b20bd77e5a070dba31cf888dc5f30dcd78c20db,9.867041550661087,300.62535793152296,13.528168680022462,15.762757166334971,199,15,0.015729541521856533,0.4349499106701764,0.36360782236671635,0.45144454969695114
train,train/cruz/cruz_0091.png,3,cruz,20291016,dea2f73d35cfb46e23eadca6ed9bf7de0a81bbf84237e283237013760cc47f4f,10.339736559551051,336.69849222376337,12.98281551029058,12.740755369591994,205,27,0.6059522057584215,0.42833332992767625,0.3780646906577779,0.42313976722859276
train,train/cruz/cruz_0092.png,3,cruz,20291017,86821f42dfe73c33e3fc442471dc2822ec67196372b0b5727cf9a9344c8f81ce,8.554419044858687,278.01200351149527,14.53832344825425,13.729330372699668,221,10,0.4017481163847665,4.736566008019886,0.3483716502450942,0.4663519856159757
train,train/cruz/cruz_0093.png,3,cruz,20291018,e4b63af759a773a11a6dddcdb43f572fb340ad00d7ed71ee6fa6bdf24fc7ccc4,7.33270830383342,290.9856588675404,10.167772363566316,12.558492989692066,196,15,0.5464722687198398,6.512228309960674,0.34868976142003255,0.4778996838652396
train,train/cruz/cruz_0094.png,3,cruz,20291019,8ae41ecf92c60432d4dec68cd5ae2bbfb80bd1a0a73cdaf6194f593e9c890ba6,9.898316987783229,250.22416434400589,14.404549822194177,15.526600558279737,232,3,0.5126507653279062,2.067583212166016,0.41503829805750403,0.476623514428664
train,train/cruz/cruz_0095.png,3,cruz,20291020,9d30b3a2caaec97b2aacb9a22db896a6fcdea5c0b13ffe084c9e7b5afc7d2f44,7.286934504375731,258.6077509599824,11.346835697465817,12.643509735867799,208,5,0.24883673045528965,4.443554205219469,0.3784820246930311,0.48909488293958214
train,train/cruz/cruz_0096.png,3,cruz,20291021,d338a71780282258d02bd441772c9b697187b0a0d9b6425fdbd3112626fb641f,7.919541619572751,204.70755345113773,12.41148190422862,11.604228549538014,234,25,0.028941142578978254,4.472044345681283,0.4050199773695607,0.4720040312442022
train,train/cruz/cruz_0097.png,3,cruz,20291022,bd02c970cb3adb2d9f15da6d75c1a79de23d6548589a7e536be36f182d3b9572,8.93159890753086,108.0708419502167,11.350817241664355,11.50307975460506,185,16,0.5909402277933044,5.551381588935101,0.37683469383802093,0.4329212905739153
train,train/cruz/cruz_0098.png,3,cruz,20291023,611160f6a883489de9a32a68b19d2e9a2cf018e00c800ae742ef89504ad64077,8.858339058742725,96.34653240161772,12.671622326224337,15.977231244844646,228,27,0.36416439294191527,4.8700504944561285,0.4095701822352538,0.4202395513283637
train,train/cruz/cruz_0099.png,3,cruz,20291024,6ec873312d90ee1720b37ec06318bff988585990fdf2c1944c3958a961c1948c,9.419724420320257,22.375020066518267,15.13860598562395,13.805855769488588,231,29,0.39774409429616536,3.851581113727327,0.35678415101100674,0.43989638754792587
train,train/cruz/cruz_0100.png,3,cruz,20291025,2c9bd6e3285078ace96afe5504e21e1792a112662a794b09d3d4b7c1c2758694,8.421535945391685,342.57647291445306,17.6146402705021,17.688788315157332,215,26,0.4703265307288257,6.336439640209804,0.3302062092272725,0.5194381920645353
train,train/cruz/cruz_0101.png,3,cruz,20291026,3010c447a3b20c005a46889aa0bea5f0f8b2e393c8d7255a8d2cecc130c27cb6,7.81482469891,135.0069932429763,12.053891696953704,16.992492869480508,253,20,0.07660823336026114,4.739191082388724,0.3537773618056253,0.4790917055713256
train,train/cruz/cruz_0102.png,3,cruz,20291027,db8afb1b9c5d68c52785004c3c41f94492d2b63f8e916c3a9db03682f5f7a5d1,7.508667866264027,215.37570005492523,9.366798113785979,14.418118978494743,194,29,0.06514198699193854,6.994085039397241,0.3584972592185551,0.5029746255560217
train,train/cruz/cruz_0103.png,3,cruz,20291028,e814895c17f4ceab816c18133783437ce4de83d58b0e0418c6833a5b90184074,9.549201620435149,294.48634221662525,13.88342493531154,14.777146334544394,230,28,0.14080114513351186,1.7427242155735883,0.33945934037604164,0.4555117900907671
train,train/cruz/cruz_0104.png,3,cruz,20291029,a86c758677830f85d6a53ee94faa2e8c6e40b08b150ac290a53f8f289d4d9bcf,7.722677216048989,195.98117625248383,14.788906240537994,11.65606532509621,185,0,0.4512097187945939,1.9076319299647793,0.34678273411537586,0.4723172925421078
train,train/cruz/cruz_0105.png,3,cruz,20291030,ca993d0603fc5e53706c2d7c549fe3050c5ef3ef5225c2d45e0e781aadee7791,7.530047217624356,239.5998945604232,13.202748519079737,14.986557264948448,222,0,0.03312980572712185,4.04629342603837,0.3377866314508713,0.4357668215268689
train,train/cruz/cruz_0106.png,3,cruz,20291031,8261cc0d92afe488146ac53a2dc5395d50b5ee5008ad9cd79b756db8fce2851e,7.406237248368173,270.779877665624,11.39558596815763,16.814948536677033,244,19,0.11739780042189638,6.879264846261677,0.3242636823433446,0.44546020604823955
train,train/cruz/cruz_0107.png,3,cruz,20291032,36036cc71d17d5787425d2ac4f3242f1e9c188ca1826a05bc28899be320e6914,8.722256857130585,171.61168141920575,11.434565402143615,14.87299439145239,211,18,0.4708574437439705,6.758133543816476,0.38172818576915163,0.46378624638436
train,train/cruz/cruz_0108.png,3,cruz,20291033,a48b4dfce475a49026560f7c04d54d12e97af5800ed08078d735a025ea7d07cd,7.175260545011421,280.84360581148405,18.821540325786934,13.455452553070343,195,30,0.2705029477770476,5.370952951392223,0.3344927017369496,0.4228049832093666
train,train/cruz/cruz_0109.png,3,cruz,20291034,122fa15ee2f37db34f5eedcc22ac3ddda2af7049ffc69aa785e283d9172d7456,7.349376678142789,208.44787042530456,10.00698249562618,12.172384906703826,252,18,0.13237391643850954,6.581956089593393,0.41878136606792304,0.4798813932877686
train,train/cruz/cruz_0110.png,3,cruz,20291035,df381f2dba323e99a2dbe9a1bcbdd87265a73fe7ef68fde2c1731725adc5c4c4,8.101452300738407,309.53498169277896,17.042547396975714,14.055692058917618,242,28,0.27389062062475644,5.614567148303613,0.354507408749911,0.48745423205074767
train,train/cruz/cruz_0111.png,3,cruz,20291036,0171df6f0bc549987628052bc959f3df896f76cb4f3901d45db17423b5e811d9,7.177182594142152,25.30728727682569,15.46303257944409,11.827335937739816,236,1,0.0018907935852658987,3.0475363224712475,0.3231958809863038,0.43940945951321625
train,train/cruz/cruz_0112.png,3,cruz,20291037,7a5d900177af07ee8e703823c62fc128925ca7d97f2a4b99eacededa4b740f38,10.441410407537361,295.02791996647807,12.597276185057938,14.483190118504913,199,25,0.615503746210642,3.2863119139144734,0.3634246380163459,0.4924431238770712
train,train/cruz/cruz_0113.png,3,cruz,20291038,64fb5cb12755d69133b5b0806a39060690915bdbe08c0abecf15757289346f83,9.189489389204882,223.8598349679482,15.567474097250368,11.324400458316648,212,9,0.38753235617146015,0.8988811918637899,0.36318347433291703,0.502660794272889
train,train/cruz/cruz_0114.png,3,cruz,20291039,d1875df5c9e27a214325a9a204257f86898e3f8bae652a4f99078536d038dff0,9.951899068935859,260.6908126750112,12.366379856126315,15.563585547774995,187,30,0.14152589957699113,2.3001351757112936,0.432370516450981,0.4549594114813485
train,train/cruz/cruz_0115.png,3,cruz,20291040,1527d9ecbb836ad22ce4ce27e69f8f2a808bba108e78caa424e4d52af06c6221,7.89710208849592,1.109123158057983,11.002337249483386,11.724219944621137,185,14,0.47694453287486566,1.5743587317736114,0.32549219463396306,0.46305227146903005
train,train/cruz/cruz_0116.png,3,cruz,20291041,a8f80e1bec5686743819b8e80761a90af106436a17c5abd8e75fee6f2613c7ac,8.802261141430701,345.351883666897,13.362588195302083,11.430515622448729,197,22,0.376919951082362,5.689903370665627,0.3483562880932806,0.4279879497826822
train,train/cruz/cruz_0117.png,3,cruz,20291042,5f85f5adb5a97dac271e50229fa5c126f04d30a607b4969c774f9fb148c9c304,10.21084182860938,261.152483149564,13.046752008422644,14.588506181999524,191,2,0.2441805591766888,2.442502417435719,0.32373667164490794,0.46137272454359457
train,train/cruz/cruz_0118.png,3,cruz,20291043,4c4fb428d3de9688d73c3c1ce02d15f200e2e9076ca003b3c530f354f2f97169,10.493926130542775,37.51801528528659,13.747103328685554,14.01062090674969,252,29,0.3359414508413812,2.171134707364425,0.3535471895883027,0.4700144372559146
train,train/cruz/cruz_0119.png,3,cruz,20291044,812847161d94d2fbbe4567f775edcd6e4d761d7975c2fe60122ad576ca13484c,9.397641911815706,303.62170836879903,12.030724424392286,15.327044694993738,191,15,0.06026877971740726,6.097267939796688,0.3861123072873081,0.48509924428154766
train,train/cruz/cruz_0120.png,3,cruz,20291045,44d3fd175043e56a5ff4e0b7570b5b2a0ddd3f98d617c9d6ce4e9a1ce1e5c7ef,8.151542224539504,62.83627588538659,15.165822168158682,12.939794289320348,208,25,0.5801776610981741,6.905372812970928,0.42267638992718937,0.4527471028649579
train,train/cruz/cruz_0121.png,3,cruz,20291046,130ccf9691c7b933f26a0304a047e8c732e7fb87d7a195289ff48a6c1a7fc862,9.789455543719926,348.4482550682116,14.675884127886283,14.220894378661795,237,27,0.5093920647433435,3.8983568691978077,0.3717600558464037,0.4494766684113673
train,train/cruz/cruz_0122.png,3,cruz,20291047,72ee7a5831579fa249d02d5c66a0839de66447942b76cce97025f1503e803aeb,7.242787667358507,28.306639203815667,11.902302464068047,14.160115118510141,194,28,0.3764524981737126,1.8985718170352106,0.38586561331956765,0.4581998303499331
train,train/cruz/cruz_0123.png,3,cruz,20291048,94869aeb245dff883c7b57e91d9b57e2f6cfdf6468103a09e9e5761ab1f89359,8.119841471373428,270.1203037360403,16.57254300572243,10.015901313702882,232,2,0.18488555538627557,4.134158595583843,0.3598056445703113,0.49157110250786873
train,train/cruz/cruz_0124.png,3,cruz,20291049,4c58dec934c5f0ac82f9183f2c4cb0f982876e3c75eeee371f2b1edc705a1417,7.649021438550311,337.4209195325719,10.58183298543741,11.05770060094517,245,13,0.49900393258883197,3.357129637599789,0.40849845685754643,0.4980053898238955
train,train/cruz/cruz_0125.png,3,cruz,20291050,3f1412c2ceb67a8a07e522c7c7af2e1f055f9feb461086421365840130e73bf3,8.248851862583603,55.34576682017682,12.871368261275183,12.337163022466935,201,3,0.29981438335954397,1.6145435259649061,0.32006962068632316,0.45120724532690026
train,train/cruz/cruz_0126.png,3,cruz,20291051,a0d3a259cbc7d6074ab21be9ced1dafb052b9a46b0fe53e847101757eddde361,8.800288364756218,236.94616312501697,13.097988772064443,13.525645119650658,249,23,0.15713736956899518,1.4000744441044919,0.3423263349877145,0.4692818269331419
train,train/cruz/cruz_0127.png,3,cruz,20291052,6b88be408ed7b30e80f211f6572c5e21a59b2fa2ae9e9796cff5d8a57516c0ad,7.950083697626688,8.78081991006321,11.996396231116819,16.863373566790003,195,25,0.10046827712614023,0.5202919513294715,0.3782715919897001,0.5130399694919798
train,train/cruz/cruz_0128.png,3,cruz,20291053,8423d0e0bb06ceb6e58fb586973f7931214831f6e0af3c395f87ec8d590e8a96,8.946473334348152,37.82155150203569,11.843884603163037,11.186736599037673,211,13,0.35176184402571603,6.896823953891386,0.33743772037246167,0.5153251839422582
train,train/cruz/cruz_0129.png,3,cruz,20291054,058dd534c1b6fe210f5048ab9028108df0377c62dfb45a9261d47de46cdb9c07,9.72813767092643,290.54611948898764,14.79426729808205,11.740512363324834,241,19,0.5957368459268775,6.559413484900672,0.32642113254533217,0.47316949242910444
train,train/cruz/cruz_0130.png,3,cruz,20291055,8929be2c74efced9a2a992d467fd1511d495a44f8c80b212c220ab60183f5028,9.235357390660619,21.821527828521077,15.057249424273266,15.771057822802536,225,19,0.48764501411673733,2.1398604528293363,0.39068675087680815,0.4894554637449313
train,train/cruz/cruz_0131.png,3,cruz,20291056,cf4b83d2e95c26f5ff9bc145d07f19c9ad98a360cc466838f229ee61337e0fe6,7.719700234074624,322.05885577032603,13.530657161126303,10.027801498210113,226,8,0.5711161794396679,1.1105023421800206,0.41009555366216754,0.42599707587916746
train,train/cruz/cruz_0132.png,3,cruz,20291057,d4ce96e419e67b66644ab271fdac23c7f2299b26e0fc0b149e985f4bae603883,7.8697505509155565,217.85295175361438,16.993574851524844,13.85525864714508,228,30,0.2405737818590674,4.195081635823705,0.4231293868211415,0.47510264359877696
train,train/cruz/cruz_0133.png,3,cruz,20291058,c7ab1f68b2fc21611b715400dd8ccd1562b5db04a45fb634808d543ea9d7ee4b,7.1073449534968525,228.3788000823523,11.094950174181601,17.83707774429535,251,18,0.2789471101512712,2.2120572198350716,0.3293087980729704,0.45334824878141444
train,train/cruz/cruz_0134.png,3,cruz,20291059,73b06589cef3c13f5aae9ab6bf3931871d605f17a7f718dc81969e3751fdbe54,9.58813354150131,282.8485630303231,12.457116667552306,15.095302567798926,224,12,0.11968786519770098,3.676452872370242,0.424618133450407,0.44433877701500285
train,train/cruz/cruz_0135.png,3,cruz,20291060,4163afa54475ade8cc75fe7fb681a4e17058715a7b56bafb9bd2ec3fe17ddfde,10.188342137736505,205.547902294678,13.139433345530586,12.594611567072667,253,24,0.25015381884969656,2.1444697806462907,0.3857704220238778,0.4962798182990396
train,train/cruz/cruz_0136.png,3,cruz,20291061,20a0359c639c7cc4dab4fbd0bff1490e930b2c1d561e74753af122fdd12d4555,8.280180039407,75.02571971144238,14.780975787023518,10.263413638104398,237,25,0.15006559455337676,1.3477872356735148,0.3585289228790288,0.5088763097147204
train,train/cruz/cruz_0137.png,3,cruz,20291062,a071d8afac7beaf409a6a3963f6f58e7b0b2a6576ebe98e9873a9a3784840c21,8.70767241023036,162.57229407617095,12.779693262270674,14.491924865259335,220,0,0.40928526565478696,2.188172376284703,0.3456902554179847,0.4734317894752157
train,train/cruz/cruz_0138.png,3,cruz,20291063,454b51ddcce165fa395ec6a9fb3041d6fed9e9b7b90fd9a13fa2a59a316796f5,9.736136110407601,262.2993654271261,13.456213669010832,12.374776181478385,233,9,0.5373352584957874,6.97402703558032,0.32643220134790274,0.44473441981537454
train,train/cruz/cruz_0139.png,3,cruz,20291064,be4052badfdd7b1aac21bdf3ef0e66b0e042d66605f905e7ff5885d6d6b8d89d,7.069641176347048,200.22116739845433,17.943463042136337,18.38662650302932,244,4,0.5433767191292235,3.8326005174256337,0.4168933214721016,0.46958760979517206
train,train/cruz/cruz_0140.png,3,cruz,20291065,170abe4f50e31cd4f0ef88e7734ff4c10685c8f5d29a11ea3e40b36e1f3ff67a,8.695378496600593,84.88421796165242,16.41682452824292,13.393990158202579,235,9,0.15659898183123522,4.012818316189053,0.33290423315337986,0.48186161404069827
train,train/cruz/cruz_0141.png,3,cruz,20291066,b2cd45b0c8889d30f47b9ba4af9dcaa56a6abf0016260c06ae7ebd5c050d5879,7.421973745924808,327.70656036299044,18.13229985347141,17.017911565632048,226,30,0.6489608518836332,3.028482809369094,0.41567384085406245,0.4447597693671351
train,train/cruz/cruz_0142.png,3,cruz,20291067,7a3de9981d2346111cca20c6c938bc8f8e2f98bf97052d8c2e882a1fc88c48b0,10.115674996712686,68.18624198688434,15.217749393788244,14.967243290503001,220,9,0.2256281683612962,5.8637850637404805,0.3838925883866746,0.5072217812030688
train,train/cruz/cruz_0143.png,3,cruz,20291068,87d4691fc7e670e549ea5f011284ea2f2b11993d12b49d07e6d52fdf95f934b5,9.61791058419433,39.97226645358231,11.843230044562118,14.309274702559904,246,22,0.3920476427527433,2.693461186429242,0.3679351718276087,0.5168802870645132
train,train/cruz/cruz_0144.png,3,cruz,20291069,1300bc8e2b25b1434cb1e4bc24586d30171752e8b9636596dfccbd457bdb4043,8.791009467290174,192.43474036811318,16.411179709678905,11.550557656090227,206,2,0.4147540680114466,4.718828237970446,0.3714724347661779,0.4673476462672659
train,train/cruz/cruz_0145.png,3,cruz,20291070,b2c48291f4daf4542af8ab1affcf41d45e601f643323dc47a77ce259b2dca2b2,10.371344634257511,280.31146515866675,13.32140708568455,14.983562783165741,253,16,0.48890461341461966,4.405726060913859,0.35547787985146306,0.4539107263933886
train,train/cruz/cruz_0146.png,3,cruz,20291071,bba3f70eed92518db710d2a479b024f8c3ccb176f6c61b4cb46112531616da3c,9.262003744463247,177.70830372432346,11.77130271185906,11.489860142987457,240,29,0.025513437139701056,5.669225791761448,0.33782871272103004,0.43349999726824073
train,train/cruz/cruz_0147.png,3,cruz,20291072,b276bb3de29da63e2679573580fdf7b313c880f4fbb481ebb4261e6df3c73d5a,9.138584621897557,193.650573373435,15.629375007645871,13.064158801233214,196,20,0.5966947293542686,0.5836997712609969,0.38118964752820694,0.5156357388205559
train,train/cruz/cruz_0148.png,3,cruz,20291073,843189a2c61256ec4a532ed4b057fe747adf98c646cf30b051e5c82134f2934e,9.636768816751054,23.694409304179178,12.930174070527118,16.465861605393613,249,14,0.014069486583055379,0.8716051551447687,0.39257474700125383,0.4259708835432466
train,train/cruz/cruz_0149.png,3,cruz,20291074,80bd796e7b9c0f0746a41016910381988ad7b399de97a19d250869f25f00d7c1,10.38150652304919,202.33019891752338,13.528789018499689,13.506648093833824,180,4,0.4672529082713637,5.793710870211015,0.3775865006873847,0.5058431307108557
train,train/cruz/cruz_0150.png,3,cruz,20291075,54e6149a29b175f7460fdde3950aebb8dd421ce8e17aee7bf0cd8fea53be5d59,8.816548788410257,182.18951098855064,11.708820219077705,12.823018193134905,253,17,0.49796721999497495,6.747926696202393,0.34893740886320557,0.48544569879466437
train,train/cruz/cruz_0151.png,3,cruz,20291076,468768ca127efdf06a19507dae571f20ffea956a55c1221ada5912312255f420,10.496576930295511,145.66283245805184,14.676194781941607,15.18329339970584,228,15,0.11215620554225422,5.34630289199764,0.4045224965900767,0.5124205176317995
train,train/cruz/cruz_0152.png,3,cruz,20291077,72da499af44801adc2b7e63cc657ec1a023629a1436ae8227b82262c9005bedb,8.006364413368214,70.27573221215421,12.458369413474564,12.150824113464997,212,19,0.1380922621837543,1.706754835976032,0.4269821961899918,0.46739221707657785
train,train/cruz/cruz_0153.png,3,cruz,20291078,3231e5e62b6c07a667e3b94c673d03520d5664e57ed50803cc620a6fa1a052a6,8.823265545913957,234.70648459221928,14.706130347219357,15.17071523734107,222,23,0.24986604361657433,6.482966114452038,0.341280402915484,0.4833169228488683
train,train/cruz/cruz_0154.png,3,cruz,20291079,d5665d29348c8f0516f36236f2bcd4eac48a0eccf7a5bcf1ba52bcf59d523b5e,10.494743595682927,242.11003826900276,12.616263901243725,13.447699867015878,227,9,0.5522611347426895,5.26596129241945,0.4077656007007626,0.44698575853966993
train,train/cruz/cruz_0155.png,3,cruz,20291080,c85f4b9accb98aff3d842df74575acd34b956610a34a86048e5383ecaddfdbc0,10.159865006403553,131.2060536774616,15.80175493383369,15.381105839957145,212,27,0.07741082489647184,4.255092987635646,0.3499578628696727,0.43311147914795234
train,train/cruz/cruz_0156.png,3,cruz,20291081,59e1336489d4d5f73a20c0c1a68b9eba9ab6bf9df30a56b9470f5f2ef056a825,10.436772386628547,208.4931114027252,14.214653001295096,15.477994584676548,234,10,0.44143987569827126,5.445577494593965,0.3914419327644354,0.4262062930586796
train,train/cruz/cruz_0157.png,3,cruz,20291082,d08b053bed555eed573ebb514e0a72a58e27ce917bd07683f60007e9315583b4,7.88305680926082,39.4800396728208,12.153971345337915,14.543007921396825,226,21,0.6440805788481323,3.269518940574107,0.4187196442246377,0.44982137654364457
train,train/cruz/cruz_0158.png,3,cruz,20291083,a0ef177f39784014eeffe77020c399b32dda1dd82e7ca4f153727c9eed5fe1a9,10.02758121387712,349.7978784584697,12.24689201982141,15.468768830100611,199,24,0.10332748047416722,6.035818235318466,0.3605616221508088,0.4471402266414786
train,train/cruz/cruz_0159.png,3,cruz,20291084,812062a0bc79ecc51f1a7370c28c43a97e8e6c810a6085e522e026bb25f261e5,8.598012907331015,65.05805506205874,13.712874909371974,17.49953348961002,192,10,0.19885503522821396,3.4034605518946113,0.390751828027878,0.44973192244552285
train,train/cruz/cruz_0160.png,3,cruz,20291085,49549b1f0c130d8bd2a37bd5ec5b8e38066567f2a330a74c70e1c64a062be8b7,7.9862345434190685,136.6302726028744,17.38683660392832,12.896581194189814,247,16,0.2571077717712542,2.2989886366253693,0.41643094362872124,0.5151800076389271
train,train/cruz/cruz_0161.png,3,cruz,20291086,5de77986c40e3dea1df2c7d87547a7168571f26877f54ef922e14906dbc24a98,9.983200922765294,153.93129967841506,12.64659050189574,11.85265499623744,194,16,0.2778609773469487,5.43014083272319,0.3822028915380239,0.4691502947848293
train,train/cruz/cruz_0162.png,3,cruz,20291087,5c8d8612bcbd642503f1cddf10988c2f7e4581e6d9837ca82d31c9be83a27716,10.434387437757787,241.67906648194486,15.182758972506218,14.162050536876706,181,23,0.3161491547853373,3.159476762150534,0.357500809330888,0.5114422724651246
train,train/cruz/cruz_0163.png,3,cruz,20291088,4c9f239b041abc65e19c1cb471d6603dc08875b715c9d952a150608588efbefb,7.129219533224599,272.5901959557622,17.08772549053924,10.214569914782093,239,3,0.3520900736208679,5.154314076666736,0.40881066208062267,0.5096682919000458
train,train/cruz/cruz_0164.png,3,cruz,20291089,85768669b68d87b8e7199c5c3e3633aa455b825329698f70a81f955efa6b45c7,8.943107861405094,282.15262764226406,15.880566834244796,15.991300880931352,197,6,0.239772546955906,3.693453356223277,0.4031221938558527,0.434290026100177
train,train/cruz/cruz_0165.png,3,cruz,20291090,9e290924bb4a478d6516b7f7dc60c74d41b5431c7c0b67a642908792322db073,8.764275868154172,83.06738343133635,11.586178420004233,11.540509857787839,198,13,0.2882397255220101,0.7454439675229787,0.3311498867850217,0.46662675145748045
train,train/cruz/cruz_0166.png,3,cruz,20291091,4ace610c1f660a14c2c84a41d60b6779f76072b162a6fb5aa8138f9998053bee,9.414938906451324,351.3029230895854,13.728306846797594,15.52400413151121,198,6,0.31794880931066244,2.798574964378822,0.3804110861458305,0.4997046941587735
train,train/cruz/cruz_0167.png,3,cruz,20291092,cc3fc90e1409f2716cb1acb5581da286316c155c96c5a3cbe8618b3bfcd21c32,10.104236463935845,125.87024968146537,13.917757722054642,12.192128800379393,234,17,0.007420260207934709,4.890912882769495,0.3523213910576136,0.444685735123824
train,train/cruz/cruz_0168.png,3,cruz,20291093,045a09fb76d05369c11a88422db15c2070fb41646ce53a69cad9d2c90257127e,10.195438326892983,337.1537558577443,14.140996355760024,13.359444074869545,235,4,0.4792507494529639,0.40364378711121496,0.3824775260325095,0.4587108408074139
train,train/cruz/cruz_0169.png,3,cruz,20291094,7e13d711e3bcc4c417f934657efd00f439c5d40aaaff5e1d7a257ef15f2e761e,8.45143894384022,347.6833437339549,11.570513238929099,10.485433281161528,195,17,0.5814867675144929,0.5615580946900368,0.406715305539098,0.4303429758595769
train,train/cruz/cruz_0170.png,3,cruz,20291095,cf53199c03f375cd1a48a29ee0660f16f0ce6b23447663805e7c1f4eee709f85,9.412180087977973,199.84483454311692,14.94254854432715,14.343499253540607,240,2,0.3594248203327113,2.3803947495583,0.3530516080332582,0.44350481314176815
train,train/cruz/cruz_0171.png,3,cruz,20291096,6a107beb8aafde703aaa1af6e0b41b99bae50d5762ff1a538650515cf6fb248f,9.03600645599224,145.2107345221378,14.740531665460695,12.559036021122227,202,6,0.2668671291547504,3.2607186385907667,0.3897014454576289,0.43957185878938415
train,train/cruz/cruz_0172.png,3,cruz,20291097,1caf5cd322e23405bdac9737facbfb4b000a63f702e8ef763a95b55a192799bb,7.686117520544841,343.7278104452739,15.97623821896904,11.077864680215775,245,0,0.14864188697081684,5.920084075402958,0.4325703154055178,0.44614974892508075
train,train/cruz/cruz_0173.png,3,cruz,20291098,e86943a6bda22bb469c8041da972aaa7393d02d95382d1aaffde92c39bdaa7a1,8.347703526241157,138.67755339449596,15.912969983208725,11.96545114016989,214,12,0.42073658043160544,6.205383493707338,0.3900502780729114,0.503447823015996
train,train/cruz/cruz_0174.png,3,cruz,20291099,28b2bb96572199082f25b556be7b5a0ae0488a12516fec1068d693f2ba63b6d2,8.736711823304137,9.897670625446183,13.573453407254458,16.136365999672293,238,24,0.11039091412559594,0.4752770620428576,0.35161873785479486,0.4525562892847103
train,train/cruz/cruz_0175.png,3,cruz,20291100,6ce202d8037a78ecd353e166fdd668564bcb896aa17c28c9a4a95d84c734d721,8.802021083910532,310.2782614435821,12.604744031062605,12.491040555976602,238,26,0.16409757856347928,2.759956421879501,0.3997844560416084,0.4717560660953085
train,train/cruz/cruz_0176.png,3,cruz,20291101,5a65abbf944899a113013db8d6184a0ad20a79b2fae2bf4dbc421019366399a3,7.740005323917952,74.93996944682534,17.34133390167355,14.135721776579388,207,22,0.3849841831195307,5.856991214671483,0.37699477576101537,0.4754883010405499
train,train/cruz/cruz_0177.png,3,cruz,20291102,ef43de9eb1c9ed01bef26b5950e3a192026aa156e36b3451639eeebca7391848,7.129417821193686,19.880316421067448,16.650871153298095,14.909786136442094,237,10,0.20669553482576164,6.283818680840924,0.3321539130211424,0.5038343855698924
train,train/cruz/cruz_0178.png,3,cruz,20291103,011d79ee73a504140c1ce0e08ad9f0f0bce1441d8f3961d7ccf464b225839a0f,9.372081483956194,96.39366423387929,14.92849325286981,14.68212807819874,249,16,0.5329009444446904,5.372547077744493,0.35704059953970013,0.5054875475538442
train,train/cruz/cruz_0179.png,3,cruz,20291104,389a4bcc9a6d21c82a75fc05c424ad2e1ee5a6b58d1d3857cd654aba04b9d631,7.375289242476684,89.64867772196033,15.017348446621686,10.520308840323128,242,19,0.6395472705831138,3.897715332071687,0.3956322534416782,0.4301305160921432
train,train/cruz/cruz_0180.png,3,cruz,20291105,9c9abefbf00007b9ffd1e0af7a69a747fc7b27e0203dd97626ae2d88c6b864a7,8.847527290244205,306.6755036504967,13.13693214801554,11.143406254169557,181,18,0.48235529941526384,1.3441765621363873,0.422319828050303,0.4247252793269035
train,train/cruz/cruz_0181.png,3,cruz,20291106,bfe674eff2cf29e8878d1ad2642477a69d1634e26e1158bb0380f1e0d2f3e048,7.475750837759874,206.2648867215398,15.560079309513627,16.66821910136847,230,21,0.23641077185657164,3.156997247676485,0.39119812994018827,0.4781366019472711
train,train/cruz/cruz_0182.png,3,cruz,20291107,56104f5e3e122d4e8ddfbb647d001b921516d3a8f2673687eb01077abba8ff92,8.243814985482713,71.33489929330297,12.49554583791667,17.689724119544927,216,2,0.27034530401017076,1.6465081773422134,0.4269172518894552,0.45538957985687634
train,train/cruz/cruz_0183.png,3,cruz,20291108,70981b820ac4a9a9b87a85621e119341f7fd612fc53797281e24f09d5423d9d5,7.911079486851989,226.28326110106164,14.915103518883734,18.078761747458884,250,25,0.539304763183559,3.5286988339322245,0.3623399699526543,0.43427871192452294
train,train/cruz/cruz_0184.png,3,cruz,20291109,028942e11ff1a323669d0dbb18499a92160d205e76842e25b04c4a497eb198fc,8.40068756356531,160.15116094477594,14.435636982958183,17.005274360818266,212,14,0.18666256748786544,6.469735846954175,0.3277600113342937,0.4331992430406701
train,train/cruz/cruz_0185.png,3,cruz,20291110,935db0e89ce80fb04fcde96f6f2ddac8657ff8046958402d3c7c835368b806b4,8.861864949902252,331.1417041957243,14.21011036013531,13.116732485997531,235,25,0.6243801428194702,3.996279807009153,0.4124601067655652,0.496512039266805
train,train/cruz/cruz_0186.png,3,cruz,20291111,efb915bcd793ee00e9a48e216ee59881089376d0c07a615b57f0cb4b15b1a00f,8.290145876589177,258.58382932747423,13.053954160555925,14.840080221182294,219,29,0.28497509787593106,3.1856257672003334,0.36844882445886346,0.4272024048985731
train,train/cruz/cruz_0187.png,3,cruz,20291112,9331c85261c137d68b05be2aa7af57a80a32f83021a56a05087d9f86487b1594,7.906317491760749,310.40210614693166,10.25979523742293,14.639592809864197,247,9,0.6325910625168158,2.0452474245962424,0.3768627858063795,0.4254341304123841
train,train/cruz/cruz_0188.png,3,cruz,20291113,7f655e297d6d48ba5b0b7ac6fa6bc2b15b926dfc7eb65317c5de9c977550ecce,7.517690667155022,199.61306453625107,9.354031419811431,13.377834348750758,248,3,0.15022502752659814,0.6416364538369768,0.3912348202056204,0.433683435441531
train,train/cruz/cruz_0189.png,3,cruz,20291114,006907a81c2e2ded8387482dc0a2bd3ae79ea712989a388389a2d7851d1aa6f6,7.028877466249267,153.78333851989942,13.508995164088024,14.397874833491132,191,10,0.1330725664707664,2.44875244136485,0.3658540438572463,0.4586106164031551
train,train/cruz/cruz_0190.png,3,cruz,20291115,0b3a2c9b40c3c7c1b3e529654540b96041c7d0b3ab20975240256930cf9edd22,7.484638137607216,348.7689373959928,11.064339380724899,14.160938416908627,219,2,0.623194890181621,5.971154428199853,0.368967076926299,0.5164583834014004
train,train/cruz/cruz_0191.png,3,cruz,20291116,012e686c03e7c9c9b4d31b9314c9e780fc66717acc6e9dbc6b9ef904ece299ce,8.719458783346505,191.76697481482236,17.47295789799645,13.300354450868902,207,29,0.0895023108319817,4.91775089891543,0.3949255550495002,0.4247068800006782
train,train/cruz/cruz_0192.png,3,cruz,20291117,94ee2d7dad9b799f1ed40ac4971a687e4446346d4347c29631950043c224acf0,10.36339823138136,343.36200908656946,12.356468536858673,14.333373655041148,228,19,0.3841488031723325,6.090904050768732,0.4179665913853499,0.49086567414034965
train,train/cruz/cruz_0193.png,3,cruz,20291118,ddfc4d681a09201de98a86d1675cbb118c4952e9f8d8fa12a46d32a3e4b41963,7.205786536130573,206.69504610853645,15.481292381578825,15.656413012328878,222,27,0.27550819804767235,2.562323742650535,0.41062238868838563,0.45643422372944686
train,train/cruz/cruz_0194.png,3,cruz,20291119,32d8796e2486a09b406b39c613a851bb0a84275382411bb3c3afef251c71ff5c,7.99852682000482,57.98301586860299,15.578224351077136,10.287189215125832,241,23,0.34216680115155707,1.3474709743550788,0.3416573002853429,0.49746783160507746
train,train/cruz/cruz_0195.png,3,cruz,20291120,951a94b44b0e1b927f19b52ea2aaaa26662d01eec259a4e24aabb527c2d25ae4,8.455382525528853,91.59253108463997,17.066443764517338,10.364692329335542,210,14,0.6335222000478705,2.7756756794558477,0.3246850659854465,0.5172498940345511
train,train/cruz/cruz_0196.png,3,cruz,20291121,5fbcace7a3b63edc1a9d6fbf791db96d78238672b47931027e39e631f6870a59,8.589191188305268,175.09168548333867,16.99718777528772,14.388223627927054,248,16,0.5293457123737045,3.1883416800590574,0.33995041554879174,0.513841129884711
train,train/cruz/cruz_0197.png,3,cruz,20291122,337d638bb25199691fcfdeb212213ed5244f9396a8d195a03c94b3b9c8cd5e75,9.299117704101967,80.63689950133306,12.588476603810692,15.39416741215807,200,22,0.15601360715152907,1.5923382844304628,0.41729982322246395,0.45486600819667805
train,train/cruz/cruz_0198.png,3,cruz,20291123,912f0b3ae6307ff624a10d7b9a2102c1b79fb48a3a316cdeb5df6ae309e90dec,9.542553206992427,303.82190344055033,13.632351196424437,14.297925007245649,252,10,0.5540565450867232,5.170734707852727,0.36168223999790206,0.5049111943475052
train,train/cruz/cruz_0199.png,3,cruz,20291124,390094199c009e9f5499082821f44ae9bb97c0cbf9e93d48b2f7bb7ad7020099,8.099960516540174,273.1872500568233,16.91447375964407,15.886685769248174,196,8,0.3132938846381862,6.219047232635443,0.3604724019991369,0.4716363385018215
train,train/cruz/cruz_0200.png,3,cruz,20291125,025321bcf3504916cf1757de73d8a6345ab314a0402c79842383ae6aae1247c0,10.205869715230602,221.36576016459486,15.298710008657016,12.040439043937912,196,16,0.18987436177172962,2.5313487253167524,0.3821232498134996,0.5004131956040911
train,train/cruz/cruz_0201.png,3,cruz,20291126,3446e2a0d69634656139dafa1458687c8490b006215f8625476a1a5f01ac4979,7.499811849499572,135.11466793352182,17.82955718349286,15.471320517566529,228,1,0.5525786353890988,1.8101375064143286,0.3662761607144434,0.4564142850120512
train,train/cruz/cruz_0202.png,3,cruz,20291127,31d1bde4590e3b1a78e9b43ec61a238a0d050ebcfe56ee632e3f17f702ab8f9c,9.861466679490752,72.02432973828725,13.328362528221518,15.297326640768265,245,27,0.6390586460600464,3.1497303036090534,0.32672753250158754,0.43026314587616526
train,train/cruz/cruz_0203.png,3,cruz,20291128,ec38ef32fda9a36686ecc4553c267b2410c10abcd1165176a63c59294a8283df,9.716772567916259,256.62859887151666,14.757482862492925,15.99712165251514,210,22,0.005768643416525776,1.2672787602638163,0.384386376965393,0.4339971937686627
train,train/cruz/cruz_0204.png,3,cruz,20291129,83705501b9121b5e39c751df74b86d2eaa553b7adbb645f073c5b4cd4a9696d8,9.640642392577291,143.4613938375843,13.98468398894073,15.193352533620978,235,28,0.05187579991160797,1.4844237717416302,0.40108470217185177,0.5057919703799012
train,train/cruz/cruz_0205.png,3,cruz,20291130,f5865c5993ffc2bb252429ce858f89eae867c2ef9a23b4f0681d024dfb5974fd,8.849060826203676,253.68348038474616,13.067197642421323,16.489090637207774,200,15,0.0348365525914654,3.4571934541301665,0.4370112563555927,0.49167633059801474
train,train/cruz/cruz_0206.png,3,cruz,20291131,054f6ab56e23df839bc637ae36d13ee16325dc910bddfbae3be5e5e02a0d7a06,8.687793671044439,228.35399411784056,15.551689008247088,11.022445804197144,254,16,0.6410970118436721,4.334773639294817,0.3401601198253413,0.48603475650308614
train,train/cruz/cruz_0207.png,3,cruz,20291132,c628f1fc253f3b72223c2411f099b3cd335c7d307a7c8b3be200de149e3c4539,10.243501622589601,3.9002858739127526,13.535549950415055,14.032870521860351,238,26,0.15671500447227113,5.932721232642572,0.37397145067775667,0.4369217284795772
train,train/cruz/cruz_0208.png,3,cruz,20291133,1d8629d2a39833981ae7384881a364152ed38207dcc301c79d18ea0a80d0156e,9.052494359289964,286.31561396725783,13.172526760496499,14.933035608115027,236,1,0.324510487542081,1.1829288600663883,0.4034170291084983,0.47025638478831344
train,train/cruz/cruz_0209.png,3,cruz,20291134,0e5546cf21e58e57346541ee63743e72a40c3513da7879aa363e60b15eb8694d,7.638203333705999,223.92758381558522,15.164041440359153,10.17079304587313,195,14,0.40514448939330505,6.7308481574005325,0.34238831391964386,0.4383268040163528
train,train/cruz/cruz_0210.png,3,cruz,20291135,25306f4d1c050d24a0177f22f55847b7e3e6e6175e5acad6aa9eb5d1273d60b3,7.600144243254824,282.32936962059273,14.9083930067771,11.538925409164646,242,19,0.537642189245814,6.062816134746497,0.33860550002555845,0.44486390910169704
train,train/cruz/cruz_0211.png,3,cruz,20291136,19df4a9446e92972c037f0f77d22d3eb6cc8a712d41c1b3f8101dae343344675,7.023584534920696,77.22414705365509,18.537235650833324,14.434201405849096,229,21,0.556125784199254,6.758588566110777,0.3787408140397724,0.49785685589963374
train,train/cruz/cruz_0212.png,3,cruz,20291137,b322a2c46ea1161226324941f8334d5c97e8cadcfacfec19b1332f0f6a91a115,9.091447684873259,315.75049242375707,11.939968475690916,16.89792086861776,191,15,0.6292601334934294,6.298587401728783,0.4393265487894807,0.5157710841188633
train,train/cruz/cruz_0213.png,3,cruz,20291138,9a99d2db603a7f582a2fbcfbaec4b5f3332b987604a9ad0e66bb30b8c2d5fdd1,8.936396057945291,295.1754900333978,13.307490949803515,14.290626521541766,242,12,0.061961418356697946,6.983842736479094,0.4305718601953452,0.43454302501463216
train,train/cruz/cruz_0214.png,3,cruz,20291139,08204aca3bd10494b775e6065706149f69cf71abfc72421f1c19e46a0a221b23,9.401675115114648,156.1462054083811,12.929205055560406,12.861108526318535,238,13,0.6178285045227002,2.6788848399218006,0.36840813211045276,0.5100369787214271
train,train/cruz/cruz_0215.png,3,cruz,20291140,e9d52f4f1fcb51ed725ac425eb4bf2c150043b98cd2fb6af89c23ec878137727,7.319408259678167,35.54581146197211,18.25874100254657,14.154243298102966,184,21,0.04731221733836728,0.30464564526282367,0.3825364315295933,0.4798148499461172
train,train/cruz/cruz_0216.png,3,cruz,20291141,e9f6f07d6404bcffcb3250a76e0724436e99adac8b9c36ef17d40cab08032d40,8.807999425337837,243.2598357830126,16.66330940653879,16.158365509953022,254,2,0.5880605337603967,3.063610365640265,0.36139522124319085,0.43778623834367386
train,train/cruz/cruz_0217.png,3,cruz,20291142,d79e635436ed8b372d9c602416a42f739db9ac89a8da6bfab0b92bdaf099e546,7.735356978601429,264.23704380692953,13.242836393329132,14.745231669919335,196,20,0.39373821154348376,4.1281912000452055,0.3701772523856202,0.4346570714997128
train,train/cruz/cruz_0218.png,3,cruz,20291143,741d36cd27aa888a90984a507180f64739253a56338d1a3c67641475abaa6ef4,10.383200154893403,10.140751963620213,14.242132764962339,15.249959036342423,202,28,0.15636112338335414,5.183025886919174,0.4175677742049385,0.4833206634336227
train,train/cruz/cruz_0219.png,3,cruz,20291144,fa75bb492573997cee5080e1482c16aedb3e6851da4b626267100652afddcb36,7.187649847624773,326.5533865042576,14.938939053704164,17.648646460176426,216,23,0.4789307874932907,0.5287378870262638,0.3653906546674815,0.4323080990973067
train,train/cruz/cruz_0220.png,3,cruz,20291145,3eb73623d781f60851fa514b94e9ed66d9cfa8e7aad13f2cc99686967d907b66,9.188466530333955,0.7726461619251479,11.303388087493396,11.279386404121617,212,6,0.36548966284671097,5.8383734715263405,0.36731135898549405,0.4582904939252555
train,train/cruz/cruz_0221.png,3,cruz,20291146,f589ffb4de6d7337eeab2812ced1b5e83c112fadf947b59e43d69e4265ca525f,7.908153945133277,145.14783867246334,13.630071022688394,16.839196053410554,184,6,0.02388230283779338,3.745451307776354,0.3451931699087459,0.4833452960799828
train,train/cruz/cruz_0222.png,3,cruz,20291147,15265668faec906c7c7bc99288fbb169128f1eedadb18c3ed54e621ff5514edc,8.984061214446214,203.95746671692714,15.620131788822993,14.591643827492618,189,21,0.42680271515928,1.0196710302345093,0.3575190859010222,0.45216862059826946
train,train/cruz/cruz_0223.png,3,cruz,20291148,6ed279f2f3cd62b46618de1a86904dfae3687dc18943fe43d5f165d04bcd32f1,9.16791243479289,234.69831523296085,16.929857949308953,15.13678459222222,203,28,0.4124290679469612,1.2083463371785321,0.3385268955694524,0.5101060955650432
train,train/cruz/cruz_0224.png,3,cruz,20291149,2e291f78529a2437ce8fb640238fc315034796524831cc2ac4f7588abab40eeb,7.13509258315966,230.6982510795756,13.53174586287239,12.581294164582602,253,19,0.4827437991406001,1.2887995261246041,0.41488857258725326,0.42611333064513496
train,train/cruz/cruz_0225.png,3,cruz,20291150,bb4b1ae33f3ec780f74388e214c669b5d1bfcc6582d747149c1f95b85c465ac9,9.960999402787635,46.29907345638813,12.884162617465655,14.983433448534818,189,20,0.43848992417208127,5.624434271257494,0.3513271664800719,0.45049043260951205
train,train/cruz/cruz_0226.png,3,cruz,20291151,9e368b0fb73e240dc80981b70e6d3ec1603171f8f391404c544333c0a107a15a,8.567348055200075,88.25609293184094,10.834338537174656,15.68997676865338,192,28,0.5848671614420634,6.626522582003078,0.34925590786207344,0.4994565076235136
train,train/cruz/cruz_0227.png,3,cruz,20291152,86fb13a3c6e87a0787fa6b818c18afd368e107241c9f8da11fe6cb4e34b12c5a,9.836818419508305,195.96436975495308,14.137198113707763,14.64571274932965,214,0,0.5692859652431885,2.9237218770999527,0.35794325065398935,0.49107621101386406
train,train/cruz/cruz_0228.png,3,cruz,20291153,67024575964cb280595f37bfdf84f92175934abbc37106e7d6858800329face7,9.858994965515537,316.5366706897339,12.67270187752136,14.568343197904401,203,25,0.053916085647788346,1.6033917912787676,0.3996931047696464,0.49244488153129795
train,train/cruz/cruz_0229.png,3,cruz,20291154,82f293033bf48752479a4e27cdb117828c7585226bbdcfb8f8317d922543a85d,8.931545050225825,91.51538257611544,12.421426166090605,17.08700498538847,196,14,0.3370171094647231,6.38228266242249,0.4060742690084237,0.4487852136272738
train,train/cruz/cruz_0230.png,3,cruz,20291155,7cfab88f6c4a853c42ccf2be3a058b8de311b5d1f19e4ea11190f33f11514ca7,7.564916554111777,286.3426574609283,15.834743585117149,12.096481780129944,197,0,0.1918474249561099,4.404293845537586,0.34061216823360224,0.48846288856061515
train,train/cruz/cruz_0231.png,3,cruz,20291156,f4d7270e8298378880fe8a734d8cad7625f6aa4ac8854b6bad00917abad026a9,8.294796422829489,325.43903850951455,14.440526305531975,11.71820481598275,251,13,0.312912470550956,0.7124626582892478,0.36411561333419235,0.46452347198863697
train,train/cruz/cruz_0232.png,3,cruz,20291157,9177c862c5d0dd33b4263155a06a9642a42a10f3de7caf8fb734d6307b2aaa97,8.005451863421325,170.6145169003633,11.877798819019917,15.41862540948447,215,24,0.3486406248048192,2.0987161946553696,0.35747668626374457,0.48903132377204583
train,train/cruz/cruz_0233.png,3,cruz,20291158,c02419b066baf147755e9a27adff0c21debe2d1e695c43cfadbf9c6d5b877438,8.725737199205424,3.625516869698089,12.264467077321946,14.13528762205463,251,20,0.0656758115099836,1.1106956657120004,0.3982220844754888,0.5162058508105913
train,train/cruz/cruz_0234.png,3,cruz,20291159,30fbc660097e59792eabcd56043ac2f180600f5bafdddc4cfe4dd72698cd404d,7.998085539940795,358.5981040663483,16.783355893586105,12.309016299225085,251,14,0.21265539374652612,6.578907137778063,0.3729390677134889,0.46222795860866883
train,train/cruz/cruz_0235.png,3,cruz,20291160,c098e4c9aa3601884542086ea49273a5f3e9051b116139399b4d52e7be3f2c40,7.65648390179457,187.1180687999771,9.899484254676338,18.159718254791652,229,11,0.14065356068507448,4.862141191625554,0.3810602896309373,0.46889983984134465
train,train/cruz/cruz_0236.png,3,cruz,20291161,387783924f1c0008af723283407167be44b5c7d8839288a35ffa295bb60a737b,8.967265770360079,42.08413018858711,13.834597367705104,15.690068192242013,215,7,0.02597607460684125,2.819515510248089,0.337624840185911,0.5085623926124262
train,train/cruz/cruz_0237.png,3,cruz,20291162,ce0b6ccaf9f97bedbd71b89d57cb4a16ce4fa5f813b2081a1c826fb3760013f5,10.448488274314991,197.86768754593115,13.922604373229312,14.629635447891841,195,13,0.201905908273541,2.350999150024507,0.4230682764950852,0.4778069226712054
train,train/cruz/cruz_0238.png,3,cruz,20291163,59123194e66fb95f40cf4c4e6ebe9946d1621ef79850be698c72b3c1420dde41,10.464942637187953,256.02764943284205,15.447508940595586,13.925775139111705,224,10,0.53029405039559,5.9676968422814,0.4067425263752753,0.4751040007531151
train,train/cruz/cruz_0239.png,3,cruz,20291164,8684d59578295cb28e990221963dab991df181753889ee2777bd174e300d23f2,7.835800061161529,242.9279465301039,13.820411196443699,18.079931236150358,253,3,0.4763973684453679,0.6430959718621496,0.4251295008653484,0.4634557453042091
train,train/cruz/cruz_0240.png,3,cruz,20291165,46f575e0c41d1d2cb181a89ed622b17d9185e34059e97a76b33c57f4dc00912c,8.496153269847959,220.66542067791255,13.248839513834607,13.951157003802713,200,25,0.03218509829082206,3.7103325534833678,0.3573521958392081,0.4442844779390184
train,train/cruz/cruz_0241.png,3,cruz,20291166,453199fdf2c9368e8946486b11da516814b85e7b2203c2609a685e78191cc474,7.387031979369082,151.27914703733015,17.194017570365983,11.109933380732148,192,19,0.05676461471493989,4.41880079373151,0.3427111336539834,0.4752203917837656
train,train/cruz/cruz_0242.png,3,cruz,20291167,00e868f1c9e5f3863fd347333e993f3c2c515e848344aded561be85e05c2155d,8.942701667184103,317.66090380302165,15.084983761857037,16.990344698415655,212,0,0.18541343292166595,3.0171229650284705,0.3497319611827302,0.4336634123018983
train,train/cruz/cruz_0243.png,3,cruz,20291168,e24e7c9726d1d52a99dc3e56de8e819c0cae05ce428d1a6a906b44452361bd42,9.472379244407822,2.745589664520689,16.519412308450097,13.440101670014034,186,1,0.2504797588043415,2.0344096192509182,0.3420136750675303,0.5040024028327811
train,train/cruz/cruz_0244.png,3,cruz,20291169,2979c997ac83aa15afc8f6f5a51aefa9cd8b59f1788409b40e4a14c0a445a4c4,9.827035787821583,223.8010773834708,13.708850471324878,15.136593305655673,222,3,0.21839865939747163,5.967242069168122,0.3876444167878999,0.4587780935351379
train,train/cruz/cruz_0245.png,3,cruz,20291170,e656df2497cc55808ebaa9a0549d0b8140bc3a37e60948d07af47574d6563fcb,9.439846555250686,357.83075699723065,14.034821253051671,16.539546287634032,243,0,0.5562440386662526,2.9234816188577444,0.32040462089675265,0.4275500305182124
train,train/cruz/cruz_0246.png,3,cruz,20291171,5dcc0b4cbbf90583199a83e941e4c4c636b89ca795ed72a3e54889939246b8a6,9.941437346065484,185.6806006633057,13.796571258926264,16.122923844872297,237,3,0.3977795291210115,2.1139861703191323,0.43288097689391036,0.42828707877507577
train,train/cruz/cruz_0247.png,3,cruz,20291172,6c733dfd4115c4725273ab195716eb5b8429492b357bbaf8e5b43149392b7d4b,9.538025488289417,195.14900473468268,14.798806966936063,15.043139257323766,251,26,0.5829112255681558,6.690412099377828,0.35266807573627995,0.47696502051278467
train,train/cruz/cruz_0248.png,3,cruz,20291173,b3c2c69e223c0e9af7afc92a02a12915105c4f20ee8186615681168dc62c484f,8.143647433667912,229.57864958015622,14.137568784673075,12.188882190330954,214,7,0.5133852827970361,6.735511684278606,0.35696496527513183,0.511191428556796
train,train/cruz/cruz_0249.png,3,cruz,20291174,148483322bdeb78e8b2727e6e7453469b1b01b8cc901f07636277254d692a181,10.455505302962196,71.68465707215827,13.334750252461024,14.538992276824647,249,27,0.08981397157990868,1.4711493538467928,0.39346413090106724,0.475158292494202
train,train/cruz/cruz_0250.png,3,cruz,20291175,5024f1cccc56af951385ff81f0e72d2f09ff5552866aa32317873691d7ed6ed2,8.193054770566828,136.37172209684758,10.195742804974088,14.971469657134897,193,13,0.2211767116555847,2.0633401089060315,0.3404908547354119,0.4776286661954896
train,train/cruz/cruz_0251.png,3,cruz,20291176,ae34273fcf0d23a71119e1a167f0183bd2264bf294251ca613eb13fcb42d7727,8.600922815279658,257.00925248633746,15.977656423915668,17.078139578328134,205,10,0.03393964115484285,6.9228572067565075,0.3890426284189966,0.4462371371910485
train,train/cruz/cruz_0252.png,3,cruz,20291177,dd2ee6c19963692569974db74a2ad2a3ae6fa23aea1cbb481fb12697bbd036bf,9.42265844224411,247.17705435424173,16.400884159605962,11.6439942532469,208,27,0.22889931757960658,3.2637287032541105,0.33994027466490984,0.46074342417925196
train,train/cruz/cruz_0253.png,3,cruz,20291178,e99b62fa43a40c2af6acdad519e7bda6f7165500fc412266eb1d36d802193ff7,10.186314043403183,67.72491852148514,13.723333017947649,12.918917577084997,189,21,0.20980467437513572,2.6395474684939826,0.4395600698807993,0.506295452696943
train,train/cruz/cruz_0254.png,3,cruz,20291179,9fd0285e4782aa6c2d1cbdd4eaca5ce04eba20b48457dfb0818c453a50489aff,7.284046723666869,116.53444497816282,11.479182796266642,14.02525573665903,237,14,0.6052565426474567,5.68114285384703,0.3203429647324207,0.48808858392393106
train,train/cruz/cruz_0255.png,3,cruz,20291180,6b8ba62a9fc0b2d11fed9ab8d45093ef60284406d8a9a0139ad1b812ea10a312,9.590924827961484,51.75528601291396,13.278714202242185,13.808082045919443,194,27,0.2848491942469042,2.9401594586536994,0.39787498722155235,0.506415062094647
train,train/cruz/cruz_0256.png,3,cruz,20291181,bdcb953fc34d21f4079dd31175b0ce45b66b16931f0957bace3ee257709d9d44,10.427833320695584,121.91070573484298,12.744788992737869,13.215308741621733,220,15,0.3889619945647446,5.672327591823125,0.3821232440839922,0.48047715799028984
train,train/cruz/cruz_0257.png,3,cruz,20291182,190d31d067a1acc9e183c75a5d701e91c6d19e2c8edc2462d6e120b8e8d7c7b5,7.324986144697004,106.17741353253375,10.303129773398998,10.724826080821245,189,25,0.3206965113621103,2.430498088703458,0.4023060897963405,0.4599190052629777
train,train/cruz/cruz_0258.png,3,cruz,20291183,3a552ebfe6ca62f0002e5502fe735060b87a1b3c5c3214da614ab147246ee807,7.468337843748431,5.227121739166178,11.171358809341038,14.06302992293743,219,9,0.08680473544737025,6.697571997913293,0.38007388038436263,0.4971575836864899
train,train/cruz/cruz_0259.png,3,cruz,20291184,a8dfc5ed1b378f269add635a243d87da0f4a714bb4d45d53fe4a01fc3f11f55a,7.377394012305212,350.79427552957543,11.029321422645225,16.41385442020354,200,16,0.4974351787924935,0.905913918323492,0.34516972657048245,0.50003274947078
train,train/cruz/cruz_0260.png,3,cruz,20291185,79496e05ce5373f6f50f18cf1473d9b36f38bf659a7bc78cf6ce018ececfe025,8.348574014440125,110.70266943266968,16.22090372896072,17.627430716820207,186,11,0.1759228873320478,1.4609332642521937,0.38563239949177386,0.5112401271897313
train,train/cruz/cruz_0261.png,3,cruz,20291186,f452d5a5e1851ecadd3e658ee531185ad1123d267c73d632591ed254ee69b9cc,7.295590705152943,87.49008043369784,10.45738074880847,18.73251387711673,245,30,0.5848914695631512,6.665802362389462,0.4204225268793288,0.5018611639535396
train,train/cruz/cruz_0262.png,3,cruz,20291187,eeaabd6fffee799f133ff37a1ceea109609e49a17dd8497c5a583678d213faf7,10.374013579882604,300.5239940624551,13.193255574217774,13.692619494757551,214,27,0.22158658564897135,1.5203183203830446,0.3430750687876617,0.4328071076494771
train,train/cruz/cruz_0263.png,3,cruz,20291188,94dfd347c330ddbdc4a4395cb60413a087ba018df84ab14eed925b4ac5630e6a,7.855015267277088,247.77592906607748,12.574373239280323,14.645810654648594,203,16,0.42012407277553304,4.451083755877042,0.3538043434022342,0.4312282142394759
train,train/cruz/cruz_0264.png,3,cruz,20291189,2f75a121c56edfdad9fecf5488bcacb3bf304510e222ec87cdf1d78735965085,8.162082962241652,171.4377348761247,10.53955627913159,10.165877135909025,198,6,0.25320410190431614,5.781475430985747,0.42397236034239927,0.44446317000356184
train,train/cruz/cruz_0265.png,3,cruz,20291190,6d575e423b28a2486f49be9f882edaf603ff323f8e0418e4fcadcaba4182f507,7.902845436154493,233.41038909859773,17.72950543605901,17.02469356885994,215,5,0.1625368837188369,1.1276207623674561,0.369517798642995,0.5071967261213688
train,train/cruz/cruz_0266.png,3,cruz,20291191,2c20b44e98522244dfc8c1717701604a495bf3dd04d9640b422a8cd6b018d49f,8.450945260670444,212.1160208357664,14.723299674718508,13.830805679196482,246,9,0.3763620485323701,3.2973814837733895,0.3471290536631906,0.4296903016375554
train,train/cruz/cruz_0267.png,3,cruz,20291192,1bcdde99574fb30f5d22a45af19dababc26c4b49ec29fca113888082d0b2e579,8.81162421092206,43.882889431789486,12.736522997773651,16.925150837669683,225,0,0.6267779232687063,5.657527584125757,0.37322986907671934,0.479757403169148
train,train/cruz/cruz_0268.png,3,cruz,20291193,5f52b5e6f828487b72a9e6ec32398704206a85ecf736c1136728a4388fa75b06,9.206829348051924,125.02479848355463,14.849407331911202,15.761359037561078,231,1,0.0888098941030138,3.36363060502387,0.39403549419551226,0.4798082209483762
train,train/cruz/cruz_0269.png,3,cruz,20291194,f74818264ae7b0258fbee15067b4cf4cfb8d70dafa1c5df9c513f10d195f7591,7.596319744417026,54.415718915632716,13.361332389244597,13.365222399902658,225,7,0.09321161421445388,1.3446684245649396,0.3221558577543467,0.4802975727322019
train,train/cruz/cruz_0270.png,3,cruz,20291195,5e68871b5aa69879d1d3a0a2bbb8a8e42cf15c999e3522b0410e4acdd986ca15,7.355195133785411,194.78648346666097,12.002445950346715,15.087061886451501,239,20,0.6456592302649478,3.520567952289589,0.3990105431574825,0.43669390077168635
train,train/cruz/cruz_0271.png,3,cruz,20291196,3a7465b2c8f024ab1f4bbc9737dfd5dcae346075ec6b5eb9e907a8c23ac98cec,10.00062393618224,58.36387329213629,13.241172430628298,15.568302712357012,245,8,0.48373049582370675,6.965055255994498,0.4122228018834496,0.47266520843020604
train,train/cruz/cruz_0272.png,3,cruz,20291197,0e4e1caaea70fbd911b7f26ff335fe7e130cdd73cc4f6562ad7a700eb44bd36b,9.974766053557012,322.1270014665286,13.900779748292615,13.548921930796181,181,0,0.6208217174740417,6.180865913923547,0.39477240615462583,0.42110164397691047
train,train/cruz/cruz_0273.png,3,cruz,20291198,52042d4001306ed55a2dd0ccfe6bdcc6c1987d3a3bb3b3924ff759ef15bdd6fe,8.99364569500227,65.62266432004006,16.347807846954623,13.505510282482346,197,23,0.27127566050688146,6.366585478635897,0.42335350482216527,0.44619551747936137
train,train/cruz/cruz_0274.png,3,cruz,20291199,c537659dfa2ed5d5c7bbce74a293c9237c2615da4b17cfdf8729a02cf561f52c,9.5690333438823,140.4642848194379,15.913295973872712,11.409231728059247,181,17,0.2824357314258216,2.923790876465117,0.3538576331937754,0.4873194595191583
train,train/cruz/cruz_0275.png,3,cruz,20291200,371a5898cb945e3850e201c764dffb1ee8ea1fff373e49c809e1e73081361c64,8.182837235476448,125.21097285740261,15.018578846467264,11.792430592446763,215,26,0.5517420141146127,3.8377336356659124,0.3758347764761002,0.4336400088248728
train,train/cruz/cruz_0276.png,3,cruz,20291201,06eb7e4378c2efffee4cab88b4a1881d4b5c8e12073dfcd7cdcdc71a1c1625f1,7.999002377481937,299.14384396901227,10.179259078962849,15.532577069397078,234,6,0.18426116419883384,5.931707794419674,0.39805959830705995,0.4491695522063104
train,train/cruz/cruz_0277.png,3,cruz,20291202,5f04f2fcdb595d17cc131bd3324640a243951f7675c287dc23bc6eac02f7d424,8.064322824219971,102.03929697940879,9.964519321556539,17.967852644230952,230,11,0.5725656087005181,6.087570760497965,0.3395655440329772,0.4641301279273671
train,train/cruz/cruz_0278.png,3,cruz,20291203,c621f7506f0c64742cb07f04512ffbdc0b0d0e182b7e69621c40b302d39e4f95,8.768953363268563,230.68104169317783,10.903058751071535,10.713514257572463,195,17,0.33275013358065253,6.267403322894706,0.40312709452724665,0.4643645264088528
train,train/cruz/cruz_0279.png,3,cruz,20291204,23b1de3c959822a60d738e4c354ced2421abdcf16e49e58bc8919340abf0f92b,8.315507925770705,279.56425959361763,11.92945777954349,17.17554047766025,235,16,0.17716299006514039,3.3636401618790233,0.3428937667438179,0.44076417107606675
train,train/estrela/estrela_0000.png,4,estrela,20300925,de8cdfe6c194185d7267ff2abfbdcf54bd4831eecfa9f2d217d03a1517eca41a,7.416218492760739,101.9160772988002,15.008084315955161,14.802032471454996,203,16,0.6499955504991353,5.513735948575108,0.40521966662340386,0.4334068414730715
train,train/estrela/estrela_0001.png,4,estrela,20300926,53759c91a0be9b94cb91d8eef824a1fb984458fb4239d3f7a0b15e133165c117,9.772745018611072,85.93364461723961,14.37195547445428,16.112316338060786,250,22,0.04701128123006716,5.356452824091629,0.3509352532944725,0.48393686395234986
train,train/estrela/estrela_0002.png,4,estrela,20300927,a83d4f0b956dd4862b8bc2fc5dcbdc85bbae2820f76d78dc922bb56ab90b069e,8.75981959164644,341.4218477052796,13.293189639528048,11.215926399375727,223,1,0.36703986236473163,4.443907982767466,0.42159953953371376,0.5144458357893357
train,train/estrela/estrela_0003.png,4,estrela,20300928,a04b7f636b5d998f5c4ffdca9bf416e42087940467824e0fa9f7252bb4d5f7ed,8.291914234782725,203.3568062482841,15.25980068770603,10.569067555141757,255,23,0.5328676797369378,1.4239566167777444,0.3902989610864304,0.47241571342015864
train,train/estrela/estrela_0004.png,4,estrela,20300929,bfdbd374ad2273128347f631dc1ff3d45af5c1044a0bfe805c8b06e32fe66fcb,10.222856673977402,43.77371791474353,14.138548253474706,14.53233479390833,205,20,0.5160903171225071,5.782526696448465,0.42469387347418347,0.4480319205553028
train,train/estrela/estrela_0005.png,4,estrela,20300930,59475aa22fbced098996185b0f52e158b182b807337021d313d21a87a82e19b7,9.837921465885735,310.9166836666974,14.73363881486317,16.19436649449795,204,14,0.12988667691507433,1.9212863126720672,0.3797710052392808,0.5093909146608832
train,train/estrela/estrela_0006.png,4,estrela,20300931,23cd6eef71bcbfd58e8499e0e7ec51997cc50f9dbef65528e64424cdb98dfef1,8.359603906565043,141.434333175861,14.374116494634936,13.00755234671964,246,1,0.6189224706491926,0.19862880781767822,0.4288969849029032,0.49944581274296657
train,train/estrela/estrela_0007.png,4,estrela,20300932,1185e1027bffeed88ccbe03449d52219eda24a3cb5595c53fb467d83c2d11e81,9.759491186681455,239.96191645434965,15.989200915878314,12.059900481253328,221,15,0.33819913118224837,1.9257355212161724,0.4092862049327063,0.48200471984812493
train,train/estrela/estrela_0008.png,4,estrela,20300933,4b81f93bc0984aa0d62c083e7b96e588b69abd739e6ef5182365476196e83177,8.62747928440346,82.24604548979741,13.197144490610597,17.069866392748274,247,13,0.20990631874613042,2.6368658043473037,0.37112203555268475,0.46183662891718846
train,train/estrela/estrela_0009.png,4,estrela,20300934,11d548d6147f7194a5a37fc3a241a4ba5ebb54dc5bc503654e8a9a95e663e6ba,10.489291392182693,260.8660545095583,14.798659802826347,12.620743975361036,219,24,0.2412297431341768,1.9298483965678037,0.4030864975485234,0.4800666731215616
train,train/estrela/estrela_0010.png,4,estrela,20300935,c79e913ec9e287c0980fbca20894981886a6ef2902967b683012121c3a8b7246,10.008978150290142,124.58139952237832,12.71238124978938,12.602887793879546,193,5,0.09912202372900088,0.3799227883070786,0.37634307829737024,0.44681612353743677
train,train/estrela/estrela_0011.png,4,estrela,20300936,c0fa334337d932e25e52e4a246f6ec795a13d8a2ea449a09f85656c8c6cdc689,7.104965335478483,133.64397460528681,13.508647029542129,17.558551795702492,189,6,0.06065982057650754,3.3468943320560727,0.36912627612272936,0.4214018232407087
train,train/estrela/estrela_0012.png,4,estrela,20300937,1768d0f18fb8dd23ce175004bb5c3d3cc0d80fcc21ab87bda621125b16a0d52d,10.088337921041111,339.88336239301844,12.2701657361283,15.94062962479445,223,11,0.35760378033392276,0.6949545944416434,0.4343996780411079,0.4240962720626886
train,train/estrela/estrela_0013.png,4,estrela,20300938,22e0621db080a92386e19f2669145347630757932d25582e7c0484a41c806a16,9.228374184958845,203.23121963230355,13.372638596733644,14.155982792811745,251,15,0.5365382898849612,4.9453009585650145,0.3896185550811871,0.46745832710291757
train,train/estrela/estrela_0014.png,4,estrela,20300939,a5aaf965f0be0be04e6ceceb77a778ea3a5de0d51a2fa28879bc766932f260da,7.542050671098873,249.77998499130263,15.600101817924468,12.137919864881276,188,26,0.22236734019311433,4.470808499784189,0.39266214185843284,0.43293435094139704
train,train/estrela/estrela_0015.png,4,estrela,20300940,177c54c18d95077dd6b80a34480059e21fbb33b1ae906e833d35827c5a0bb228,8.93472895231806,113.89944882921209,13.005595986224517,11.218918764970326,232,0,0.37816553843696993,3.4730048571984797,0.40583173791016947,0.44840678657795996
train,train/estrela/estrela_0016.png,4,estrela,20300941,86a5e556ed22fbb57a816841753ea1547a702d4024dda9529a02ac5ad3af706d,10.116172215799951,269.4289884867664,13.669470153755963,13.392307895578629,195,28,0.38678259151146377,6.893104002440683,0.3932374318891771,0.4514609783972667
train,train/estrela/estrela_0017.png,4,estrela,20300942,2ee9c0bb3d06f31807b725e24176ae83caa6206452744cdabf2d1ddbdfa74e8d,10.226534607045359,245.81950116495523,12.755093478584495,12.758539963884527,230,3,0.21405439114616953,1.2819132594052922,0.4264267852247851,0.4356577454250561
train,train/estrela/estrela_0018.png,4,estrela,20300943,bd892da3a2063aa89ba08478106fb2ed786ef5cd442058dd9533807ecd43cec5,9.361473097448838,197.19627705018377,12.635526194029532,13.691422681501274,229,4,0.5283058089244749,3.5105644213092897,0.3826197428378721,0.45637625497315476
train,train/estrela/estrela_0019.png,4,estrela,20300944,887fd5daf4645828a3cf312df77858ff250fbf0298bbcfc3f652a15423e6eeb9,10.020264516158363,169.1368348450313,14.038452504375257,15.154143101921454,226,5,0.10658057828461244,6.544207863996235,0.4163045566075353,0.4741670481552615
train,train/estrela/estrela_0020.png,4,estrela,20300945,99f2b1207f6a59004b8f1242ec643c02e2ebbf4819de626d957a9e6700515eae,7.155399385507745,301.14328854645134,14.984519482872203,12.957054018570776,188,23,0.09337970292433274,1.668274333344971,0.42015379016672405,0.46032084273636253
train,train/estrela/estrela_0021.png,4,estrela,20300946,b7fcca1f77dac138d2faf5aa5d540c824f597d134262ad1b4d78b3ef6960939d,8.298714340577474,92.53524225949549,15.168008617191125,17.069009869463176,253,10,0.11249049312547316,4.602947914686499,0.4143370829854569,0.49984384749341726
train,train/estrela/estrela_0022.png,4,estrela,20300947,82580f789c3cb63b956edae10b25673df3931e185f40b7d1cb1d261491700757,8.210263026728615,182.40967112580245,11.733042594647703,11.682105152491191,232,14,0.3831883964083161,1.3091517507689658,0.39901809939500454,0.4466609661720836
train,train/estrela/estrela_0023.png,4,estrela,20300948,d542664ec4395573e9a18ee607c8ae7d28a6ac3fc24b52f3c436ed8617620d71,7.284322726362271,68.30995096695341,13.536262346307026,18.774120175136048,255,5,0.4081724203300256,6.443610070767034,0.4381254310229873,0.4671449578951685
train,train/estrela/estrela_0024.png,4,estrela,20300949,7b2e56619e7ff545007f581a5f9257433ab4ef6871cbe03a9edccf1e60fb5827,7.9697566130458934,30.14815134878633,11.722264449846598,13.683299366236724,236,5,0.4819907131251782,5.628232524305694,0.34413379055611665,0.4242566084156482
train,train/estrela/estrela_0025.png,4,estrela,20300950,1189f2cb69eb82f024da20727a446404655e1ef46206d6b5ea1dfc6932cc0f18,7.944180649945118,38.77110460916965,12.0669519742868,11.156245631200148,225,26,0.2680283501566839,6.122855059838259,0.414270791725015,0.43804929350907357
train,train/estrela/estrela_0026.png,4,estrela,20300951,359336ad513fac411970a3a2de05c0d79677954a0299603d08dec1ac9250fab6,7.120957255512799,222.83212704634985,16.375058021185048,9.979518815154247,224,30,0.24774605285694717,5.9976195272568535,0.4111414826270927,0.49730495670744107
train,train/estrela/estrela_0027.png,4,estrela,20300952,d79eba4694b6b0f80d88615218edb782e5c5eb33f22898fe961c09bbefed6631,8.663684289011849,65.80050880373744,14.010791612350591,11.308776860502562,248,3,0.2616102471422827,2.57875931601865,0.32749092077678743,0.4431572786419631
train,train/estrela/estrela_0028.png,4,estrela,20300953,dbfbbfe18bae982c07dd4efa9447bfeab70cd5ea2f8ced81747a54861b74dc66,8.830714506271574,131.9686710321285,13.493746568143926,12.826773398634582,244,28,0.38802367721354336,6.435907679968996,0.3445674114250291,0.512652089555805
train,train/estrela/estrela_0029.png,4,estrela,20300954,d406d0aadea71fd836ad70cfb5170f85556e2ff33377dbb059161f146774bf8a,9.998085474247297,277.20741339153614,13.504558106339509,13.598073781439307,240,6,0.45596068097756626,4.482567692354811,0.397060773289116,0.424374456749762
train,train/estrela/estrela_0030.png,4,estrela,20300955,3f27c9dc3115392ea30c5c0a5cf14fdc8577e9887972d5fc3b3f9df0037ea991,8.5882171718631,44.9432471418829,11.29142201468333,10.864601528294806,255,28,0.2521397113862004,3.880744829933639,0.382009109274263,0.46936695532722117
train,train/estrela/estrela_0031.png,4,estrela,20300956,a2038798adca5f5a98fd93a52ef8b3e79ee2ea2d7e4d2559b2c599df3c46cd8e,7.291051253625197,334.3796424245244,17.7441451458866,12.636018025542906,219,27,0.5885517211063249,2.5964610164449793,0.4273086591983728,0.43731178130922144
train,train/estrela/estrela_0032.png,4,estrela,20300957,be5eef474019a8aff8c3f1be843cfc199e6804042aadaea1ee94198b6bf3eb6b,7.622466762323709,251.93381839842226,14.314542913632604,9.947128719978359,253,23,0.19869611162189174,5.077168673569094,0.34645874941618415,0.45468970314744606
train,train/estrela/estrela_0033.png,4,estrela,20300958,588f826405f1b34309e40192c18cbe78c1e83af58a46e30f46cfa8b9d7835590,9.615588180783092,70.00959496606247,15.577204603638826,15.161840171270214,230,21,0.6031470027087973,3.858243372842865,0.38419032161988453,0.43173734864427166
train,train/estrela/estrela_0034.png,4,estrela,20300959,d8fbd4176a127c1671e333433fbb2d6cca91b34cfab502f0bb1bafb77ef730cd,7.383532552942234,78.41051759597545,13.036130376991707,12.509082692150784,189,20,0.5355630405254498,3.3072871262523185,0.3784953339275322,0.4449301504419753
train,train/estrela/estrela_0035.png,4,estrela,20300960,b78a7cad04876fad628d9a6c1108b648fb3687405faeca97252fc7956c38d0a8,10.358397210912582,272.721343985042,15.548765918366653,12.413986160525239,224,21,0.05348566810496003,6.459876232698571,0.3214157623146942,0.4443466445734743
train,train/estrela/estrela_0036.png,4,estrela,20300961,cfa6f37f0d87fc8812e6e0b9dcf84fad60f7dbe267759038b18dba4014a1056a,9.052228889891614,45.18656182175538,11.68389018690228,15.494685842007954,207,11,0.11345895515421459,2.441668538060637,0.4172484810267099,0.4363422935731031
train,train/estrela/estrela_0037.png,4,estrela,20300962,ee7c8d3bf28fe1b69193e3b3387b1212bee6c264aecbdb3eed815ede68078cc3,7.490118603907046,323.8978042082183,11.171963298971793,16.060995096145792,233,5,0.13671477751367986,4.259339521882095,0.35332664533527913,0.5106194780030802
train,train/estrela/estrela_0038.png,4,estrela,20300963,34dda25bfbc03cee201ca53fb549dfc787367fcdf1cccf368a755cce1de5f6a5,9.655637960154083,238.4995056198144,11.553517388322685,13.013783866355391,184,13,0.0768800604162447,2.536833217388759,0.4292890033431137,0.48488781086835037
train,train/estrela/estrela_0039.png,4,estrela,20300964,02248dc75adf8b7fa31de11d70fe051080a20fd0c1bcb580a9c395f01a730a92,9.790484763835064,51.36907139909383,13.836808875115912,14.386973498181469,238,7,0.28335242122918847,2.3446251100624895,0.37374474237342303,0.5080198896832419
train,train/estrela/estrela_0040.png,4,estrela,20300965,47a4dbe5a06126431d4d6abff4785d5ddd4b9ac621c3a8156d2e8e50a31c2b2e,9.230759005638651,259.17770754915114,12.169372857764586,13.259437639901568,248,8,0.17354779228530623,5.464187451558777,0.399094457709418,0.5000279670395927
train,train/estrela/estrela_0041.png,4,estrela,20300966,ee89607f74ae88810476c1ae97f331ca37d50f99aa25a5116aa34a1e2e54981b,9.376079721786496,48.79268787722093,14.579135978836879,11.457266800874876,237,7,0.18791422427975163,1.2101607324549812,0.40171992129446543,0.48090223686720707
train,train/estrela/estrela_0042.png,4,estrela,20300967,2622ed757d4176ecc16f6523c1ada3e7b4472097dadcf46ce5ded0f7b5355727,9.031456529906825,248.538908418253,13.648779693669399,11.72498504446509,225,19,0.17786556083007227,2.7267957356384236,0.42716741225173843,0.42175640284791066
train,train/estrela/estrela_0043.png,4,estrela,20300968,88d4bf641b51204cfd8fae449df07377902832e1375a3964151595afb663a799,8.587390682598596,116.4897227082009,10.725717462457615,15.285158033856586,253,1,0.6073880106236054,3.141660966390922,0.36141778424088644,0.46534307109662143
train,train/estrela/estrela_0044.png,4,estrela,20300969,83f7f31782fa96b2d44cccad4633d61fc6b12222bf04de1b2d0f6d5b96b84207,9.091420777551164,245.26743743093908,12.644293963824047,14.094233775157095,242,30,0.32554487082732103,5.839878688896257,0.32680427694726144,0.4761722192628339
train,train/estrela/estrela_0045.png,4,estrela,20300970,aa2ebea1e23c78282bba46016ec2edb31fd1a8006406295d290e4345efe6bb0c,10.412028618942493,281.16937903933973,12.265603615434246,14.513369734444746,206,16,0.3518013505979451,4.329441921393126,0.4127712185833231,0.4297432860965858
train,train/estrela/estrela_0046.png,4,estrela,20300971,f47e939dfd3cb64f5f4a6cc053816a9a21680d6af48b9b4ba27424b7ca496d7a,10.354576139593577,324.3860433959828,13.974458153082118,13.83063252203877,191,7,0.5080958219859414,0.09266053611965752,0.43425378402352033,0.44000632134422824
train,train/estrela/estrela_0047.png,4,estrela,20300972,5a9ebe4b9e8ba7e50e43f3e82e974195d72f8a81fd003e759ba986b31a83ff45,9.249897142221782,207.6257743795192,15.510169285353427,12.341241754687253,181,16,0.35108256701591894,4.4867271292375825,0.34681414330554616,0.512069258290859
train,train/estrela/estrela_0048.png,4,estrela,20300973,d252ffd69eb4d3f3f38060b06f3cd733413c301fecf1036d71d4b803621cb398,8.884316414074778,116.063003274036,12.524107842891956,13.70805701362283,243,20,0.6197609726620426,5.9965831651321695,0.37553445828317483,0.44908284208583366
train,train/estrela/estrela_0049.png,4,estrela,20300974,bce712046d06451a2717f85e6b14deb2d767c0e0b08dfa99a962435aa8b89e38,8.07984300343221,5.4805384150538305,10.121298797208487,14.54208640335115,250,5,0.1659179920881104,5.442450345740509,0.351442140438349,0.5092124163744419
train,train/estrela/estrela_0050.png,4,estrela,20300975,13efbb3022db2305799636fbf6237c64d6bbe0af0df0f4fe5b2347308bae34f4,9.217597818735467,168.17429415119355,15.633000323736322,14.966226471349993,218,15,0.016484847929211927,5.505981678459911,0.4225096937303492,0.4888364814025722
train,train/estrela/estrela_0051.png,4,estrela,20300976,fc107a9037e4d44fef8f11e5aea3c2f977751b793edd016b456259b854f1cafd,7.659685757259431,117.76601352752375,14.85093458775836,14.949401374882033,191,15,0.00952298408973259,3.441168127780912,0.4249188258174484,0.42693214443199307
train,train/estrela/estrela_0052.png,4,estrela,20300977,d6428c647e4c2f74f5a33d2783db4e7a2cf20a12f22e0d0bcc9dfa1c4d9570a9,7.032431224508163,223.62291883946554,12.952232411106165,14.18465896621348,228,6,0.2822963352953986,0.9947845285478545,0.3816007594564053,0.47271099416628404
train,train/estrela/estrela_0053.png,4,estrela,20300978,06627dce6798ad5ac8551fdf768bbe47faf13b56a662fe8ecfde414f27ad02df,9.303690208212851,218.97580435194567,13.287464601882071,14.992176477095516,205,5,0.08614093497149071,1.431884353217899,0.3595145818455071,0.49873344232956457
train,train/estrela/estrela_0054.png,4,estrela,20300979,a0441ab14d8350a89788441a24b8dc17edc6187036a0d77541e21d75623fa712,10.296274244259495,335.37914957784557,13.69592645498302,15.668013168725697,255,12,0.13027800062366962,1.5827422271505172,0.32481953647603373,0.47873624215679667
train,train/estrela/estrela_0055.png,4,estrela,20300980,15922fb47b49bc4a30da1ce16048643b43e203a6a613a2419e94e49b2791d8cc,7.0271383700036925,130.40463549212794,12.827444469099696,15.542018320040384,185,10,0.5530598123447555,4.1378278443904595,0.3693472537963853,0.4892437576835632
train,train/estrela/estrela_0056.png,4,estrela,20300981,ed781a28ac230ec99bb05ca1af8bcde9c07d26997f9329a43eabf5552a041e2f,7.882051819666423,349.52187070923594,18.226937245707298,11.812526935235681,234,26,0.5535346083170445,2.698092661568551,0.3848873092319622,0.50538420470343
train,train/estrela/estrela_0057.png,4,estrela,20300982,87c37b5e801c8104b2d075f6e5c61d23a17ebef3c00521085082793cfc6a1bc7,8.44497693648152,2.3345928807605487,17.744414155453327,11.80624160722762,227,29,0.018766150814566413,5.438257885385762,0.36912520469673,0.5153538871967951
train,train/estrela/estrela_0058.png,4,estrela,20300983,be944ede3fe846862aefe0a4de93fc1ef43654f75de3734aab03803f3f849836,7.760266438829305,277.98841686746664,17.726717652312644,11.45469267174602,185,5,0.17120631681829984,0.9569554238892668,0.34117990898455397,0.47311433811683
train,train/estrela/estrela_0059.png,4,estrela,20300984,f9b23c8571991843acd2d4c73a68c535d80ebd8fdc448de0c15f2cbf5fd53f3f,9.528443929560197,94.47677729408369,16.43409900157551,12.0583952544918,208,25,0.03878046304998491,5.181751644488741,0.40770791361798775,0.4527967501768301
train,train/estrela/estrela_0060.png,4,estrela,20300985,ca1605d45aa110db2aaf27483b412e0b907b15707a207d3a0aab130a2a72d3e8,8.034574162646678,167.34413153960634,12.929454875291476,11.107614023764773,218,11,0.5644535328763872,5.113449977952137,0.3209033844969603,0.4317350264833066
train,train/estrela/estrela_0061.png,4,estrela,20300986,fd28a0e00b280aeccc6ff8e06f0dfaa2c7931303d4181a4fbe4d08c1ff802127,8.951854506411687,196.04595295008335,15.60976832216883,16.983243959919676,242,2,0.4771108141324439,3.8839111779317994,0.3378162646338047,0.44205979363487446
train,train/estrela/estrela_0062.png,4,estrela,20300987,d8d23bb33cdbafae3a6c0cfa23b120197949fc1252622a7e3eb5f534a6084d82,7.317679915934418,4.775552757572541,10.13243051173397,18.0740881817549,187,0,0.2643170106321158,5.116083861589394,0.3900150577091836,0.4541306564021922
train,train/estrela/estrela_0063.png,4,estrela,20300988,3bff311a1f6ad35e0e943fa6e3c76866c349629f7d4a905b9c25acb085419d16,8.82719466248334,287.1461165044844,16.712467054697505,12.7862727336614,230,26,0.41428084712447655,2.0353927606972744,0.3268334264444016,0.4610101216695047
train,train/estrela/estrela_0064.png,4,estrela,20300989,dba9f870c1eac32721b3752043902138b291ee56d834d21bf8272e837cc05589,9.617038586027324,127.02394253489545,11.818257132512734,11.919914049481362,191,25,0.4267877136779687,5.061875468974634,0.3965519872469314,0.42212246494457994
train,train/estrela/estrela_0065.png,4,estrela,20300990,78a6de1447828faa188dd13236bf5a8d4723c4bac168fe0876e6677fd39e1757,7.984152340397255,294.9231886430327,10.908093364594674,11.429712432020162,244,28,0.14505929668154205,3.890138454351268,0.39909169395473776,0.507796451297345
train,train/estrela/estrela_0066.png,4,estrela,20300991,a3b70957676ba3887ed88e50e16556f40a3f47468d25f69d58f6c47074590ff5,7.507666300514695,91.96311469165329,11.564933704524393,13.28367866043197,249,17,0.3908831191950218,3.1064423010521534,0.4216674576834524,0.5188143229860732
train,train/estrela/estrela_0067.png,4,estrela,20300992,8d350e8b7c25e52ffd24ad8a93e4ebecadb88bdfefbcbde9b6960422e8c4a2ed,8.325815702792976,40.21359714102708,12.450178502352816,14.72965794563056,227,0,0.18537435089123885,1.4135910842656425,0.3609889238017522,0.5008299381926948
train,train/estrela/estrela_0068.png,4,estrela,20300993,bb3e479d215061f1854ba12a6bb1e0a7bedff89aab68d0796253f1381e372480,7.575185240832304,31.673586303806406,12.462256441939642,18.033906279428038,229,7,0.41997590538012514,1.5640942753592948,0.3750346552413381,0.4487200178539661
train,train/estrela/estrela_0069.png,4,estrela,20300994,7bda6823ab50cd5bf236c0829ebf69ece09a2b524484e3d04ee9ba649a24bd06,8.251486074717711,299.17480103020466,11.827994136434045,14.720865143751213,254,15,0.23159400040868114,3.8891150561636607,0.33905859979867686,0.474535580805567
train,train/estrela/estrela_0070.png,4,estrela,20300995,06daa09251d1e2683cf86cc4529a4c6da2a906c6a4d3893800ce439aabf71bd1,8.267786043148822,72.53080206845536,16.775186914791192,11.517537764965148,219,11,0.2919601091642916,1.3992629484948416,0.3805189554569466,0.49821392665790004
train,train/estrela/estrela_0071.png,4,estrela,20300996,03ca4233dbea85809e1e05dbfb8c2b080e4f94c074aa8476339e23aae03ba589,10.434341169029418,20.82459082108239,12.544258983238656,13.45281902981285,242,20,0.635526845773453,1.923725310991904,0.4179467430533292,0.4923907161319281
train,train/estrela/estrela_0072.png,4,estrela,20300997,c38a91c17e2bbc3e290ee2c8661c7574fac9ae6b4fac167d1310c10237ea5d20,7.028675628919336,232.58850826748332,10.599228852111327,14.28756771249601,249,4,0.5214881430945123,6.557951752706427,0.43524452282587284,0.47186248866310426
train,train/estrela/estrela_0073.png,4,estrela,20300998,5b7fe7938d95ff177bc6c6d7f3f820cc817b3fc19d85c60c09bdeda806481661,10.425856639981555,296.8150528458183,12.811373290190732,14.756925336406127,246,18,0.14928311807592784,3.5232501672045613,0.42347392062827277,0.43519864580023676
train,train/estrela/estrela_0074.png,4,estrela,20300999,8ef77c42f793dd6c31b90a95a4c49f7ebb7b0acb410670766edba664af714874,9.957808949222528,96.00280499058103,15.571201952246714,13.260581573308842,255,26,0.41858915428871585,1.1089332256508013,0.40275654204686595,0.47712872329510203
train,train/estrela/estrela_0075.png,4,estrela,20301000,463a16d05c367372edb679c8cf53be1fb0bee6c553e4f6c3368450cac2a6a876,8.058555205548444,167.13934249731642,15.111483466225305,16.212691166411872,210,15,0.2644419372986291,6.491435235460582,0.3869230471596357,0.48913494015670017
train,train/estrela/estrela_0076.png,4,estrela,20301001,3b7d355035cd4aa3b77f482cee10fb494907f0fa7ec23d150c00cb499c8de755,7.62683807435292,308.91123301350575,11.855617826204963,15.0197345249491,237,28,0.5813529181609557,3.944811446258801,0.4312042040111909,0.4513151397513668
train,train/estrela/estrela_0077.png,4,estrela,20301002,ba7fb4fe552a213271f8adfef961da539461c44597b555d1ed5352fc4ac3f204,9.005991621699744,16.792327113798105,12.20269454855888,13.536155561622909,218,8,0.37998039062039596,2.0986532126591744,0.32979027747677475,0.47883106239965495
train,train/estrela/estrela_0078.png,4,estrela,20301003,ef15ff5fef2e0d2b820dce482a6159c293d09973506f3034c24bc5c976b409ec,7.326755284196858,308.7812669970448,13.351630426638268,9.18761236713994,208,27,0.6039088530042054,2.8761000201461098,0.410544846871904,0.4302344584386126
train,train/estrela/estrela_0079.png,4,estrela,20301004,5cbaf6b1953b574e9208f52bf5d6b01a52a77551f1e847b7e51fa82b994b589f,8.300909977432706,175.29989885515405,14.583749149480678,10.482407940711731,197,10,0.582011531192288,2.434192330078253,0.4108350474444712,0.48816524542999384
train,train/estrela/estrela_0080.png,4,estrela,20301005,e249781132927209956c7f4fc0b2c0426e98cdf571d1f93cda60ef5f2c217b42,7.3143723666720515,116.91329649895071,18.190992474616813,10.628330466838841,218,24,0.27583705832297056,4.61035430812279,0.36014608521130187,0.4911967293106308
train,train/estrela/estrela_0081.png,4,estrela,20301006,21650f8e959cf4d8a5d3bdab30bcaf0a3f277ea0883c1473df99c61a56c6d68d,7.775066395405671,317.96835156117845,18.344134337760813,17.15265824593043,197,2,0.5185308089926507,6.525428711729478,0.3697786475125776,0.5156739293306285
train,train/estrela/estrela_0082.png,4,estrela,20301007,c7c54401c5cee1f199230825b465ff3afdce66225b07e995331ba707ed770d34,8.821403675248527,305.91333895910907,13.177083223676785,14.452673562277043,222,25,0.5146371333382573,4.372237008196658,0.4341395390838713,0.48932949741798104
train,train/estrela/estrela_0083.png,4,estrela,20301008,674d6f07892891c937ba078ed36b3fdd2ff931cc15b91605def067e4f64662f8,9.334977711854322,265.1000384741376,12.06509074096256,13.685078245140414,247,16,0.3402018587655496,6.772894299148141,0.3348695092650217,0.46804489677681155
train,train/estrela/estrela_0084.png,4,estrela,20301009,d4c470eeff7e79bb65cd6f66102ffacc128e2dd82af3c0b219af1e43ac7fc03a,7.879394802382659,73.13659337556867,12.975022386814425,15.399538995363844,181,22,0.3655524173782969,0.011663571599254352,0.32858181526130226,0.4643880401211815
train,train/estrela/estrela_0085.png,4,estrela,20301010,b12954cf4c689df8afb4115deffac273903f36415fc814684982c7c9f381a6d9,8.898003538753285,323.64714872570903,12.199619349945408,16.79406891555706,224,30,0.35640659760984167,2.0499891675135373,0.38973482801935555,0.43211969424762214
train,train/estrela/estrela_0086.png,4,estrela,20301011,797c9f70ffa2aae769170eaf54d95e3a8751c3afe14eeb92dc6d4195b5a1a340,7.807483042211661,139.33047351728703,9.964091102820099,13.74898857123026,243,24,0.2709211883085507,1.4546878185075514,0.39834978524954046,0.42030084461268075
train,train/estrela/estrela_0087.png,4,estrela,20301012,600026b2e6d658d29a746ebe43cd8ce837237fbe66bfb92c9448e5301b9f6275,7.5852949404106855,235.24592148458183,17.586542367138748,12.182345471531573,195,12,0.48104986259465154,2.8918929008171306,0.3236656397021145,0.4487865907111414
train,train/estrela/estrela_0088.png,4,estrela,20301013,7908e8a502498b67bbeca12fd01cc6817526e25f452b546a9dd9dc48d40f2570,9.977042502791322,239.30601895097328,12.36739591825066,12.571703684836104,215,20,0.318012766898191,3.7467166574979642,0.4235613389595607,0.4231455853980652
train,train/estrela/estrela_0089.png,4,estrela,20301014,d8418dbf30b98d34967e698d959ef268680a6a8d2e26aaaf4a0657653ee9c825,9.560015086348356,167.68971284379322,13.200033085478804,14.570205585462983,224,18,0.25751645001643475,6.221255533117621,0.3989135431812763,0.5013562205087825
train,train/estrela/estrela_0090.png,4,estrela,20301015,e4cf8d768a2154ebd6ab085836f4e642759f65b18950fd5921f692c78321a614,8.311696419893856,37.93893837470504,12.719324874257728,10.348315666818898,234,15,0.15420240485508485,4.155846413384713,0.39857886759657124,0.5190534703347572
train,train/estrela/estrela_0091.png,4,estrela,20301016,3f1e5f91d696a30e86acff4433db3b1135d7388c4c0c55484f3294e0d7e5818f,8.035905905127281,148.22046920624837,13.543907600739384,15.783576940395232,250,3,0.6189370705509587,1.5887481173472433,0.3909326235456012,0.4206763341191672
train,train/estrela/estrela_0092.png,4,estrela,20301017,590271c06598479a99a5eed66aecbb027a223187d0dcebd11d55358dafcbec0b,9.000688156756166,68.21220588964025,13.823603314412813,15.885532297234501,254,16,0.0015611892719097076,0.43021497724741486,0.41634649804795887,0.4235185160049958
train,train/estrela/estrela_0093.png,4,estrela,20301018,3a4c951d61c3273f2a965cd018055f4168435ace890d83f0c3029bc8154aa26f,10.070259938893006,145.9937456628584,15.116967433409474,15.698039531694494,238,6,0.5642230207047787,2.0964601056554475,0.38682594546637317,0.5193180367419865
train,train/estrela/estrela_0094.png,4,estrela,20301019,309fe16e417044213a1e5c684dcbf05ce8729e535219f9e0d50accf8f7b03b0f,10.081794182533715,123.88898994467161,13.18810850107386,12.505417664645202,203,8,0.3972248697463991,0.47561884790027587,0.41338897467544794,0.4236330060282972
train,train/estrela/estrela_0095.png,4,estrela,20301020,6dfa48eed0d6f0b28904a11dd6e49c2b3d66c9c8c32cb2d0cdb47f8536a3713f,8.752619771555514,13.325026859778886,15.591190022397697,12.959790887633822,189,26,0.40043606183799524,0.9868102020674658,0.32542282090527147,0.44669269724589467
train,train/estrela/estrela_0096.png,4,estrela,20301021,1c4555e4711125378382ded62795e2566e9c0a8193840d8b5b4d78639b898281,8.091791765194532,247.46744932385226,12.760684602891876,16.175648639457034,190,22,0.4975265944002538,1.850309702732581,0.32222918814552187,0.4533235980101986
train,train/estrela/estrela_0097.png,4,estrela,20301022,57bb8294ea2ad7737623ce0f9379486a62bcc0eea79df2582564fc5110e9fe99,9.948137592221315,255.1751497123196,16.135359107228606,14.275652759073592,235,7,0.0918653061873922,0.18196459514220165,0.4187784427450424,0.509773744328115
train,train/estrela/estrela_0098.png,4,estrela,20301023,7be9b90d68ff63785554f922c94fa11e9f338296f881abcb489fafca7f64d6a9,8.256803092271836,87.27970923385341,14.376056130498352,15.93979678552088,187,27,0.2015205041152631,2.731770591045475,0.35593394807042833,0.45505272380993567
train,train/estrela/estrela_0099.png,4,estrela,20301024,13a4bdd34e1609184a0baa288de2caf0134bf6eb460ce4eedd40605d0f120a58,9.658129373411784,147.1002277259001,15.882965986475684,13.033120708754938,204,5,0.005161480118284295,4.007498395510263,0.40463672161708963,0.4571752872063805
train,train/estrela/estrela_0100.png,4,estrela,20301025,3a171d32f0feaf26149dbc84899200554c6a013598b4c7de613cd545c6d1f1a0,9.061146287260648,51.80631186853054,12.401525618527762,13.960813993495222,181,14,0.4070269640472594,4.088751435412124,0.3885893289184271,0.45194632460613154
train,train/estrela/estrela_0101.png,4,estrela,20301026,38235c1accfaae0330869d20e70e9c3d97574c21cfca7fc0c234ba183458e464,9.566302936042163,94.92290503042878,13.926551236100856,14.046485625802655,206,22,0.3135052908124886,2.347333083839876,0.43784069657939717,0.4248330610608196
train,train/estrela/estrela_0102.png,4,estrela,20301027,3b4e4e338ae451ab2eb07f90c731bff42933a1a113c2daf49ca26cf7430a7c00,7.488388911673128,222.3116103538804,10.078002663392697,17.492669398404573,194,30,0.5229789763787939,5.936448881618029,0.34338318826133113,0.4517116078852187
train,train/estrela/estrela_0103.png,4,estrela,20301028,ad0968dcee6944732db8907f8e74893c4863fe9d3e9f848c0652233207ba4500,7.352721760321782,38.901965543077665,12.677996245710123,12.485257412337187,237,12,0.11309497616031335,6.061414531287057,0.42197845629774466,0.48818613655419474
train,train/estrela/estrela_0104.png,4,estrela,20301029,f9207f770cda0f051b114c038f6872abe8e105a2ea9ebd88acf098ecc17928ca,7.4789029437263395,131.46016397760093,15.106843451320486,14.570059458923687,244,24,0.0014737400558895886,4.590780432795751,0.4221920979634606,0.49347726405562
train,train/estrela/estrela_0105.png,4,estrela,20301030,12efab203a3fd1abead2897b39844a51b7b443f1c274b3a137df8e5756b5bf0e,9.028448861799573,278.40717601959136,15.164821305150745,12.482130082021122,203,10,0.3338897849627776,6.4218927204332745,0.33690802055554164,0.42205591653182584
train,train/estrela/estrela_0106.png,4,estrela,20301031,87115e7284458e37d8465812b7578d9d42e41b877fbd1a7af38e410fcaaa6869,7.8968112738375655,137.12211736229196,13.649881696560229,12.521829128355892,251,16,0.18444470282126438,3.325715171544286,0.37608584658339655,0.4552522453483959
train,train/estrela/estrela_0107.png,4,estrela,20301032,44e9d4a872c11ba6aebb033d68c7107274e3ad98c2de8400e80211bad47cf8d8,8.09332198400373,49.451498951830914,14.618196248654163,13.18923643183621,191,9,0.18968457077397954,2.522179448722756,0.42407947675687324,0.4562718901603403
train,train/estrela/estrela_0108.png,4,estrela,20301033,1682c48776a2e9af03cb34025dd16d92297329cd60163bb1f7626b9e9f50e6b5,7.286235669223333,42.62766862344873,13.415716075396343,14.939691094159347,216,14,0.42374335322252105,2.502961944663501,0.328773313080793,0.49399318820169863
train,train/estrela/estrela_0109.png,4,estrela,20301034,2040e48c46d01e2ae9ed289b3cc1945c6b4d68df0d0edcecab5aea92350fe29f,7.03726098141971,353.5578759232414,14.726761066372134,18.158165835700622,186,11,0.4205804553247154,3.9839481859880985,0.43486456297801596,0.4347616605676605
train,train/estrela/estrela_0110.png,4,estrela,20301035,52f770aef4efc5e769495c052f295c802589f9687722b9e433b77f95d9c82154,8.004775468639336,3.240252719907204,18.06474879712245,13.169281167572437,215,6,0.3294434951123051,2.610042498978166,0.4108931312061973,0.43407344483316007
train,train/estrela/estrela_0111.png,4,estrela,20301036,3fedbe4a5e3c707e80230655783f0626b1e50eed13c5f10d0f098ba670e861f8,7.575285695169785,268.7187585106267,18.086696150109752,10.68506969303463,182,22,0.3397458602712417,2.4914376998151297,0.3903759990975525,0.45512989731691
train,train/estrela/estrela_0112.png,4,estrela,20301037,f1cb4558c39926402c7b7fd8cd65b38a66453372e4c817c29bb8a522887d4299,7.212211718551023,18.108937668090057,11.89073030118288,17.72070690628321,251,20,0.21274755330232195,1.9335510779188154,0.3478840951821906,0.49561237509858935
train,train/estrela/estrela_0113.png,4,estrela,20301038,e5163b5469b95a291fce2f5e7b24176173ce820e0003a9e67f3efa02a4468efd,9.88922591831896,23.159945889476187,15.422120242095902,15.635772233577903,227,2,0.02213549496369399,4.0411098308777245,0.35962994173853186,0.45480862412653655
train,train/estrela/estrela_0114.png,4,estrela,20301039,d0ab75773e88039186a5f02f2e6790cc4e46de6c36b97c634678c75b2fdc1b26,7.2161171954765875,132.39376663556368,11.978883636201143,18.317267002938646,248,23,0.13792107222924943,6.181803622305192,0.3513237081134285,0.4293771419738324
train,train/estrela/estrela_0115.png,4,estrela,20301040,edcb12c1222bd9cf58e9d4f7f5c1704494b39af7f82e9edc8bc783fa45519dca,10.006045464670384,316.295663801772,14.72978006282304,12.368523461898496,196,2,0.0826589322367768,6.908308954520006,0.4057323412612173,0.4540752620611733
train,train/estrela/estrela_0116.png,4,estrela,20301041,e0f3b2fe971ebf6895dcf8df84166050df95d82d1bd7fb4b2107c6c1dce0f228,9.8280687146625,122.02243503087121,12.298041520946997,12.927008464393374,189,24,0.5912976430734612,1.354985952877696,0.35717491978451643,0.4407841696681904
train,train/estrela/estrela_0117.png,4,estrela,20301042,31e0f929b22cd5c11ec5878bb13bf0f929c10a9f06f74f62d6cc81dad550fd2a,9.362077619551144,295.7389887719235,14.78917134489557,16.322022090650197,180,20,0.08671211530138909,6.038718754329851,0.4138025479413988,0.4504614082070077
train,train/estrela/estrela_0118.png,4,estrela,20301043,7357b6ce604c075e88eaefcdc0a2648603e0b0eff921a3198e778f867ca7b5f3,7.391540966039292,235.40602544903285,15.44945712084709,18.098031685849236,198,22,0.3681765591021461,4.554707387422395,0.3827102230281879,0.5156125216949048
train,train/estrela/estrela_0119.png,4,estrela,20301044,eadf57999483004fb4897e436ec60ab5f0c8e3c194870392744d21b399294ffb,8.509212828896974,13.777262706937051,11.42845715730073,11.96032154523494,206,9,0.23857938655742045,3.4987388653499862,0.36520685136405545,0.45645378748155696
train,train/estrela/estrela_0120.png,4,estrela,20301045,e5d2a0fa216b86ec861c5ee65ad7b34d3cc06414523c1a1ef3213694a111526f,7.849114513163708,338.85740748299156,10.417707969074545,13.415798511843018,219,9,0.31646041383434853,0.1716402104085224,0.4000076040976175,0.48602769710828697
train,train/estrela/estrela_0121.png,4,estrela,20301046,fc1498c04f1bb84ed1f2f87f7dcd11a95f684b33460b84c46fe134156d8d7594,7.34282953639243,231.201772517351,12.976808664584555,16.89978255940302,248,27,0.2898890501019725,0.8952395955230321,0.3739054761393307,0.5017983545675201
train,train/estrela/estrela_0122.png,4,estrela,20301047,4d7969cab72b9bae32eb19c4e4cf0e88d6d5bf31f4512668be48dedc68ee4802,8.081897633224164,299.2333258014902,16.633424915785525,11.37888824008127,246,19,0.5173517107786685,6.1669926528937875,0.33773622117500046,0.45225920100937783
train,train/estrela/estrela_0123.png,4,estrela,20301048,40521a3d4a9b2c9fdb4557b7cbe96b1901606592b0653704ed31f095889de58a,7.845308182168546,252.13097277201743,11.798100203409383,14.650024281270696,189,6,0.6223907213353208,3.5480447984497734,0.40023047181451327,0.4911895565873515
train,train/estrela/estrela_0124.png,4,estrela,20301049,0493288986c0a9514d412550d0fff9110cde368cb2f7cff4a0372ab9916db09a,8.562543227373757,229.5370057966585,16.05265043197868,17.407358493819906,196,18,0.4422305764673096,6.001175780727266,0.3891497265858908,0.49544275512575486
train,train/estrela/estrela_0125.png,4,estrela,20301050,d5a5aadb08dea7500a0989333a1edc50b0cd44fe42fc6eb61af44537aebff76d,8.333507483194456,54.837774385096665,14.544926853444508,13.92668373997462,215,26,0.2996200201765927,6.64497617958507,0.4177243632893637,0.4955375614727846
train,train/estrela/estrela_0126.png,4,estrela,20301051,493087e2420d90a24f39eab9108c15664c30e8aa50e727dda124cc9c9c2dd005,8.19223980572333,182.1152892994153,11.661508321661604,13.575553560543586,192,14,0.5939234190867947,6.292324851113336,0.37888008821356434,0.4513070125162434
train,train/estrela/estrela_0127.png,4,estrela,20301052,34409d15163466967862581399c13d2ce104f1aa00f2834837f39300c51fc76c,9.717111929804167,287.20906388820885,13.066086916269633,14.724015707817252,216,20,0.44513445114565664,2.248137487959242,0.32983567125604446,0.42134873574847603
train,train/estrela/estrela_0128.png,4,estrela,20301053,f8b378dd8023b9d415d9a9b67be6866759b31bcf9c1758847dfaf692422185bd,9.101497894293312,88.5569105652016,17.045746503259654,16.11393072466747,239,5,0.05951270478936707,4.1269562223268235,0.4036432937151436,0.49142717789744583
train,train/estrela/estrela_0129.png,4,estrela,20301054,271432a6552d21216e0251c2ffc353ec1c43aa8302d233bfba322785a4a8588f,9.71565971867198,332.3532311780221,12.517295397359124,11.865011890271347,235,28,0.4843191448229343,3.833726711950928,0.3413930051230183,0.4627817262691896
train,train/estrela/estrela_0130.png,4,estrela,20301055,fdac2ca7d0f2326addeb7d28cd2eb031b5912185583aa5c18c79f28d0e50182d,8.915782963318883,65.43986080906504,16.44373065436353,14.050919598213783,235,6,0.44826676718335684,3.1726729578923134,0.36219453817754765,0.45406199517485435
train,train/estrela/estrela_0131.png,4,estrela,20301056,9215db400037c1dd57fee313a33d13482025dc117e6fb50ca07725b3bab7b7ba,7.216245332741112,267.57910823783226,18.523376732126533,13.81612473090781,202,28,0.4950841520808869,6.638035202189165,0.3678457515485283,0.5149158442578944
train,train/estrela/estrela_0132.png,4,estrela,20301057,0d0a5841d43a2d81658cee2812a6b28303a4de74a227feeead5fff9082b7f744,10.20356119333472,79.78035338490973,12.436318354535342,14.65073584752989,240,2,0.2237345028634584,2.2923655367946463,0.4059140305882395,0.4943220595752819
train,train/estrela/estrela_0133.png,4,estrela,20301058,8c1901d0ea347c2127d08a138a6bfcbd6629a626a5d9aa2deedbc9362cd6f891,8.940186404041826,194.25879459407386,14.516115725498913,11.541187776756512,221,1,0.008430013325474479,5.524531888386184,0.3570493504951298,0.4854023716292252
train,train/estrela/estrela_0134.png,4,estrela,20301059,ad81a8bc89fba32cd721ea3d1e0a605e1cf3f0b5bb459caf99d9c9dec60c013e,8.071396986062405,290.5454500217248,17.933612318224323,10.004432471051816,219,30,0.5184974733387213,6.9121881595776395,0.40043979333049184,0.45497638223053244
train,train/estrela/estrela_0135.png,4,estrela,20301060,28288a1bbe8e758ec4a0c5c528002857a5ace0e2eca9f9fbfe7b69b8a39df68b,7.237737359336539,312.7022914995298,18.897883965193476,15.045125207995003,241,5,0.3702943041011374,5.869508649339221,0.4056799961534521,0.5197767304065926
train,train/estrela/estrela_0136.png,4,estrela,20301061,c57fb34f63a085f6bff56c474a09cdf3da7c80c7f1003c6d19df1cef26c7ce06,10.443794816948976,338.8244447659154,15.164915196474118,13.323789642748018,244,21,0.6012950362030521,2.898828620711715,0.3238993962551625,0.4816105815492455
train,train/estrela/estrela_0137.png,4,estrela,20301062,2c5a794b9fa77f346e663f9b1c6f1454c9253400dabea934a840a9fb25ab906c,10.045564833365923,185.98457622416225,13.007557799740905,11.869252021939495,229,27,0.04176905990580466,5.524210541904182,0.3447645638466463,0.5121216748278331
train,train/estrela/estrela_0138.png,4,estrela,20301063,6b627b682675d7b5f04df48f5ad03fd5bd2a339620595d9076b868a1cca3b3ef,8.636341112420025,152.25905460699607,17.185413501193434,13.128857727465906,203,9,0.2757115384949585,1.7289135081406486,0.4255651126869822,0.517050299841279
train,train/estrela/estrela_0139.png,4,estrela,20301064,228dd79fede0f7257d98d9139b2efba507d1fa412e8e8cb1c1448450ab1132aa,7.972029443763964,243.19922115529295,14.436605039617373,12.115071321300984,200,15,0.6365195371818133,5.907488458945869,0.3698844572375762,0.4371548979801796
train,train/estrela/estrela_0140.png,4,estrela,20301065,0f282bd5da1c9bc979907860f077a749e73be69303417a51c1af05b498dc0ca7,8.648479013903174,263.28573647573495,13.881233572211352,12.189471077002736,227,30,0.18080979737000666,0.020826341764994316,0.3725640060031111,0.4736975952735461
train,train/estrela/estrela_0141.png,4,estrela,20301066,64708ca30024c0d496a592b2038b88560e7f84dc2788d72b5c6c1a97c5beeb10,10.114013675630503,310.9932409640824,15.379622955021564,12.956824006387595,205,3,0.5373362617116646,4.601519633928031,0.40076614449261505,0.48150075896361233
train,train/estrela/estrela_0142.png,4,estrela,20301067,d4c773ad740d7e3190f1f31fd594283146dab50003649ebb7b959309501fc854,7.352450487300393,271.21188476988925,15.660361528894422,13.032476703931426,199,22,0.6017177497953448,1.103347173706391,0.39831512705858896,0.49763058849527264
train,train/estrela/estrela_0143.png,4,estrela,20301068,dfb1eec31e127e1d703e5a297060cfafce84bec9bbafb2cff5d62af0058473f3,10.259234485802168,10.664004309472137,15.907363652712446,15.793258037097456,234,18,0.16965359208287106,3.5704104194616626,0.4372523041102734,0.5098921592175036
train,train/estrela/estrela_0144.png,4,estrela,20301069,6227fac6590ae3337850a3660106d1e92c62dcc557540f1d2889ce90aac96e33,9.706779826362727,303.9859855820016,14.215040961016719,16.477264099472603,193,30,0.6289394587466862,0.10380351897716344,0.3573141606548299,0.464065679960504
train,train/estrela/estrela_0145.png,4,estrela,20301070,39f20e21721d2eaf71318b42641193a64435b1e99da2b4337e51f5ebe503aa70,8.47695100032296,70.94628557300919,11.068882640796176,16.70212854447404,200,19,0.3863012603715671,5.997116871242025,0.33560738787608685,0.49281280304436714
train,train/estrela/estrela_0146.png,4,estrela,20301071,d75e5c5e93172a89a2483a16cfc58ddd9ef0a92013eb4e3fc001fb2bceb675c5,8.342380816070367,253.49513288879837,13.801699910613346,13.918524814544659,240,13,0.5271748997048434,2.6238823619009395,0.4234438384517846,0.43914543598135863
train,train/estrela/estrela_0147.png,4,estrela,20301072,16a0d1cb79af6fa86cedfabea909d271e5e060423db7324c3efce6a5559c83ca,7.905935740974982,168.47850807387047,15.504050553877986,14.514823518747045,246,15,0.4506926908291044,5.97297008137385,0.3790273646203147,0.4594231693595048
train,train/estrela/estrela_0148.png,4,estrela,20301073,eaaffd58a7763761bc6f9cc96e3dc7777d9062ab2b19ca8011e6bc9cd27c154c,8.89856040247987,71.13787955208721,13.922714309742398,14.947871782805084,227,27,0.28191442890445484,0.18927957917520255,0.3846257337395357,0.49138533555910313
train,train/estrela/estrela_0149.png,4,estrela,20301074,a508e5d2e8e779b1ee8622c74c6e05856d082d7fad2489a4895b6f76ae8aa8ca,8.022721858638977,75.4741444178083,13.624547117331819,15.886454356674431,190,24,0.02811580414635716,4.911392521318029,0.4265910724437615,0.48008957895452586
train,train/estrela/estrela_0150.png,4,estrela,20301075,dc3a0282565ca0b99f20026a2c04da278d2bdb5cb65a44d2dc178eba7aff17a5,7.602665182313004,118.83945152349473,16.135656709685055,16.883729139246043,199,8,0.5709118217474708,1.6344051501187107,0.33234412952925024,0.4251012921981714
train,train/estrela/estrela_0151.png,4,estrela,20301076,149cdd23ea230f8d381e0c7898944cd8e7a07a6b85d40caca618301c46ef0303,9.059029222139426,80.26699338430227,11.131109080894449,10.964207693101553,222,8,0.3431806049465158,1.7835717934834188,0.42136743095738066,0.42308699007049483
train,train/estrela/estrela_0152.png,4,estrela,20301077,36f351634845a66267aa81c5a4f5014410adab2ff651e62ebd20a9448f34651c,7.753448411856104,2.1597714801452828,15.531812181618548,13.588800106335917,187,17,0.30712933159165645,3.8564414911847313,0.3853989867927299,0.42303125864348373
train,train/estrela/estrela_0153.png,4,estrela,20301078,8fe17c5eb4e3e79413ad6f59c72e23c39fc4d665beed0b7e78b39e2ef1bd1444,8.160661118978737,269.8788641913443,17.972523960943466,10.930666791683889,215,17,0.5825723998818161,4.28311083336401,0.39638268680375793,0.4895753048471459
train,train/estrela/estrela_0154.png,4,estrela,20301079,3ba0fb5464140195dc8a1b88ae6211cf8ed755f8aa623fc99b6e814fc3e7eda7,9.549836210155325,28.430040508146558,15.864760046358642,15.229151767726357,202,11,0.2733076066753103,6.400967082314686,0.3596985640906207,0.5036532167247104
train,train/estrela/estrela_0155.png,4,estrela,20301080,ab2f03e3f7a449dbfad806cf331517e566b0d6d4c30ba8c91a0b5b57afac3d34,8.052989206171898,168.92955309166086,10.156134848636523,17.35877210842615,236,28,0.4118161374351293,2.673954058860015,0.34111804475925517,0.5138839440683617
train,train/estrela/estrela_0156.png,4,estrela,20301081,034b1378088a901b00dfbaabfd5118d642347f5ef7d6a5da1369c961a9c5afb0,7.438288320543898,213.89622929091033,11.22108243706191,12.506464880011322,255,8,0.47132100882064165,5.716445479075532,0.3899126906722053,0.46712937635229534
train,train/estrela/estrela_0157.png,4,estrela,20301082,cad09a52721c2543164cda2fee7ed477a12910fae0857d635a3d80507cddd9b7,9.95202318813374,272.5517925853851,13.477539781115063,14.013616813929037,240,7,0.19219922019595004,6.76064651779717,0.38072042373272363,0.49098422512101264
train,train/estrela/estrela_0158.png,4,estrela,20301083,a377d5de3fc206dfa3527ba85c4e7af7cf3813c669adbecc4678b4dd2aebb1c6,8.646621728299904,63.244864070949646,13.628066406239581,13.531407262537124,211,22,0.34661238480725126,5.5374100281506635,0.3323375311942338,0.4976638641860003
train,train/estrela/estrela_0159.png,4,estrela,20301084,142862eb05bd8e7dc13c16971d5f4793d3db11cf8e611b7d85f4fa08de344acf,10.416447020823464,247.74029705258505,13.734522425141318,14.308439687749402,255,27,0.10515130428673748,4.600243787821491,0.3301593047459933,0.4349077051423532
train,train/estrela/estrela_0160.png,4,estrela,20301085,f6bac22cf3f08855db6c098e6f6b3b0a203ae232453a7f1c6795e202a12e5864,8.85827420759671,233.43757042157787,13.350565250364978,12.003179062613924,217,23,0.41263036352038485,0.8082123773322649,0.41762429895298303,0.46008463211143785
train,train/estrela/estrela_0161.png,4,estrela,20301086,039cb2bc7adda5cdce9f615d3e3e77bc875e645744255085e2b2549c0f16c399,9.643054973177208,89.58106639721473,15.321773241158265,15.438891974984214,213,11,0.24320431754554858,3.287194303483601,0.34936226018341304,0.44148165114187155
train,train/estrela/estrela_0162.png,4,estrela,20301087,fb2e6f51b7cd5591c32da42e0ee5859cbd558a5b47add2ffabf958ab1d815a31,9.75185221201976,259.6227627755338,11.69650491358845,12.310637521868303,213,22,0.0305378577553503,6.321565625325565,0.3473690853026678,0.46359285194838573
train,train/estrela/estrela_0163.png,4,estrela,20301088,3de418e96de7e54af62a81d5697522def418c5efc5a1b6ed3bfae31ee7598fa9,9.306578246661235,334.8504673406953,12.477053709809724,15.880184912996608,189,12,0.35618386607864205,1.4688908372850151,0.4198659837337942,0.48900711809648023
train,train/estrela/estrela_0164.png,4,estrela,20301089,4c2e0dec152d33b8d90c81b1deaed99a4713fb0d4420e841d80ebfb0edd400bd,9.382683337686037,236.32392121439872,14.330600491930827,16.798536528223245,206,24,0.03302123605803202,6.081969687755913,0.3843560282038702,0.5051974256225081
train,train/estrela/estrela_0165.png,4,estrela,20301090,023ed323e6a36a10a7b1af1654ffc18dd1fa12449016d4226f8863aaad033f4f,8.564107265367555,120.29150255212899,10.880362655475283,16.455287057156397,240,12,0.3583583983426933,3.674869253447311,0.3817920771673794,0.49699813498881096
train,train/estrela/estrela_0166.png,4,estrela,20301091,378f06608bf97d8773bbf9ddd5bae9b6e3ef66543e8105993452891db1f18272,7.680511583617927,245.63917881131232,16.59647690016137,11.503251918416055,215,26,0.40976831423125387,4.952791487205623,0.41068706704195174,0.5103265244862363
train,train/estrela/estrela_0167.png,4,estrela,20301092,8593fc508d84d86bbf17e5e9cade164bab7e7909ad7e2a511f47ff65e16dd174,9.920166034707288,151.84838574429907,16.081552295726684,14.028787987033164,191,8,0.31915168207765265,5.539171456213358,0.43839415724459485,0.44810463760144675
train,train/estrela/estrela_0168.png,4,estrela,20301093,121ea31b163f3d60bf9b36fd3854667c623d7b769091fae58f6fc0954615a212,9.183242803725848,192.56200863034152,16.95589296666087,11.283040084085938,241,19,0.37605190258933885,2.814924991753043,0.39385195396530454,0.45803367839679815
train,train/estrela/estrela_0169.png,4,estrela,20301094,563b9f59e258ec583307f52ea2bff727c60071dc02896e71d385e432f4abb973,8.912613764364922,273.2072626847018,15.523800694158226,14.771858989234603,211,16,0.46376630303018995,4.715318769087512,0.4252173653191412,0.4476226041339071
train,train/estrela/estrela_0170.png,4,estrela,20301095,b5d03ac29f76021249a94faf0cd9a49b8572bcb0f8d148a800568dc8d067bd0d,7.7862251468546555,166.4535701666689,13.523262234200281,16.93586039252409,195,1,0.15215079272001425,4.778837246225855,0.41581189965945403,0.5009212737328758
train,train/estrela/estrela_0171.png,4,estrela,20301096,05fb7cefd8e58f870fbe0c76ed0ea4cfeb62a391a065f47fc8e0cf664d127db2,9.317372306640694,170.1660797234493,15.631999792215574,14.251819404054482,180,4,0.20832641681572173,6.117104429214905,0.40525188129277434,0.50257229608454
train,train/estrela/estrela_0172.png,4,estrela,20301097,262bb66e8c3291552c36cb91c21aacfb8f9aeebeb94ecf39200f8d9829901130,9.831090856014065,226.65385458680734,15.194683834220799,12.929480948838805,207,13,0.014682158257484269,1.640042269402563,0.411392859554885,0.48687457156383473
train,train/estrela/estrela_0173.png,4,estrela,20301098,26832dda57430fb5ccdfea2dc60600ad9d8e6aba53283289be7b8a15f5856e56,8.695493996409894,301.91432992547954,11.867189345085334,10.519665196441004,204,26,0.190943942646049,0.5036602703558071,0.42551053912049086,0.4368161653289533
train,train/estrela/estrela_0174.png,4,estrela,20301099,b3035cb25b4c7937d05332fe6fc9b93c85567b741ed28861ecb8bc92ed35a5de,8.15524734351432,229.50234007597325,16.116839269042856,11.801767006475204,183,19,0.5291496263414077,5.535015708277685,0.33813325898456215,0.4873316400728912
train,train/estrela/estrela_0175.png,4,estrela,20301100,69593764a69b09c571f5ecef7d1d5e7380657434c2eb0c07a96a8505688b8292,9.449658422738604,328.994813973111,13.21373863641245,15.880425564648064,195,28,0.5914128832705883,3.2242293848677153,0.4320646659287293,0.47379445487492733
train,train/estrela/estrela_0176.png,4,estrela,20301101,ae69bf48a54796169f6dbfc4b909747f966f6c3532995f8e23c20bc21c9695e0,8.55535741056869,121.45717753060582,11.856067112432664,13.053845008220428,184,10,0.1693712450645442,0.5389563565635059,0.392904346620295,0.4912152057247817
train,train/estrela/estrela_0177.png,4,estrela,20301102,4592f8529a894c79426f750f44ff3e96b7f2c2ff747ccade55376d7b0099b5fd,10.329457366440973,101.28741398696783,14.793777004616071,12.425844191561865,238,19,0.2216508538506739,1.5250404558321713,0.39762370582207673,0.4821660760884316
train,train/estrela/estrela_0178.png,4,estrela,20301103,d44553d1f380ba8b2405afe0c565cf3a395a5e5b11fdd149f07b1ce30227b4fb,8.205158439809606,18.746251215727288,17.759663291668762,13.464094180710468,188,15,0.22959677204894074,4.913673915405475,0.3846496235768471,0.5047340286707271
train,train/estrela/estrela_0179.png,4,estrela,20301104,ee5320d5f2da0fda71032891f083eea6eee8f000f5f9cb2f400835642ed6f917,8.639289223642379,71.22981220591058,12.015404362171871,16.497912833430224,197,4,0.022160091701780887,3.566073206725899,0.36017598810419743,0.48898253698781
train,train/estrela/estrela_0180.png,4,estrela,20301105,608f696b10d67c50d5a908b6a1a6633e192bb6fe08ca22e601377b0011537709,7.200620697767113,115.58910900501543,14.120055817601006,9.673981116699707,207,6,0.053491918745962846,4.301475930195945,0.34703396503840006,0.5116245884439441
train,train/estrela/estrela_0181.png,4,estrela,20301106,26aa97f1e26472caea7cc5bc03cdbf5909c22eb10ce547cbb38804723b92399d,7.758482989610087,116.43617560741554,14.564698494625704,15.960314980508041,181,3,0.30725852583158086,4.807246554473106,0.32709996152372234,0.49090532381395874
train,train/estrela/estrela_0182.png,4,estrela,20301107,5fd1882bdf436c4c50cd3090bdc333ae1e334cca1826205bea848d38f3f6d303,9.5550848994049,21.965446760353764,13.383858527557546,14.812046119157518,245,5,0.07515387668883235,4.709809077037438,0.4321828248815565,0.5097084940072844
train,train/estrela/estrela_0183.png,4,estrela,20301108,9a5cc4b127de62793b344803790b5b99589db5c3e8c7582e6c02fdf6264fd269,7.136865274713625,58.476994054325246,8.957386713626228,9.950362742423025,189,23,0.10690394670200358,2.9548191312676133,0.35012881351876063,0.492857406768313
train,train/estrela/estrela_0184.png,4,estrela,20301109,42cb2c0bf84e38f91401e191e809c5aa2fcc427e7f39d0a5954aff9e4c828654,8.683008121306326,211.35440813261164,12.14932459753329,14.499677548619498,226,30,0.37076416274688045,5.359814868144879,0.36027173392275097,0.45374206585769794
train,train/estrela/estrela_0185.png,4,estrela,20301110,626592ff17cc7652e13c316d6095e3512ba782faa263f8fb435fd360e31e69c4,9.588197014511318,194.57300883265748,12.543088700047242,16.062645198088248,245,8,0.4495245482500788,2.833785349720738,0.4259956818900974,0.4250735659991014
train,train/estrela/estrela_0186.png,4,estrela,20301111,5e0bd430fd111ae440ea7ccbedf1d91c44a704b3c47d3990743935af6402ea27,10.108122887051294,62.16966661620945,14.37817244330659,14.017871189106398,200,9,0.097341431409933,1.9634805039306116,0.41168562334714576,0.4747997673859553
train,train/estrela/estrela_0187.png,4,estrela,20301112,05418e70df1dbe0852761bfb1d437a736f2e61443f05d89af08aa247ccb4d32b,9.320494446370583,328.10243641554854,13.497525488449599,11.54943334863854,245,6,0.2533409019218731,6.168808549861263,0.40271522269979576,0.48616925943721134
train,train/estrela/estrela_0188.png,4,estrela,20301113,1d5b76faf45d70f19c283ccf2689ffc926e0f0f872e70a1fac0613aae46df16f,9.758577189395046,81.59817301828726,13.276083941586911,14.163331957143479,230,20,0.3821450771190311,3.3974076691972206,0.3463059144084107,0.5053057749981915
train,train/estrela/estrela_0189.png,4,estrela,20301114,db9dffe7d6e0a193ea1f2994cf96ba0d9968dc3f6a69f35871b68ae27add2ae8,7.757738799483,203.2969048829393,15.38376041663286,16.284702103675283,238,24,0.4133438796915098,5.865022865671103,0.3779380712964732,0.4919975627761961
train,train/estrela/estrela_0190.png,4,estrela,20301115,7c19ed7d6a50dc40b813108c1c346e82c291b1e7053e479d21ef86ae7131063b,9.708768968944554,238.54340986826725,13.264374671996048,15.161493348151849,254,24,0.6019113384373519,4.074344433217439,0.33475835080519445,0.4739637676080607
train,train/estrela/estrela_0191.png,4,estrela,20301116,0060c33394865451967d59ea83b19943c8a79aa6727a7e285e56c1118f0ab985,8.261845948071732,83.19815239804154,11.969803070207918,12.865270706396979,212,25,0.41845963543164166,4.915053233819119,0.3998966501195369,0.4285942753586092
train,train/estrela/estrela_0192.png,4,estrela,20301117,fec36c257fd7c5ddab3c6978b4b84d55c273604ad0c4e1f96e6fcf10bc738b89,9.607571614551146,295.99673434895425,11.55395620167876,14.545395486470921,252,22,0.09203143438985444,2.5179791125352855,0.38771227468638253,0.4739987738894827
train,train/estrela/estrela_0193.png,4,estrela,20301118,5fd6610b9af4958bc7fb5e6cad84b54ec02f5a852e984d0d2a9b4ec0f7c9b529,7.430754850089556,149.1240156194716,9.750390703662946,17.58327856217755,207,16,0.5060623312743048,4.624226657581403,0.3858626604552926,0.48904838640517134
train,train/estrela/estrela_0194.png,4,estrela,20301119,4dd4cd57beccb0ef1e4d98943ebdf07298ccafe253e8a6007a8409b9394c2d99,9.07371939712758,169.43563246375305,12.483551803448213,10.969357200212995,210,24,0.22359491820393804,5.191036689232082,0.38677327550267854,0.506316943244445
train,train/estrela/estrela_0195.png,4,estrela,20301120,f0d18fbeb57e22af36bd94c3d5284e157c4373dc9c394cee34e840b6e22ba554,8.79083392814563,307.84811919383804,16.213949869675865,14.450328408500374,197,4,0.09501613907303769,0.9494503308066223,0.4023090625990369,0.4443652882339254
train,train/estrela/estrela_0196.png,4,estrela,20301121,f4bccdb61d026651bef406f407da322392544bc0b01ba570cf2ce13df89b078f,7.9459576446296625,91.55302067819514,12.970230321244038,14.311997561286624,207,29,0.14516642670818722,0.19884389045781303,0.34513668108381457,0.5032009782047779
train,train/estrela/estrela_0197.png,4,estrela,20301122,3ada722f22e33abc0640a0001f6bd3482dc53048117c74516b41bf28f73531d1,8.790758946660285,2.500013444939393,12.85887321967284,12.61314103688441,188,11,0.04348056464907915,4.309779940053899,0.41746242632219344,0.5028074580500741
train,train/estrela/estrela_0198.png,4,estrela,20301123,0e24b952f53c62a7434d2d5c115fc020850c93a0446a2e09ea4f962cb813a5e2,8.301614749772844,301.6223639566813,13.808731379711077,15.549841012751912,205,25,0.5734474621132891,4.779379101010182,0.3604585359018355,0.4871527699708134
train,train/estrela/estrela_0199.png,4,estrela,20301124,f29ea3d57aa7e271e0ef2d3004f1a8b1c37b5dedd80f6a88a2644e43eb1e1bf7,9.772320168686436,346.45986009200885,12.06236240569371,13.920765134424421,206,7,0.004073846034395828,5.079637119051677,0.3346372080522423,0.4612095957492161
train,train/estrela/estrela_0200.png,4,estrela,20301125,bd3684dc9d33edea963a355678ca77432b7108a6428aea8a5ade2f070e40e784,7.177750309322219,99.5827670901601,17.582392933749475,13.323091140376343,245,4,0.4789960125631025,6.721393587795915,0.39166173146477373,0.49188272980034686
train,train/estrela/estrela_0201.png,4,estrela,20301126,ca7c2efaeeaef826d13bb16f5d77320faad3a1179929c24b419dff1855847409,7.352599108686544,3.359358367968883,16.40205848935111,9.34557343433366,180,26,0.055135083922787265,6.192259232301992,0.4384749032596019,0.4843047676163685
train,train/estrela/estrela_0202.png,4,estrela,20301127,21cccb1b3bae000653c87ea0b8230e25bae369b389b99e7d556318d76e67897e,10.013285602032902,141.4257783355978,15.201407399438146,14.28032192315657,225,16,0.3270632049965627,3.2765898998148653,0.3538338827092413,0.4788196606450016
train,train/estrela/estrela_0203.png,4,estrela,20301128,714d34786ae7753afd813ae9fd8bc7aa3f918f482f6fb24eb4ff4ac038970ee9,7.972269613356207,276.9165188962898,14.397543642910005,18.181584124211888,210,3,0.3533188918853538,0.15671756508438583,0.4158637788040814,0.4631706622130921
train,train/estrela/estrela_0204.png,4,estrela,20301129,fec17efc12798e7b344557f8881a6da20fbf2915dc70654815d4ec6db17bd895,10.228342037083976,35.61125188848707,14.057938331746495,12.13226251303933,252,19,0.4348456429533517,4.65439458606087,0.3671571756104575,0.4328840473080184
train,train/estrela/estrela_0205.png,4,estrela,20301130,d7d62bf6ea27c4bb3f38166a4b9d302c5ab9408584e9483b9b6627393348b5c6,9.449356517439607,321.3727085691863,13.969725113536738,11.256895019313637,182,15,0.1197860088552865,6.783750507011852,0.4178874482983628,0.495223103261078
train,train/estrela/estrela_0206.png,4,estrela,20301131,35b0e455dbf1049f3751eb10ef2844af705d1e9b4e8ed27db93f9246e96586a2,10.047265076377442,97.21110243663709,14.286391193915911,13.801205487606955,238,24,0.05995091757023129,6.131931463611435,0.41516757579044855,0.4917134950917434
train,train/estrela/estrela_0207.png,4,estrela,20301132,59c64261f04e5c5e2a12d30a2a99cf8b3e2f064fd52a2360a10f9b2cccc0963f,10.156690215979346,67.25443478498292,15.05626405829777,14.604612167245563,248,17,0.031655847778023355,5.752685441743389,0.4043730890764733,0.4635344245612666
train,train/estrela/estrela_0208.png,4,estrela,20301133,0f898491966e667a21491677dffc4b6445fe056d95c8b72910b69f6b624901ac,10.039791057791454,178.1890291930351,14.988447735687863,13.524442134167554,230,4,0.5365148135681636,3.558031146838762,0.3246067863071336,0.4865205626196295
train,train/estrela/estrela_0209.png,4,estrela,20301134,1e40031effecd7813a19a5f380a0591f552158e3202304faacb35709305df3a9,9.898724795182414,205.24928974684545,11.777531039573143,15.514808404132634,194,29,0.2457124037519443,0.3224693155930449,0.35228737591218423,0.42981667949913216
train,train/estrela/estrela_0210.png,4,estrela,20301135,fe46f69007d0892e61cfe843997687071367135de7640542b3aec490861cc355,8.290540752546326,133.55981589523117,12.643750806371532,11.484063717535042,220,4,0.47699055811217966,1.0968276906336456,0.37430114265166775,0.48218217096952015
train,train/estrela/estrela_0211.png,4,estrela,20301136,0c36696d297eaed25dbbbf655aabc521992eaa8d1fbb0f86aed45a2f4cf85a4a,7.074341854329886,166.71551944847087,15.975071858367116,11.272979580238367,212,1,0.07791797563388335,0.6510135908697582,0.4118899434497504,0.4354240975244259
train,train/estrela/estrela_0212.png,4,estrela,20301137,c13cf89387f672f03d8a60bde7a575399578a5de0f132613b88a6186b54897a6,10.021682036979175,11.658736645320898,14.787522004399408,15.002908694839231,234,29,0.13383860130440042,6.7209782247557035,0.3685624598782208,0.49038780787773206
train,train/estrela/estrela_0213.png,4,estrela,20301138,bd67f2d0e4d528651ed8c1630f4d37f2f52609cb485a5d7ddae2d92e40ff6ef0,9.166246741943288,356.0191448949891,15.884743408282159,12.15916132528951,196,27,0.38608917979060076,0.009290684825180917,0.3383582169769566,0.4216152001003727
train,train/estrela/estrela_0214.png,4,estrela,20301139,5e190029313ae6e009c5f4c6315bc0e0c3454e32c08b6356e6294e068ca83760,10.063667853623127,271.6627318062056,16.03054832726562,14.338029128896506,210,9,0.5570655922362692,1.7981774942634439,0.3869907112641861,0.44923698883949853
train,train/estrela/estrela_0215.png,4,estrela,20301140,4c7f37f1ac5f65a1e9fbe551d579d742e0419cf66340bfc433e7a026748fc41a,8.171970922439733,209.00806613946622,17.76231923921901,13.987517541906993,209,29,0.3985017334890298,4.415888497307919,0.3461486569990992,0.5169662277428357
train,train/estrela/estrela_0216.png,4,estrela,20301141,68b8669acddb3349f26ec8d8f1868038993c85700b622459adaf2c0fbd786b10,8.953159540271752,83.2332378784473,13.72716823902582,16.024027098803025,224,0,0.3836688501853327,3.3149373851265684,0.34256707862248403,0.5086814705106744
train,train/estrela/estrela_0217.png,4,estrela,20301142,2e2e3546e8acb25fbc3fea7c6f1e18e124d171e8086d89a2589e6052ec0b0100,8.321748820988226,353.8535330238198,10.232616571302797,17.597805897350373,190,17,0.3921212974365087,2.095839485840176,0.34443950582998706,0.4649049225559079
train,train/estrela/estrela_0218.png,4,estrela,20301143,b359c200fc970ae043a011f04526d8fa4d82da6d3d8f30ead24e7ace26aaf252,9.93806455586417,111.7158789027458,14.394719085116602,13.755054055304727,231,23,0.25209589588492587,5.704537511051861,0.35967051183838894,0.43504950379075313
train,train/estrela/estrela_0219.png,4,estrela,20301144,90a91ca62a7e4c98ac6c4f08c065c183c18f91bf703d257c725b2a50c80e2f00,7.489334730135673,260.76610988659695,10.615150822328689,12.65352588513718,202,3,0.6245672367113158,6.890945963116777,0.3287893376269301,0.4389237368058743
train,train/estrela/estrela_0220.png,4,estrela,20301145,c8123ed89a6e10beeeeab47f24733a776244ee5738dc68bd01b5b448ad356f2b,7.898969049067436,142.91902194468702,10.064654501469569,17.755064672389032,191,6,0.17058883837266642,0.4165229392024641,0.33766364761701295,0.4573379851164469
train,train/estrela/estrela_0221.png,4,estrela,20301146,a00f863f41cff113206b5324989762699a3cd226bbcdb2a6f7ec5a823c4e8f0e,9.927558244525683,239.9134884553557,14.594143761819435,12.235894321362114,227,1,0.17206445848067906,5.436231417500641,0.4205826877635413,0.47191793589108033
train,train/estrela/estrela_0222.png,4,estrela,20301147,7af939b6b87ffbd31b6bc8019a45f93922d24c50e4791607e1943372329e7977,9.153877029894733,2.90808602361182,15.08316440062782,13.533535658902098,254,14,0.5524926649065741,1.0531752326392105,0.3502249327457073,0.5137994619398162
train,train/estrela/estrela_0223.png,4,estrela,20301148,197de62605b0efc2aedf96cfe20475718dc00556662dc7e0463fe158d1dbd3e1,8.009588808022418,316.14300891417645,16.896830801287216,13.675478575471255,223,1,0.5928397188219807,2.533499249955875,0.4349904554174331,0.4256756374744612
train,train/estrela/estrela_0224.png,4,estrela,20301149,68fb169ff210c0cd800ce0786e0108bb7e6b60b2a1b74970cb45ede599efacca,9.422736932155821,104.2188608708629,14.349059991669142,12.850726499185722,207,30,0.5319990200250697,4.5554023597277,0.3976467329047614,0.4541338906229922
train,train/estrela/estrela_0225.png,4,estrela,20301150,8e965f0f15b99120a53d1dbf508c4d229df686dd8a340b270fad3a5a1639320c,7.482154745733834,87.20004206717171,15.832304774079553,15.9937783089028,185,24,0.4997195961246645,1.8072380594630624,0.379113567822672,0.4932980602393401
train,train/estrela/estrela_0226.png,4,estrela,20301151,65bc995fbf96d07d9e5bb04d0e8d9ace99c219d2a440eb432e22738882d7a358,9.038464193416601,283.8541670409743,16.777964844488427,13.185962180022768,248,10,0.35779212070828836,0.22880996525383923,0.34549416903589725,0.46077555415081034
train,train/estrela/estrela_0227.png,4,estrela,20301152,3bef654e50f27b48d4a2d88046fa00b9816a15c9363868bbc158fd626e888934,10.092670245652995,353.108673919567,13.272356525881719,14.805746739371127,243,27,0.08644506994739698,0.9784634296928977,0.3668037093537211,0.4837001966032137
train,train/estrela/estrela_0228.png,4,estrela,20301153,d899a9f7110ab6c5999753ca648f79f09e4ce7eadf756b6bb31a82b7dd4590cf,7.009233311821615,237.91772167979275,10.264487107167726,11.870270279916731,196,5,0.24547951846834004,5.964874541478502,0.3787596036092761,0.4600205058982896
train,train/estrela/estrela_0229.png,4,estrela,20301154,70f6e6475ab76c4c369c0ce4e23d0301be4d62691cdaaa396f020ecc645ee6ac,7.84325743628609,280.2001813316518,11.342562099275305,14.728701924774233,253,29,0.4749058607135372,4.675860010578533,0.36228737477772527,0.44940188844809287
train,train/estrela/estrela_0230.png,4,estrela,20301155,3f32b239b55c76664214c49126177e2a5dbd2e69f9795b5d3893f78476922674,10.021904696813813,283.93724690438944,13.660381663162504,15.43593968126892,199,10,0.07722424544024788,4.831202519986757,0.35658193817567596,0.5005771734695076
train,train/estrela/estrela_0231.png,4,estrela,20301156,a79ee5250b5b47939191737e5b6ff6ed93df80688560660b9297fcf6c8406d8e,9.730830836804136,352.39044182791275,11.765982594449113,14.289881807911069,243,2,0.5109963232193198,5.181813687883644,0.3627587295649391,0.4910963461983629
train,train/estrela/estrela_0232.png,4,estrela,20301157,cbbee0abf1589dbaab207c9177c02a5455b77e53be13c2fcacb129ae20618a01,9.048880532322059,48.87874645291315,13.625251340571909,16.298466627444018,182,30,0.3431045349222859,0.06551077548612538,0.38873380937035895,0.5055348047374686
train,train/estrela/estrela_0233.png,4,estrela,20301158,8f37203fb0d7f5507ab87ecb2568bdd0090819459c516b5785971e6662e90415,7.666457028158094,307.94056938421323,16.125871467777642,13.266451873131576,201,10,0.3771361039226525,1.2811782258919615,0.3263630204364988,0.5065562405210128
train,train/estrela/estrela_0234.png,4,estrela,20301159,f4d2d22779d614a0fcd8eacc1a7ae96a259e82e00eefd05cada01c367e42d781,10.20778890461601,334.63584084742274,14.71412419696804,15.75152760066278,200,30,0.058580718047873015,6.894822369633594,0.39700802080734177,0.48244950877217624
train,train/estrela/estrela_0235.png,4,estrela,20301160,fa88e3c8214460feb25f4d41f4c4bb726bee4dddb211c9bf070c968f94356f96,8.854032710253575,149.91341497472865,15.339740992969372,11.201775344951066,219,13,0.4228438954044151,4.407244044662781,0.41975961427831565,0.4440901257945582
train,train/estrela/estrela_0236.png,4,estrela,20301161,ea9e96b318b30a1bf69260a816a52ad2d4af6914f7267d6e8db37ba4148f2833,8.841035469045076,89.42061159871143,10.693251662661806,11.619250643496889,225,0,0.29257661110830213,1.906086775019968,0.3408910157664292,0.5054385550787281
train,train/estrela/estrela_0237.png,4,estrela,20301162,617142b7db5e7d59d1691badc8c805cae0e67a0da7d51f9c83745e1d761e716e,9.901076566057007,161.5451079704508,14.210320113039971,11.928534093852278,202,7,0.22549738985514342,2.512124243480803,0.32703748887034995,0.46864091328448987
train,train/estrela/estrela_0238.png,4,estrela,20301163,3f18426193551b3e398d723545d5192076b69bc48c1435a7f8151e058b6bee3b,9.812810046993885,166.19347823810492,16.15779222027817,15.903378834788885,238,10,0.14432880994376124,0.8434591072641071,0.3732654385812414,0.4955595440495912
train,train/estrela/estrela_0239.png,4,estrela,20301164,c8dba855fbb3e95f678bbae230790bd36eddc32dc31e05a7848615a83754496d,7.224660887668486,213.95938466588458,18.925966770571147,18.552099405905224,231,21,0.21054773037986685,0.2789618997108446,0.39907663434314866,0.508689061443175
train,train/estrela/estrela_0240.png,4,estrela,20301165,ce6b5684781c0ca06ac85496d549178bdfbc412a34b11095ad023476aa5e3abe,9.030483517615714,3.681124531484019,12.877948483280077,14.076309754913673,187,6,0.5947444179560248,3.678435620716135,0.4097953530504321,0.49664819015295947
train,train/estrela/estrela_0241.png,4,estrela,20301166,3301709d6d4a77aa71a71764b42d6bb2c5669aac364fd31e6d6c2745e2496e18,7.237900617131826,50.91344058087303,15.63904308025462,13.099953025762858,188,21,0.215224689600162,3.203142198108643,0.4102381234794509,0.44526700783441575
train,train/estrela/estrela_0242.png,4,estrela,20301167,e1fc9eaaca9f4a29e5ecaf721b634b1a74736a6acc684be4a6038837c3542f0e,7.164806517005985,313.65953685305976,9.474773841142637,14.005455340738813,248,30,0.014795839314252273,6.459477156245436,0.3982860406327504,0.4516171286545384
train,train/estrela/estrela_0243.png,4,estrela,20301168,a560fc51ad928a6df2939cbae55847ce5863b10d1384d2bc6b4d1ceb6bbeb8f1,9.51741106776717,241.3871675990303,13.409053463369174,16.66012572256712,221,3,0.49967070358563614,2.3110789285698266,0.3419208110622219,0.4946111443639158
train,train/estrela/estrela_0244.png,4,estrela,20301169,a4e83dcfadfcdeb1b9a7ef732f22f6160c6a300335990d3b51ca3eef0a5edfd1,7.690160376334179,175.00699248401503,14.96052185764076,18.39875149334047,209,6,0.5829115545239183,3.0749628388340677,0.3467777523851827,0.4621244149972923
train,train/estrela/estrela_0245.png,4,estrela,20301170,ec471a0c354ce73c2c01d26172c3717db0333267c5305ff18c8167079e31fa6a,7.242369163306346,318.26562720303826,17.738115005714214,14.483299495352288,181,28,0.17992830968671206,6.207058854622007,0.4168173222499476,0.43607339921191857
train,train/estrela/estrela_0246.png,4,estrela,20301171,6cece64728e7fbfb612352b8aa543c80d54afc54b425f3c4c72a0ffc0d2aedbc,7.534474745357247,207.0374998625875,15.474673787630538,13.065501008379895,181,7,0.3353140052095619,1.311598872395861,0.3480465653700866,0.48795311127404095
train,train/estrela/estrela_0247.png,4,estrela,20301172,5c80907b59e9d9b92a058d2465e15feff83a1b6fced395f0d4fb9017c1654953,7.706010991255961,178.07513704338442,13.820774250826458,17.523222089892183,195,4,0.3303063554070695,3.3618804138875213,0.34280041698582153,0.4896989589178393
train,train/estrela/estrela_0248.png,4,estrela,20301173,51e992d88f810db7f3dc9707586dbe996512ef8276263457f561a276ea601bff,9.016430485237192,140.7829507487307,15.242050806319488,11.233895430078768,241,17,0.5317051667841008,5.982209481264162,0.36553416018838525,0.49249604980862016
train,train/estrela/estrela_0249.png,4,estrela,20301174,e3858901c3abb68fad886dbf19bc39888c53e2f26192518117cd19f3e43e1174,7.374110526515038,30.980314542681942,15.219580873618838,12.05950987669655,233,19,0.05417867313396776,5.442418280043306,0.42018616223950966,0.4526030554870416
train,train/estrela/estrela_0250.png,4,estrela,20301175,2f81d588b693a461c54e76dcdfc5df17115ea2496b06a2079e330cda36c39ff1,10.162835028642377,217.17376173658369,15.372115942293005,12.93274312548177,185,30,0.3783002673479127,6.658944921097085,0.41528645515950546,0.4707069790872777
train,train/estrela/estrela_0251.png,4,estrela,20301176,bc1890fac86b371990f30b0fbc5d8f130dc8a311c40b50b40638acfe2c65fb60,9.12004721916217,323.6667713603933,15.6498337152401,13.57997196195566,234,20,0.5360988919392013,3.367982766552903,0.4208814797504137,0.45653161921616486
train,train/estrela/estrela_0252.png,4,estrela,20301177,65dac38a740f23383af2b82fec67b9376c827eafb3516c97fecaa5f9893a2b62,7.554545311531032,249.87091820622965,14.399297532126209,12.734287514025736,212,27,0.09690415859703667,5.752531003929047,0.3449152494339586,0.4964096229129986
train,train/estrela/estrela_0253.png,4,estrela,20301178,87e31d1feaa99f01ddfff90894e11647e28623d63db28d11ddafe6f6166a8f2a,9.29669839579044,45.07457715686399,12.106656188785522,14.708922738932431,198,3,0.1909767548333491,5.351279546633081,0.32291595477811735,0.4785434742633692
train,train/estrela/estrela_0254.png,4,estrela,20301179,5bac200d4249f34c0296cae766d760fa7e72024dae90a4e6709ebd49ded844a1,9.439058832027348,114.69085239524065,11.391499411374566,16.249540679209247,187,21,0.1239556601989669,1.81384041190391,0.40124714707019843,0.4223027189112215
train,train/estrela/estrela_0255.png,4,estrela,20301180,403802728f93ca0b901cff1483a767366f89fef7aa09e1b05a4b817c18bc1fd5,9.430120636628141,226.09048551349235,14.112829956943795,14.79504349080414,244,24,0.07350936555483678,5.007853836934083,0.3562337551886628,0.5047556449742113
train,train/estrela/estrela_0256.png,4,estrela,20301181,07882e2b0f300e8c849efd54baf6f975acb213eb5d88f8037ae8a883f1ca1f54,8.539258870569272,71.57604208039497,17.584641691825638,11.741478308191935,236,8,0.18593389919017358,0.9666774681542657,0.3988586439857846,0.42221364237837267
train,train/estrela/estrela_0257.png,4,estrela,20301182,23d70f74c5e1e040082885d86dec46d9b2e3a49b25a06d6971e89fb2e97a27f5,10.215230611711375,238.21037044686705,12.75855298954345,15.554469098984237,247,6,0.3495371495076773,0.7506106805557801,0.3925967924043217,0.46444582437453014
train,train/estrela/estrela_0258.png,4,estrela,20301183,8bb1ab42276ed14fc79dacf0d5f0e391c99abb4d73e8c96f335b4e11a85f43b3,7.012002036979852,138.45047106122325,10.158286995964351,13.286649529002114,211,7,0.5109387467261899,5.81365463352642,0.32818206780347364,0.4688916811157534
train,train/estrela/estrela_0259.png,4,estrela,20301184,56d54cae6ca84ae75999e6291ad9c25ac60a44239b4446ca64f0f8173cb73d19,8.800306815020486,114.16075863745733,14.31299558940526,12.992512571473947,236,22,0.4503202288636024,3.4986297237774497,0.33313723813646323,0.48972225058602636
train,train/estrela/estrela_0260.png,4,estrela,20301185,a4748488cb879ebeb396ceae546a5bcf13f0c5070c962d7722c9eca7c6947fa6,7.201377975774086,268.96933861101195,12.593469716411487,11.400313068044463,198,23,0.640512338080931,2.106926252796712,0.32987318262706916,0.4862860933193717
train,train/estrela/estrela_0261.png,4,estrela,20301186,8fa7f13054924675f218131d01cc650246926b54522d0a7a48c69b527cb1e823,8.637492706720037,137.27338884554834,16.380481877251256,14.94710288820017,207,11,0.17882331680801375,5.505787602479991,0.42328239552010266,0.4923687719988018
train,train/estrela/estrela_0262.png,4,estrela,20301187,4e22e6d4aaafb93337a9e52a7100b6707ff1b3a316b6be892173b8fc9e6561f8,10.499460890898773,91.59632317345266,14.79822185923329,12.728322409406223,245,15,0.08137455447891903,6.626279384492975,0.3541953151508383,0.43748604670235214
train,train/estrela/estrela_0263.png,4,estrela,20301188,09e653af632b9ff72aa3bbc0f91a3372af82b5abafaf76f2ed82b5b8d34171dc,9.817428758297638,111.36645354030227,13.721611992259094,14.989294691270038,207,24,0.06208753218610797,2.8678445449020398,0.41263583208990834,0.4291614932369606
train,train/estrela/estrela_0264.png,4,estrela,20301189,8f176c6139a3890f21b7f16657943fb43d361f5b19228357ecce6ffad70fee0d,9.462244863426708,234.57620052613998,16.107292870945596,16.149806179300604,214,5,0.05972138160418816,6.528930220832063,0.43328951059427395,0.5022135836868131
train,train/estrela/estrela_0265.png,4,estrela,20301190,595b372225d6f134f7a39f959f71e3c05af9b7200c08db8e5aecf6f771a53886,7.6062976728286635,354.78090135247885,14.439570858342277,13.10028085162421,201,2,0.18735989429000427,1.020981223361948,0.37975356672961813,0.42056289251408624
train,train/estrela/estrela_0266.png,4,estrela,20301191,e472d1a0d75fb79bfa5a350a2eb529ffaf30da85d39305529eab90e48b87fd67,8.996990921609228,235.8560596770206,13.606351457416478,11.322597711591655,189,7,0.13537209985596585,0.8599577851735616,0.4077751849751815,0.42461586925669753
train,train/estrela/estrela_0267.png,4,estrela,20301192,cfa449c94ab0758684f877f8710672389046d5f88fe02da469a056281a2c25c9,9.603755375850296,45.141764158647284,13.697947580124206,15.377270581671779,188,16,0.3591603862521209,5.087318669619767,0.3641192997761519,0.5150727442851362
train,train/estrela/estrela_0268.png,4,estrela,20301193,e5ec6700a0e2d6bda7d23f496713e419ffcdf7f15888949b312d310a763a1a57,7.2121823663089755,354.3734762579601,13.166293072823692,9.764708341554881,233,13,0.6473709887991997,6.576419040241613,0.3403470332968159,0.4233774071285213
train,train/estrela/estrela_0269.png,4,estrela,20301194,0ac23bcf4d09867662d1ed44128ae62211f01951a21dbc29370d6fc10cebfeb4,9.342517787421285,70.58314019722205,15.017084317170664,15.779659476066866,247,27,0.2219066843753085,6.915004155117634,0.3766069046563613,0.5127983448514853
train,train/estrela/estrela_0270.png,4,estrela,20301195,755c03250f6fc6d00c924e1ff43f84e00aa15fecab097ce933994c352ef9c247,9.091597092345893,163.94684466607148,11.118652697514964,16.363297426917633,207,11,0.4089234734506386,0.01818380070687431,0.39064133838646453,0.44748458249515205
train,train/estrela/estrela_0271.png,4,estrela,20301196,4bd619088d000a256b21365840c943eba39775b196d2f867849bfd1930e12acf,8.641885051247485,230.1749488151514,16.888166223796127,12.964600521568634,211,8,0.295059709744257,4.859502098597764,0.3842138303155168,0.46732628840237056
train,train/estrela/estrela_0272.png,4,estrela,20301197,f023c9b216c01e9f0e6d31dabeac31726e91bcb166ee3a73b6db618e82232af5,8.260941636042967,332.36319302225894,11.768063568851211,10.153242461112901,230,30,0.6449565344542769,2.0027083608330627,0.36116847902545046,0.45854100122654246
train,train/estrela/estrela_0273.png,4,estrela,20301198,2bf9cc06bdebe40bb0ab78912838145a4d28b296ba6ae4c32967f933dbd4f8ea,7.574754166953138,184.6001025723814,14.725860018655657,9.472818691777238,201,20,0.30866203538608367,4.801935738840141,0.3597265941632541,0.5135910375326203
train,train/estrela/estrela_0274.png,4,estrela,20301199,00200817c9177e375169f78edb5828530b9b64366031ba38c040c970a26513b2,7.510411615530535,2.752334075748908,9.323836583499084,11.381102304249971,227,28,0.4548101761261479,3.804302474947119,0.37365620869623195,0.4679666945188387
train,train/estrela/estrela_0275.png,4,estrela,20301200,83978d543a233150167a663e52dcf3b03e270632b6c62023591519348d9748dd,9.547493910516677,31.28907674221525,13.772632651869952,14.187692710964471,249,23,0.291821988123521,3.5329657282101024,0.434581938751046,0.4397661080805488
train,train/estrela/estrela_0276.png,4,estrela,20301201,32a159487eec12c82e452e64ab07b8ccfa7d88564aac21dbce05ae58204a5dea,8.361588845777309,277.6434815974658,11.475740424800366,15.795528975616694,254,28,0.5278015329964902,4.428372768592384,0.40796666094920786,0.4624512441004394
train,train/estrela/estrela_0277.png,4,estrela,20301202,26061f3f7af4407024cff78279f716fbe92c0d3fe700c7220b85bfa329a2f62d,9.803182588803498,80.80119749068913,15.823162917509817,15.686064384655099,238,28,0.32416897435300085,4.331509957405902,0.3428206814173545,0.49546934622939454
train,train/estrela/estrela_0278.png,4,estrela,20301203,28890f030936a65e51f14621b07cf7ad74f23571ea28d2ef2f52a41225a34fb0,7.075673006433345,4.857405837804247,16.016960089118783,16.59180286942834,204,24,0.6111742971436686,5.978449627440767,0.3644521681743119,0.5115143479203137
train,train/estrela/estrela_0279.png,4,estrela,20301204,f923f525790195f5b04f0ed724ca641afee2024edc71da25d6aa37c2203c9d49,7.917055919195551,77.02531200366431,12.11873777186735,16.177321600716596,235,15,0.6330250445727746,4.740947871205273,0.4134701112674597,0.4802422331093861
val,val/circulo/circulo_0000.png,0,circulo,21260925,fa7bb0c0c55d3bd2706fc31b0a6025e0490447d0519faa63f862b51f4fcc5069,8.68803114171169,116.37865013582042,11.742122463015441,12.910615006400368,231,6,0.43000463872728706,5.535371174005634,0.3305626555648162,0.49385559560778347
val,val/circulo/circulo_0001.png,0,circulo,21260926,a641652f4bdd8af1f523903fd9769d537577191e0b8fba8af243bccb1a3785c9,7.325634182924037,26.30416480188236,16.04409168768254,9.554192857407216,192,27,0.13658317991671057,0.3539623398060566,0.3944180441436673,0.46480206099302623
val,val/circulo/circulo_0002.png,0,circulo,21260927,ac1238fbb14710deeda8f107591ab056fe0568148a5d9ebfc60c65deb4d2d7b0,7.839602753235936,171.9737652867034,17.0761416397589,14.871157240886415,243,26,0.5823537128439036,5.121325237443381,0.3768233100812738,0.5127391516248884
val,val/circulo/circulo_0003.png,0,circulo,21260928,0461c7e6e290acdc428ba5f9d23e5b958b083affe7c41243bd111f645b52d698,10.431657249452842,182.7127531173985,13.884992191544688,14.491437898130872,212,7,0.4498825482016366,4.349566222561762,0.39549933505329415,0.42746995396381593
val,val/circulo/circulo_0004.png,0,circulo,21260929,3fa878f6f0647d95de64a537b15c44e19a8d546b4342531a4c6859992d5178c5,9.574237455928968,203.81705278852502,16.592853565653552,15.646566539120752,219,9,0.04759901010568067,2.2079645806485955,0.3240158319521782,0.4405001720248036
val,val/circulo/circulo_0005.png,0,circulo,21260930,fe023d117e6f2eb5e99d4baa4cc5821a1b27c23034be0b17b96df4faf6543f88,10.368495096279457,183.2527269898547,15.30789668375156,14.784111617221203,188,4,0.577856668960115,2.454103250012113,0.433771708534998,0.4898878170519542
val,val/circulo/circulo_0006.png,0,circulo,21260931,6752dacfb835647bb43f54d581daafa3b4ebfaf5de9bd2368f80453b2273fbab,10.078821157347248,23.424164482520663,14.327331912419634,12.12160616055604,227,10,0.640839900466837,2.92044160132197,0.32303684074819833,0.4489863495176715
val,val/circulo/circulo_0007.png,0,circulo,21260932,164ae26f282fe4996e80d4f693038bcb799113af9dcd0625426a18139c3f2087,8.778253853007019,352.4428239502393,16.95378167209271,13.069626729075418,242,15,0.5752116137749591,5.281787150763135,0.43121608984685644,0.4264724305404682
val,val/circulo/circulo_0008.png,0,circulo,21260933,68846c8ce34fed55cd08b4296a0353e78c1f65aca14e8f87e047ae9e103f5eee,7.694556430554162,82.64227005434621,11.245051515727877,14.628688598715115,192,2,0.5892319061825981,5.694737808282424,0.3473161493502468,0.5115122790456101
val,val/circulo/circulo_0009.png,0,circulo,21260934,471e6bf4e51347e6583a0a69f019cb75eaaa68e53568a69ffcc88b1ce8784aba,8.67674043454623,263.1899478150432,12.111832016744604,11.198833540052098,199,2,0.2175488497654193,3.279518260756552,0.39492254331830784,0.4884723278327551
val,val/circulo/circulo_0010.png,0,circulo,21260935,f0948311746c8fec504ce54248fdd778f9c2441094e8bbaa2f19ff45e7a41d31,8.094791018249296,239.1025277047747,15.407794072300572,17.165986340419202,188,23,0.04047419612769583,5.324545663713994,0.40992607495021915,0.4607268798441835
val,val/circulo/circulo_0011.png,0,circulo,21260936,0f423c963959c31b935daab7a8c3e3418ecfdb33560a3538cd06dea20343fbae,10.376432711481417,215.37308702414254,13.715552899449747,15.187769298430409,191,14,0.008531347273121338,3.0555626226202817,0.4088136158424301,0.42608661145107246
val,val/circulo/circulo_0012.png,0,circulo,21260937,43cd95c558d54e24934738fb3857cf5d483670edc885415e001f4bc0f8c875a6,8.168557499544518,1.6680622594518102,15.458996169934267,17.138778495122903,208,24,0.11684774126312661,5.948462514588518,0.42338483735709354,0.4596638654823442
val,val/circulo/circulo_0013.png,0,circulo,21260938,e2a23788f55f89a25dbbb47b397e0ae4c59d800d3cc6de28d11dc15e8307b85d,8.626537413178848,89.26087491762605,11.211785646974938,16.555508343999485,226,18,0.3802299413755072,5.978143635916759,0.41198178735501045,0.505482992938542
val,val/circulo/circulo_0014.png,0,circulo,21260939,3c32cf36ee869e2f08ee9b00d257aa8d3fc4c63ccaaeb5d224a9c5abd5f77c08,9.455960149911887,267.4702029725015,14.813049370740242,14.397800182619466,187,15,0.2618696143916702,4.4720945148138735,0.3905445376446379,0.47109817964727196
val,val/circulo/circulo_0015.png,0,circulo,21260940,1cdd16d6617e05b6725110fdab7cd2238652ca1791071c46e40fc130327292a1,8.555250582967242,88.1079861363766,17.538663949864258,14.887281970856442,182,21,0.4111112822089232,2.160646960777837,0.3983129691865097,0.4910151736214339
val,val/circulo/circulo_0016.png,0,circulo,21260941,9fe073b064730310811e79f9b620d2bd9a812bb61718296d0331c6fe165d6bab,7.195786873693267,168.66560625300383,18.90022207093998,16.269276568765573,254,4,0.029760530678237036,5.421750423142061,0.3508150777695874,0.48262762481474986
val,val/circulo/circulo_0017.png,0,circulo,21260942,28321cc456236d3af609b754eb3fea1fd11a6e9986d6d8e099ff722c9e58c311,7.602667908645491,285.3652815541515,12.169301771330346,17.38232913544886,245,25,0.27991019430406217,1.40370238489709,0.37434586617226734,0.4534747270023812
val,val/circulo/circulo_0018.png,0,circulo,21260943,a77c3c5318b4414e9cba3851dcef453776e9ef2649080d603bfb99522f17f494,7.691673690474301,304.265776843577,12.7221243895474,16.543991134215638,252,21,0.15384245696522383,0.8896194992742702,0.40134918502378647,0.42608224236495595
val,val/circulo/circulo_0019.png,0,circulo,21260944,1f3f4edc7eb438e9b9b1203073afc273fbf206416be82adceb2bbfa15ab89a90,10.337180727322162,325.667516733549,13.633880163374037,15.353473154002426,188,15,0.4108740394325936,6.0818032469941405,0.39083447761904905,0.43861136970996495
val,val/circulo/circulo_0020.png,0,circulo,21260945,6c0f399961746d80c5469c72db2ba06c01bf7f911ca2ee921ed3222990df620d,9.704137138564086,202.69303187326145,13.406675803877157,11.760001084302985,244,6,0.08560562100319657,1.5300011654866148,0.3389958885993645,0.48736711084862544
val,val/circulo/circulo_0021.png,0,circulo,21260946,fadf654b8922ce2719beec27d9c6d8e8b8f283429ed706dbc691fb6381e7ffce,8.8696088536357,15.627589535733168,14.769356828772594,14.486463834670763,204,13,0.514605749443318,2.9672204671869364,0.3287013188488263,0.4924718050392958
val,val/circulo/circulo_0022.png,0,circulo,21260947,be37d9d7427df4f8d73e81fecf3012b4150beaa1226632ce10b155c966d653dd,9.116102244047534,3.969911583729324,16.352803398032293,13.352732968243608,189,29,0.42482354927394955,1.9655879396791756,0.3430713508688021,0.47702225913506663
val,val/circulo/circulo_0023.png,0,circulo,21260948,55f44ec544bef7af08b77c06526e12b81c124427ecd5e420807d5559a5cced8a,9.029662245600683,344.22818615364724,16.739425160919453,15.330883587078764,246,4,0.08300127173726651,6.986921023717251,0.32264220912456837,0.5165573436133787
val,val/circulo/circulo_0024.png,0,circulo,21260949,f960748cfdecfd3e55e01900e6774590640652986bb1322c2d74d5352ba19117,8.942869418656187,101.20271424059979,16.718055290653002,11.962983670412864,223,16,0.2418038624843855,4.065217496736239,0.3800384443353158,0.47770088555804086
val,val/circulo/circulo_0025.png,0,circulo,21260950,9e0e6ccbb00f3064228a65a29a453eed3d62b1bba934a7cd614c53bffc5aebb2,7.885202722106514,286.5836600188072,15.492770067019952,17.839755266130204,218,9,0.09865202267663677,2.28449043307428,0.4250233172724348,0.4705493244445872
val,val/circulo/circulo_0026.png,0,circulo,21260951,bb9e5bb3242d4ab43d80a07fa4725c8a4e996dacb3cd9d43244c156d7f7014f7,7.5931752002764155,309.8502401582341,12.55817822748184,18.16676900939893,216,12,0.29320920405646933,3.8211228663652324,0.41295317978686424,0.4703395616539391
val,val/circulo/circulo_0027.png,0,circulo,21260952,fdddce8328d224b116004921ee5c9c2f7911f76e2a3821c44b77c7f7ee54b1c7,9.518399046232256,210.3867366723042,14.882884211468962,14.172845253272348,210,19,0.303516288316474,1.210352369513015,0.42001394775035994,0.4646587826922284
val,val/circulo/circulo_0028.png,0,circulo,21260953,dbe631f097cc3d20aa7ee21be660433b5e47d76b875c681b03c604d57eda2e0a,7.117558465489427,235.27388749750338,12.261416875645926,14.251067638310953,195,22,0.37302511880255984,4.6688701005203335,0.36451147659001804,0.504311738983457
val,val/circulo/circulo_0029.png,0,circulo,21260954,56f5bb6e5a5046cb49717a2bc2a045c1ac6bb5b6fad4428a790a08c11e0fabbb,8.345421835708365,167.03657193872087,12.852870013338665,10.161260638188105,232,14,0.268941525824222,3.1205839397842583,0.3447609384448994,0.4579020181348435
val,val/circulo/circulo_0030.png,0,circulo,21260955,b9310e1ca795295a803220c618d0e80846be5bb4aa44568d0143810eb6778e9e,8.497755349754486,213.2823289252961,17.45926927982989,14.87954984280324,208,17,0.3082457826435921,1.8136597115439006,0.37507606629834156,0.43799040987212823
val,val/circulo/circulo_0031.png,0,circulo,21260956,2227df39e6559ee9d4b4bf26a674f9ae0d92502fc414f3d211cb93b59b1b7909,7.013903338926026,248.02964112638875,12.648575015688849,12.660294977022854,230,25,0.5503799387488275,1.7326727602692127,0.4041017334914295,0.5014195093644042
val,val/circulo/circulo_0032.png,0,circulo,21260957,3685731dcaf4d44f09f0c01c66985bec810f715fb82d753d61029b0c431e7325,9.219313154164471,33.773318076216874,16.9402458545412,11.748100417764721,186,28,0.5756199829025295,0.6335670345142786,0.4159701071485467,0.45118429285379713
val,val/circulo/circulo_0033.png,0,circulo,21260958,cf03477825c299deadf3338aeb721202c6ae56ced4f8deb3d43917732e701c7e,9.261517018928771,100.54862939098541,16.18846742888956,11.205909544097723,189,28,0.3434983472767524,5.418416712466295,0.37790969280218484,0.46762728645308
val,val/circulo/circulo_0034.png,0,circulo,21260959,02389801dd5d87c97032a40f197bc2123ecfd02bc79d8993e23e7992f76b6b45,7.9693162272162,338.1783400932903,18.119441639425695,16.76100356255199,206,26,0.12745955214841767,4.777506278081106,0.33704893245780837,0.4344893655973873
val,val/circulo/circulo_0035.png,0,circulo,21260960,1a52efe992cd2203615926c78abc300a23da48adb951f798486aa69938ab0f87,7.730046122302994,353.5798874159306,10.92885380203567,12.925053086962656,247,19,0.5213526590207815,1.3253021448088722,0.32953508429449496,0.4420383866937629
val,val/circulo/circulo_0036.png,0,circulo,21260961,9278c48abc45d8b89e9d87e9ef631765b5b9192c00f6197f6c02e053de4aa04a,7.137199346919431,206.52822135562482,11.446173039287917,13.362406936677033,245,17,0.03921250146581033,5.239321913692451,0.4022559458613919,0.5073688434585975
val,val/circulo/circulo_0037.png,0,circulo,21260962,445883af99627565ae06337772a0e9f5570ed26a79dc038a58a55bf4deb3eef7,7.715780456094959,200.38351279863792,9.669174597430446,9.555263265738255,250,10,0.3777070511493487,0.47950234112803236,0.3625127757261324,0.43850375064991276
val,val/circulo/circulo_0038.png,0,circulo,21260963,0da4603c02697e43f059028ce8c4aba8cd39a481fa45b0780a16320b852a0cbc,10.246814415933738,307.1251060876224,13.124515773093954,15.085655729922529,236,6,0.14976258305290488,5.383218918391146,0.38370848979706584,0.4908391814629727
val,val/circulo/circulo_0039.png,0,circulo,21260964,a764d78e7a653bbec94490439b3de9f2635c2f034058c0a9cd6cd81da5f8952b,7.037706498008655,299.89143116453033,9.84753616171753,14.108628887840595,207,5,0.5422983806179285,3.6674616108507703,0.3995410857622071,0.459281458037804
val,val/circulo/circulo_0040.png,0,circulo,21260965,95256b60072a89fdd8aa77a3abbca4bbdaa347adac519ddb87a2ca89b3f8a3a5,8.378883064603182,31.789157442770883,17.684269243295674,11.861560964803859,181,5,0.3625543104789464,0.5599768214953333,0.41432206827628565,0.44182645221184674
val,val/circulo/circulo_0041.png,0,circulo,21260966,5278fc2949af60390e1f2e552a39bf447a12d5bd437c19f16b9161eeeb29f64c,9.75335182656669,257.77289696582517,14.202779785982079,13.110539941024204,236,9,0.03445084935404918,5.20993798004746,0.38231174073027996,0.44569448919808774
val,val/circulo/circulo_0042.png,0,circulo,21260967,f2a88248c88055b73e59b29829f1aad6d64bc3a1173526c52f337708b1e1fd88,8.658448151034333,218.96207304851364,16.12531688650501,15.120850384044502,211,26,0.6460918494126328,2.813453821281991,0.3431902444484019,0.45555028149517407
val,val/circulo/circulo_0043.png,0,circulo,21260968,ba29317c6eb2092d39e8a4af06b3404e954ac456fc536de49a5d41fa0cb0373b,9.424704221121244,324.9412941428031,16.441941524193325,16.040564941456374,240,30,0.43649135727391075,5.409256134828464,0.41402286463937504,0.5180467347918413
val,val/circulo/circulo_0044.png,0,circulo,21260969,1db2d689ff01f684c094159e4c0d4d920931a9f8300899db80dec9e39e124223,9.793056311668066,108.18192061042522,12.76414246765439,12.392492964940072,206,24,0.6272542982678645,2.952120106569519,0.34275045221314676,0.49965967923154503
val,val/circulo/circulo_0045.png,0,circulo,21260970,aee41d490af2e76b051f40cf24d5ea0d9b21f463168140474c48efbbb235dae3,10.260513300547276,40.6099976135276,14.090178778416982,12.729520209720969,241,13,0.18623486138183076,4.174382689014022,0.3584143072998548,0.43989913544164466
val,val/circulo/circulo_0046.png,0,circulo,21260971,b97e337207a8c63c0b6509e3189f6f13aef59d49e9fb388187a640f97173e8be,9.469142490550285,344.50379727392993,15.842320566015154,14.222580513925337,208,19,0.30682329128469543,2.5494929602720715,0.3277122656279098,0.47759776131016307
val,val/circulo/circulo_0047.png,0,circulo,21260972,d9a67d6806d1e82314f29bc871770f4d330e541024312cb1660c6f0ee97925be,10.341494094934113,124.25454754992383,12.323073162317034,15.298958308841598,187,12,0.22598833472467808,2.183015765714355,0.42481041308023826,0.4766182033377698
val,val/circulo/circulo_0048.png,0,circulo,21260973,da31268031a1ea6dd764176aafe0e150bec103fd44a7fc8d35ae4703547dc3f0,9.215681047988921,125.74443966255541,15.638798946102135,11.921392188159393,244,22,0.22782291159063336,0.45615728350900264,0.3545403778925118,0.466792925955476
val,val/circulo/circulo_0049.png,0,circulo,21260974,69aae6e5751aab9fb9caeb4de462875bff7bf9965ba405a4b531d32895d769d0,7.702501200420788,112.23459932380312,17.758257475412712,9.997794728512375,194,16,0.169307021745492,0.5472224937542968,0.37742061552634215,0.44519810015033107
val,val/circulo/circulo_0050.png,0,circulo,21260975,03917956b99eac9e964dd5e65c82f6c64c4ba1d7c13eb4435610d99e48342ef7,8.46805094953271,146.9828923839467,12.595461434488431,14.344301141097867,244,30,0.12171832278046156,4.2999600576868335,0.37575855472195696,0.48945485643348696
val,val/circulo/circulo_0051.png,0,circulo,21260976,8ca762eec04c86cc698e5bd783f45ca1d0095d485facbb4b2b4e592f615c7389,9.178712925804273,320.96042000831324,12.07048429321125,16.272148540454264,213,23,0.12837570441280147,0.9046861952053353,0.36355526367229,0.4624944664989886
val,val/circulo/circulo_0052.png,0,circulo,21260977,f58bea94f6ca50380a89ac4bca0447948b629891a69523e0b91326a4c4ada403,10.040066019760458,105.29216984469517,15.424207526042135,14.388236956056746,254,18,0.22278562272345814,6.9235820791551745,0.3424525946844996,0.43702965443832337
val,val/circulo/circulo_0053.png,0,circulo,21260978,81df211c3b1af30d12eea322c39c6c603f6d76ca5ab1595561f097a5a87342ef,7.825902499107075,20.79588649239515,15.72938447486018,16.681859622942298,209,18,0.5444542209541087,3.933128819185953,0.37796772304468046,0.4664649161428617
val,val/circulo/circulo_0054.png,0,circulo,21260979,8810013447f976c7f8d5c4f17192f1001552612a6975c89c44feebbdece474c0,10.48936202270677,44.81371372365663,14.05581815011491,14.902904100320459,231,30,0.24984979779212516,4.499040398583269,0.41364735551742066,0.47140137803570153
val,val/circulo/circulo_0055.png,0,circulo,21260980,27164fa47cef270c68685c6752f96fcb5d7e08b0a09ed8bdaa25d25eca910a6d,7.99531620389892,38.622231007554305,17.636668487530425,11.002000852606162,186,20,0.028655023077449805,2.4328350906925897,0.35410418937269356,0.47412161475505354
val,val/circulo/circulo_0056.png,0,circulo,21260981,5c5cf995ba58d54afb148c6cbe1ef7ec16a465c4dde190e340f660b38edf1b0b,8.03001999004901,225.40972610350047,13.603920300812693,16.438417546568637,199,9,0.6459935228743984,0.3088869063181243,0.422746333093298,0.42041721631573414
val,val/circulo/circulo_0057.png,0,circulo,21260982,242ed65f4a47e5a7f5974885ee23bf2a5caa2b269efdfa01a1d6481aefee4868,8.97274629584449,21.642899228019182,16.525775704502742,14.062664848699795,205,10,0.456850933891372,5.579931315669209,0.3946177780457668,0.450645322013207
val,val/circulo/circulo_0058.png,0,circulo,21260983,b3ac39d0171d66bb109007bd98933fd8b00017ca1b2f5037dd77b9b0e854f36c,9.851722929653,136.83663245917947,11.946804886597437,14.01203644098404,203,4,0.16235508665120396,4.905032440542904,0.43991461933145004,0.5069143311248915
val,val/circulo/circulo_0059.png,0,circulo,21260984,5254381358d6c3c46237f27ca819ea7643ff76cd0ee296603f786b379fa3ebb3,8.777698624900085,212.7422082063958,14.184938583413015,14.615446459227702,220,0,0.1667875009502546,1.1110401567754553,0.4163354800451916,0.5105701412202265
val,val/quadrado/quadrado_0000.png,1,quadrado,21270925,a9fdc8751ec16217cb22444a66b46694602214519ba89a2162aa0a34768800cc,10.282777196196047,182.53878006446018,15.021515258894647,12.172065736842466,198,16,0.6063599814527257,2.3877560687040185,0.32785957571084084,0.45233369735511186
val,val/quadrado/quadrado_0001.png,1,quadrado,21270926,a2d8bb76477129bc6d61715755d88598bee11dfee18997af4a68542622d00d60,9.336206361828097,315.2673009033392,13.368110921240278,15.738216461899777,209,9,0.3505473549320132,4.390579352985405,0.4134184836306553,0.507328267252917
val,val/quadrado/quadrado_0002.png,1,quadrado,21270927,680f175f430eb1d87568efd728db02427717f961fffad5b5d25b3a61a2d3ffc4,10.445787561762142,234.57273895188374,13.413138873814944,14.036083760988687,213,0,0.4539844018832628,3.5663613773144083,0.4081087492549589,0.44826981523261006
val,val/quadrado/quadrado_0003.png,1,quadrado,21270928,03ed8f30fb25392b17f6af0fbd43d187a060dea2438ecec81882a79446d2725d,8.197086083786655,25.81338333605198,14.1208340525253,16.282940207846462,228,23,0.08583246369641424,3.231975922810074,0.408267888310432,0.4337769730432841
val,val/quadrado/quadrado_0004.png,1,quadrado,21270929,07097a4c329342cbc8beeabff6df09d87e7cc731a5d1b93930c385df04cd17f0,9.580120056665063,80.69678042634472,12.71270311621768,12.985428171731172,207,6,0.24806771091573485,2.91343185775538,0.4351292290684826,0.4544805184868567
val,val/quadrado/quadrado_0005.png,1,quadrado,21270930,1f4b050bab2b7cd8a0bd69565129cdb27f0aced88f1d72744c2ae7ee40488d07,8.744692515349,80.54808126556118,11.933732023415638,15.481987683703906,244,25,0.21384296089683685,4.072180913338801,0.3370669034969516,0.46030672902530323
val,val/quadrado/quadrado_0006.png,1,quadrado,21270931,b089fc76a04ca74eff1fbeea9ea7ec6ba497d6fc252662fb15011cccc058b8f9,7.545622056641675,88.56401924784963,12.949528901201917,18.35015020172414,213,15,0.5774973115874498,3.2190758910731625,0.40951418632428593,0.42467024020197675
val,val/quadrado/quadrado_0007.png,1,quadrado,21270932,1270e0a5132b156f0ed670b764a267c828fa1c9284efe05150b98c8aebe176f2,9.437710559848941,36.4304736036587,11.443017798249613,16.156619970869148,237,9,0.5318180648065218,4.6310724753988595,0.37459567593129567,0.4458927964800629
val,val/quadrado/quadrado_0008.png,1,quadrado,21270933,024f5e985ff954cf93b67d3aa81d321a034436927cf1a0d3d3485452c17fce3c,9.693456681486223,265.20446755857597,14.998649614540994,14.431015237061686,197,15,0.43131563325285505,4.169890773947193,0.4326382655378138,0.5055695469919905
val,val/quadrado/quadrado_0009.png,1,quadrado,21270934,663360ec5e8cbc9717b169c1222b00153928fabee10cfd739d8f5fb46cedad40,9.076861078700224,159.97541266776037,15.823887918520317,14.159488288181,184,14,0.6020007331270866,6.159679877782461,0.33550638909584946,0.4259807043587368
val,val/quadrado/quadrado_0010.png,1,quadrado,21270935,1e2fed2b4266fa22b5106b430f5fa7500b746d9b906f6db80ecf00550f0562fd,9.324712266013027,92.4221042078314,13.689068309824822,13.897849759430276,212,5,0.42584206711897504,3.0868352206227168,0.4095195601312095,0.43497417318175335
val,val/quadrado/quadrado_0011.png,1,quadrado,21270936,2a7fac8007eab372e7a9737ed378e9cd047622d0291f1b801f802b61c0f41efb,9.075387053403741,231.89613875407798,14.586943674502734,14.879015190889474,227,22,0.3225748462300522,0.7782041864555066,0.38086832638557927,0.4732713064164008
val,val/quadrado/quadrado_0012.png,1,quadrado,21270937,221952ab047aae362c89277dcfec895c158c6b70ded6e79757c19b6873089892,10.471976883063228,212.03978370739748,15.150569173880852,14.309756716224946,198,19,0.2702215154509771,1.1405539479890674,0.35187256795242416,0.42063129041033903
val,val/quadrado/quadrado_0013.png,1,quadrado,21270938,94db9a431828b52768736439af1060c34f48361ca926bef7b92fd09a67797349,8.874858393643622,254.80506186267183,14.04357582213505,13.886375639662223,228,9,0.15724356059695763,3.637619295021086,0.42272821392400806,0.494714444836463
val,val/quadrado/quadrado_0014.png,1,quadrado,21270939,d3490f69508add661ed06858b49f8ff77b09d236f32ecc26458e8eb54d3ae18d,8.150006396822992,283.78418788208387,16.064349118607026,12.651575926199852,199,13,0.5554494716795555,0.21177015164375657,0.33791858040921147,0.46641394904395606
val,val/quadrado/quadrado_0015.png,1,quadrado,21270940,14497c739c82cfe7158a1f0761c6b84fa0ced6132cfc9096b4a7e40c55508b00,9.292833647010053,213.22632642722334,13.926246251787044,12.478919043722557,202,0,0.5219255723628039,4.302151982400359,0.428646522808787,0.4220247672606388
val,val/quadrado/quadrado_0016.png,1,quadrado,21270941,d092fb92710fc57becf1a2bc68013175dc590a8e69d4eb66e6f8e556f73a2cdf,9.273813852999035,184.5373000006633,13.363626846208566,11.64196694630744,241,23,0.2639108820276325,1.1389875581696818,0.36815842516112934,0.4923831342454927
val,val/quadrado/quadrado_0017.png,1,quadrado,21270942,0879f515658215f63ffc4844cc0ed2b34c2e8f7a5f55c4534ef96a03956c10a5,8.42380052371236,132.44357110029787,11.562202282004026,11.986725075455272,195,6,0.3189985289026366,6.1132049264822035,0.35476437019803464,0.45363381014087417
val,val/quadrado/quadrado_0018.png,1,quadrado,21270943,2304d35a8702369940ad0ca0a2c4f5d77ff34a6e4ecef8b02b800788a624e604,8.609407094317486,60.105138995325404,13.74139885324827,12.425287282707863,225,17,0.21101818266721256,3.409531669086335,0.4372180641726876,0.4202776135837107
val,val/quadrado/quadrado_0019.png,1,quadrado,21270944,19dbf157273b87880f899c8b3a1b6035cc99349b8accefe8b9660901c9e58c1a,8.830336863895603,121.1355271222635,12.686438852611372,11.811015257052254,219,9,0.2665280184707034,3.420969258177193,0.3819069779859182,0.4214201341766452
val,val/quadrado/quadrado_0020.png,1,quadrado,21270945,7377ef27d133d64fd9318b67601e7738df19cf25c78390a17f757fd83613a8ea,9.456849747785663,159.52898884429678,11.69115015994065,15.764680023152511,207,27,0.35970680882120815,5.608607868084604,0.34480544241978617,0.4828770353370059
val,val/quadrado/quadrado_0021.png,1,quadrado,21270946,5a385b6cde8178f2b8240e219ee0d38fb266efa3dd4e7849ddb312a05235641a,7.879155440651304,247.0982426902135,15.056813053673267,14.223568972952897,228,25,0.44115240447721416,3.402897447434821,0.40170627170315126,0.5062036358025068
val,val/quadrado/quadrado_0022.png,1,quadrado,21270947,8934306bea662503b5b332d484c872cf7cc258f2bebb08cb4c8f396217655e9a,8.473311927609224,158.0812383102109,17.420712261288372,10.321204894532498,183,21,0.1541618258736454,4.305506462038365,0.4034385615957591,0.42381763350065293
val,val/quadrado/quadrado_0023.png,1,quadrado,21270948,a3ab72a8f50c64f17202f1de26e2531b8473a874cd83a82624ed7656a85ec7f7,9.776288948255743,82.65612059987113,13.145385760859005,15.351558303374762,247,18,0.01825633215472815,4.062827549125821,0.3722557407080749,0.5040622971701891
val,val/quadrado/quadrado_0024.png,1,quadrado,21270949,562aeb000c770dd2c6f9a7f9dd6a20d70617912dfad69ecfff176fa0442b4d79,7.408896516749366,306.12715804676606,14.595558305132773,17.090605743947602,180,17,0.16330578730108347,4.27347650129615,0.3264902843695248,0.49672052812475886
val,val/quadrado/quadrado_0025.png,1,quadrado,21270950,9bf9d4d809a05d6291c5cca0a7da4bf84bce00b7548402be39783978bbeaa6dd,7.113666380506537,126.12293757379346,18.82069319266325,14.005822188075784,204,25,0.47898829463826714,2.953798636620507,0.33868609853751447,0.45592640832478126
val,val/quadrado/quadrado_0026.png,1,quadrado,21270951,c66136db373377c77ccb15991b9c60b5a0c709816b2067ab08b0a30cfa22df71,9.609390395823386,81.61799107165018,13.37374196179867,14.116863742701304,204,30,0.6498844025719085,6.9301144069319385,0.35445011905415247,0.45849517921156213
val,val/quadrado/quadrado_0027.png,1,quadrado,21270952,17adc65467c7fa960a7047ef748ef94a3f48abff3454bdd1cffc57a3814c6c91,9.725780631216084,351.2993167045972,12.927229148490573,13.32673297520704,193,18,0.31853373496701204,0.04512836940565723,0.37040979453765566,0.4392719175559805
val,val/quadrado/quadrado_0028.png,1,quadrado,21270953,ca4ceee9bcdcd44e20f23ad06ce341985962dbac8e1902b42396047035ce2fd9,8.396526581752418,153.22344335717233,15.80182722391065,14.12345577329628,233,7,0.6100573483203189,3.3033230735781522,0.35574634342127265,0.45486876187918657
val,val/quadrado/quadrado_0029.png,1,quadrado,21270954,c7d9ad75ec0d17f6e50992da06417c532c140cf4d2944b22fd509f5bb2d028ff,9.68912859582656,359.72661860525,13.125900566270507,12.15408591213812,233,12,0.16813269462681965,3.609961599128884,0.41606968663603183,0.45520622018263773
val,val/quadrado/quadrado_0030.png,1,quadrado,21270955,96dac610bf5bf97f78545fc02f2086160d90bb9bb54f86066d4279dc446cb01c,9.812201733167088,171.99755600982627,12.51354359713924,15.41006273239598,229,3,0.4741413223937142,0.8670938632185942,0.4113587028134515,0.4684983987220129
val,val/quadrado/quadrado_0031.png,1,quadrado,21270956,d190720de01be1267513e7f879e0988c25093871f77545d114b0c4c0967cd590,7.427487336889362,137.52698459503222,15.545376272449996,11.66238888982289,210,12,0.44770652551049983,4.175441849391907,0.3534196881749557,0.49141726021624116
val,val/quadrado/quadrado_0032.png,1,quadrado,21270957,0854783c2bd81ef69c89f7131519a3917a1c1f7a960d794d7c2f286a91863b2e,10.042895377042154,311.17783276965446,14.957230154090386,13.75620361644414,204,24,0.11972615949598002,0.6373360283926163,0.36184765039351996,0.4976759990906388
val,val/quadrado/quadrado_0033.png,1,quadrado,21270958,248648e9502e10aa25d669ad593e070a80c5c497c85cbea404703c54c195d18c,7.907552353824479,281.6058644620266,12.081376405677615,13.27217572620205,199,16,0.6390141929188665,0.2738304610496479,0.3229394374389078,0.5026372429848452
val,val/quadrado/quadrado_0034.png,1,quadrado,21270959,feccbfab16e27dbc4d33d455855a211830d5cab213db8e61888262b54da652cd,8.987455436092215,351.3150847165451,14.358036435290453,15.910390681627113,215,16,0.15647216513547507,5.341592634607605,0.4360343435414936,0.4476674367375891
val,val/quadrado/quadrado_0035.png,1,quadrado,21270960,ae0995027ad52677f25d0d2a2c10a9f738674a2718f32e36cb5201897a6ccbfa,10.309353303158852,274.4791385530824,13.874350187643039,15.012479566959444,190,5,0.49808429286508676,1.3346293159930795,0.341734608722619,0.4405113307758351
val,val/quadrado/quadrado_0036.png,1,quadrado,21270961,d68f3a94d5faf2631521beeb34424927697eb25ff6591da96eb90ff71bcd4a90,10.034284788466916,162.82869919798625,14.356070112286844,15.104601078196094,235,18,0.0943433846958896,2.0578021703223586,0.4288765045314836,0.4883979915836404
val,val/quadrado/quadrado_0037.png,1,quadrado,21270962,9d70e405eac5411fc3c07439710ae119d3f176340e8757a8241bb124b44408ca,7.464876810331727,274.1241537575066,11.95888541338919,17.241463471663252,216,7,0.046160240731914,6.799124512835154,0.40141545769683756,0.4751386723264821
val,val/quadrado/quadrado_0038.png,1,quadrado,21270963,24325c66498f698f0c816474342b64ccc9a49f8e33554dd41e1c6fddf34eed48,8.403865152677271,149.9567059569749,16.076953301929805,13.752472679013197,182,23,0.19534575341159863,3.8736527314481264,0.3562703515794878,0.4494954898926045
val,val/quadrado/quadrado_0039.png,1,quadrado,21270964,5e771ce1a2afeff6e9526de2d28d1e01e0bdf975d98764c27b94c3b46f0c6ca8,10.192255571828765,204.13068202583366,14.48572050220747,12.656987587860561,182,9,0.5013469815032293,2.2810157156244215,0.32186303030080865,0.4374636192676098
val,val/quadrado/quadrado_0040.png,1,quadrado,21270965,5f66f04d36dc6c40f4ffc5eef1957d8545550763ce2467f108e6489bbf8cc772,7.307161839983681,119.66800133805899,14.578475963782955,17.753670270352266,240,7,0.6437976676081556,4.221233315139124,0.4153600329103448,0.494514837801026
val,val/quadrado/quadrado_0041.png,1,quadrado,21270966,1e431049648f0075203fec7ac67e43c0d5079e6eac00dc123bbf828d37b96c02,7.526739223099007,273.0052309092769,17.891461151929864,15.132076493333017,232,8,0.15775135545189653,1.221414589682301,0.37809769988747405,0.4798912881094673
val,val/quadrado/quadrado_0042.png,1,quadrado,21270967,67c69851823de121df721bf9c8af7bc1c6b35305084963d7c7c84709ef4d0498,10.382693512191997,174.88006088115048,15.448615041274028,12.190889094696375,241,21,0.15613558864515936,2.581564575172366,0.3368062293528358,0.5056479025520749
val,val/quadrado/quadrado_0043.png,1,quadrado,21270968,4feb3b0121dc30c57c85dae9683ccb9a285078b6f60591103b02ebcbb33532aa,8.575312923915735,153.2615472108137,14.327874809686485,13.427575160506144,182,19,0.41645216387664463,5.416284700079876,0.36184184522096374,0.4549131613768933
val,val/quadrado/quadrado_0044.png,1,quadrado,21270969,26652326fa3861a51b85621d66f0d1fab5ec80b89bd181e49f9308d3b4382a05,8.498972717021502,103.34699611433048,17.361144053631065,14.829619932073582,225,9,0.1554120880518027,5.751428897979977,0.38566944152094684,0.48603033145157726
val,val/quadrado/quadrado_0045.png,1,quadrado,21270970,b414b8a4e22726ebe19c24b34216001935cf9b64b648d4fd490d5bcf1a4e8886,7.058934816759885,28.794764571465805,16.976186953984346,13.853695428722265,232,13,0.15554053153080794,3.510422366472975,0.3393932675250566,0.48310700324761885
val,val/quadrado/quadrado_0046.png,1,quadrado,21270971,b82c72fa1d9cae9830fb87b8146cd41f95ae79c4325945de13b6543e6517834e,7.904059437956254,272.4724512679761,12.469457066272337,12.36254235409502,239,18,0.26594640725402796,4.976679869447622,0.3337694146845061,0.4753969201679732
val,val/quadrado/quadrado_0047.png,1,quadrado,21270972,b73f9ef9c8c594498e38e4e2253583553f4d0cf4f48d8bc3394aa99c2f2e48c7,9.346801275677688,234.23199041166134,16.453810278868094,11.155410316953729,237,13,0.07681879837815149,4.900000318385928,0.35759584393887345,0.4539486480113322
val,val/quadrado/quadrado_0048.png,1,quadrado,21270973,2c0b2a8994276c5a13cd0a2941292cfe94a0535e771dfcfae7005a646c54e171,10.047613193165075,204.24551701420182,13.157629357891542,14.263710221231873,243,7,0.00744375381584918,5.3632425886810635,0.40138541258462906,0.5088575261183265
val,val/quadrado/quadrado_0049.png,1,quadrado,21270974,f4741b26186eccfa39ce6cd8414108d7c1e8d1512385cfa3b85656252d9b8406,9.188152314553571,5.676999570883359,15.232791944494927,15.904310909236603,247,10,0.483715038658893,0.46219058368544563,0.3638479077870081,0.47033434219867676
val,val/quadrado/quadrado_0050.png,1,quadrado,21270975,708c7364a61a829063405d262e2dfbd6abec1673f4dbc20bd0603025bbb505e6,9.745576753832221,347.9296369477732,13.988918651934611,15.558820138732063,204,17,0.35006061992302895,2.123006440857135,0.4378549792039905,0.48753831239109324
val,val/quadrado/quadrado_0051.png,1,quadrado,21270976,20fff7d982b71c15795c4d2894ce14e2f8661cde0b14dbbd564278460e5fa6e0,8.432281515052377,81.00272449873933,13.071468603940087,11.423477628490204,223,4,0.008779551576040307,2.2793316069659633,0.40028613662946405,0.4540213998996825
val,val/quadrado/quadrado_0052.png,1,quadrado,21270977,0712e7d41ec21a8d73abd3fb2a8aff7f7f121148cd0845fc64123288a670f1a8,9.347920469204372,238.85726400571713,15.480782183527168,14.609561066036063,217,16,0.5504418409254442,1.0273739376143292,0.39456416204034683,0.44672364063358483
val,val/quadrado/quadrado_0053.png,1,quadrado,21270978,f108fde527cb1ce6cf2597a22200602fdbaf32506337dd75a5a67efa506900f2,8.918876558283909,302.8960507642496,11.435557373326741,12.029124898104923,190,13,0.1722836816835081,1.4802774186864687,0.34774650152406306,0.48264346860449014
val,val/quadrado/quadrado_0054.png,1,quadrado,21270979,12fa11b55022152882c2ad320ebd43efefa6f936ccfdd968ab4df16031c73dd9,9.251372793067496,220.81403201273685,16.14614572644276,14.089131053828414,217,4,0.3283915253720225,5.026757502356915,0.3535039574402909,0.4409237856158258
val,val/quadrado/quadrado_0055.png,1,quadrado,21270980,0c1b3ff84c2b197cbaee7dfd532a4a8821f3fdb698c959e47292e4848a1b5859,9.171717871922809,244.1887556402553,11.918916400235535,12.233607423541079,222,28,0.265199307679293,1.6573887328024046,0.3998676796522557,0.45066328953975715
val,val/quadrado/quadrado_0056.png,1,quadrado,21270981,47632f9347e0a10211351dd4426b5276f8945b29e721919846e929fcca4c02e7,8.458416607552333,270.1195553760249,17.294086955327938,17.088977735827125,195,19,0.34345292334384553,6.298234987048025,0.36946972601710953,0.5031026152216195
val,val/quadrado/quadrado_0057.png,1,quadrado,21270982,cd18567b4df76b756c49c05dd3fe9ed6c7b3979ecd0ec8d4d88196c2ae82db40,9.53378684712881,105.59779920246415,14.18046713836135,13.291653135300448,239,3,0.5611414855334265,0.894090053243835,0.3213200350918347,0.5019424399821532
val,val/quadrado/quadrado_0058.png,1,quadrado,21270983,436557771e566941e4b92e5392347ba59ceccaa578fc13b0dd2ce0beeb7db5b3,8.463671062941803,40.762242323016146,17.511185887665754,14.436485148609734,206,17,0.6142036379073759,3.1383705064891805,0.3527048220240964,0.488563357015527
val,val/quadrado/quadrado_0059.png,1,quadrado,21270984,2806b9439b9b130aed6819221cc8bc10131b8be7acb999c3da1b3942f2d908d6,8.460154421746374,121.23222285072,17.289833432320425,10.943357104812485,210,0,0.03485653656826317,6.014888838468712,0.3712860708432987,0.45739372215341245
val,val/triangulo/triangulo_0000.png,2,triangulo,21280925,4df1bdc4d9926b2fac002484144e08051d9973786cf0f4e38a2ac52843f45bd6,9.2676992315132,150.20687017295518,14.351039807234676,14.469649836898093,226,20,0.29766445885016524,0.5525877572553798,0.3707988483885583,0.44232705281964857
val,val/triangulo/triangulo_0001.png,2,triangulo,21280926,054e2a629d161bc89481b63a26e69b7d7eee4974ead869439d307cfcb000dc3c,8.440300721738367,358.3630846435025,10.695887479631082,11.990863008487668,215,11,0.46903368229958126,5.133324936932298,0.3520876405936559,0.4208860226863751
val,val/triangulo/triangulo_0002.png,2,triangulo,21280927,c44b94702d9b00a6dc2e653bb76d49b7ac87025e6393f038b1c48b1ee2eff9eb,8.095235363353892,279.9407224144352,10.921408191473105,16.918841561876327,196,3,0.20333570983346105,2.13072211432302,0.3364785497262047,0.48158450911273015
val,val/triangulo/triangulo_0003.png,2,triangulo,21280928,2813483006c8f96a47c0124b3040380a3951c68265121e854102cb6045d9e7e4,9.264852277803403,326.2731949280229,15.518103311049595,14.31082477247825,247,25,0.5187252125732881,3.5894655602579055,0.3224855532172822,0.4510146428577779
val,val/triangulo/triangulo_0004.png,2,triangulo,21280929,78784e47ec068772f777faf450d85112f75ec7b41a929e1da01eaf57de938bc1,9.818284728004373,257.0546685493157,13.819469624037794,14.216910162958687,230,30,0.47940127276827293,4.772444188455751,0.41945472451059895,0.456478096340119
val,val/triangulo/triangulo_0005.png,2,triangulo,21280930,6be008b1d52161ff9dcf9c68eb0314d3e3f7dfa1b89e82f205a652ab09aa9fa8,9.168442540979795,9.982015823936608,13.043825399146854,13.40371899157368,238,19,0.29205344270532424,0.0620206049382368,0.3388882959778897,0.4598671108686332
val,val/triangulo/triangulo_0006.png,2,triangulo,21280931,a43bef9192fa5b3eeea7cd5e1e45b1a3a9d43fd7dc523e70f07fd37ca1b39d36,7.834418703088442,325.7815196211133,14.374135121112143,18.049800115883926,252,26,0.023163184868869813,1.45569743525366,0.3533143044536459,0.48084870617948083
val,val/triangulo/triangulo_0007.png,2,triangulo,21280932,55ecc0cb7a0680fc38f7f58820fc3cdb805de50c445d96917f6c1a7b971d785f,9.309659072835167,111.9926661485777,13.256918109544301,16.85344608809213,202,9,0.5193087648014382,6.461541434451503,0.38701152178340864,0.4461004790785471
val,val/triangulo/triangulo_0008.png,2,triangulo,21280933,1bc6f4f276c6efb96f3c1fe930594bb29199798c60d3e0303088f2b7a7912a74,9.628095953461072,97.79897672212579,12.84808174140978,14.6559426602084,222,14,0.3742090740667142,3.9428629783927347,0.39617234041233873,0.4696090711723075
val,val/triangulo/triangulo_0009.png,2,triangulo,21280934,b5f3edb4a8b2b55ccc599f0836ffa7f439f1c7c772d9f4d7343803e44c5b2bdc,8.945456383809319,66.73909467736185,11.183619877842474,16.20845943546057,237,3,0.5564994528471197,4.044260641435709,0.4377379254623227,0.437238315857894
val,val/triangulo/triangulo_0010.png,2,triangulo,21280935,73dea485ee93627e45160b684267576edb593c4cf3b43629c42bbad6a1538ab0,8.398384740648888,108.19235439275225,13.173520842587868,13.906454417140388,220,29,0.5796310045514584,3.78671290109115,0.4399644566890589,0.4337392211595733
val,val/triangulo/triangulo_0011.png,2,triangulo,21280936,a80aae8dbd6029814af583d1b0c775da33db73755fb60b0d6a5cf33e1e393022,9.348790781194772,264.60641631334545,11.969071834049737,11.671239573407076,252,20,0.2989904982588167,1.836990822299935,0.34737787286594346,0.45707147084345257
val,val/triangulo/triangulo_0012.png,2,triangulo,21280937,34d67b9e2e2f4c787cbdcd70b16477116375d2d991b1d946d83e759641c86281,8.76229169405125,24.488327805437507,11.403132224839904,13.053716820203432,196,11,0.21703142953201437,4.42552344338733,0.4074738371141766,0.5185746512240135
val,val/triangulo/triangulo_0013.png,2,triangulo,21280938,847a843bbd2383d33c5c080e36c8694454d0064c820fcf932dd6afcc03f5370a,8.527080273847941,127.6008063095547,15.880801219358688,11.562055942877954,196,3,0.1263012853403429,3.557856851453862,0.3804015673634172,0.43432395336469287
val,val/triangulo/triangulo_0014.png,2,triangulo,21280939,8efa26991efce1ebae393a6633d76f48cb22b9146f8716b7a4569a93b821d2e0,9.34196700765074,228.39545830369073,12.826021591876339,11.38991860040159,199,12,0.5668143999141027,2.6563709300614757,0.43116741474852543,0.4509029489156895
val,val/triangulo/triangulo_0015.png,2,triangulo,21280940,3a2c133033e7ffbf3d2dc3216d5f6baba266bcf5e1df7add5f25e8a93a8540a0,7.339732307272183,243.18187395884343,9.802270493046953,17.89108564715556,181,21,0.20396723781936307,4.9562613491056835,0.32725273243084546,0.48141942517351255
val,val/triangulo/triangulo_0016.png,2,triangulo,21280941,7c5d6fcdd2e8d33992394aba1c76849c426d66fb711e0631b6683f5c8f9b897b,7.333948977093277,256.7688662511279,16.250956709170552,11.003513824280514,250,18,0.33565472393179685,3.0811066911616645,0.33067978143301024,0.4985278691673519
val,val/triangulo/triangulo_0017.png,2,triangulo,21280942,a2e48a536376d30fd1d338278a085c9b8a3959a04615e759014f4ae531942229,10.2255845106448,135.48321608333643,13.313236251972409,15.940188484246981,202,26,0.5912106641681384,4.383020415073637,0.39458512836553417,0.4579360628046579
val,val/triangulo/triangulo_0018.png,2,triangulo,21280943,21c9bc104e40169f94adbd69bc9d10bfce339766c626ecd8aa4e57a7079e5d37,8.275428545547497,342.07979529337274,15.930250391542335,16.136652849329664,200,30,0.23554440236718813,5.091641036448438,0.3574000457686913,0.4590099961493029
val,val/triangulo/triangulo_0019.png,2,triangulo,21280944,e10b25c0d45f26104b65a2da0e44d982aeffbdc5f86bc9bd00147aa638d4f5a8,9.33647628625755,161.4666447612241,14.859957219733666,16.295251858371863,204,22,0.3559663105736949,1.1863558693490526,0.379400231374223,0.5196840617795119
val,val/triangulo/triangulo_0020.png,2,triangulo,21280945,e51e2b528ed94a82dd89362b1d876e4f3a924016b5f014a3e5f5d0ac0a704365,8.980200573852185,284.95125365993556,11.338594223175878,14.675568183571997,208,28,0.4910356725905911,5.525053628628955,0.35152366481069625,0.4392212832868906
val,val/triangulo/triangulo_0021.png,2,triangulo,21280946,b9a742b4d01ec81f01d2feb4e1edef8661816f3e24a19d780da3ec8dd037286b,9.390808200467825,170.1373586974709,11.24290903939178,16.436111999587332,243,0,0.4176283419431427,5.333481263167423,0.4196626804799661,0.4638635709367684
val,val/triangulo/triangulo_0022.png,2,triangulo,21280947,f02a88b9acc4ae675bec63860da05ff92e9f99a6025dbd518efa87bfee69d8d6,7.55838448523918,352.97542146511825,10.145266820514665,14.890338824292915,244,21,0.03895340620827804,3.916758028772678,0.32469744807346235,0.4977624498794707
val,val/triangulo/triangulo_0023.png,2,triangulo,21280948,620bed45594b8f9784d2b542ce7a9813d3ee9161d4c37c323a02c73c8d29ea81,7.5661476402356875,137.8613327033432,12.962823847819116,15.140354595015085,203,11,0.517066175068077,0.13926988724753075,0.35554547096172395,0.4708561257666336
val,val/triangulo/triangulo_0024.png,2,triangulo,21280949,5bf4c019e1d25bebc776133371e758a226036d198acc032f660c614d0de8ad0d,7.420881550339645,335.2026424804038,17.586143009240224,13.551918878768944,229,18,0.13884925327589104,3.7534385020248897,0.4344575973432478,0.4773050308760094
val,val/triangulo/triangulo_0025.png,2,triangulo,21280950,9b5f5e307e1e1501337d58b3aeac14cdc3faf8d84a08de05b6b0777bd70d0260,8.588054576078331,107.10037527274628,15.296238182934442,11.454211415381197,198,26,0.21046497052074398,0.025503591153383853,0.40953349025842084,0.49210571508210615
val,val/triangulo/triangulo_0026.png,2,triangulo,21280951,3fe26c93622ce870a1b5ae591e943acdbaedf2f7faa907bafa8ec59795facfed,7.2937155225966,348.2947533315697,12.221453350190654,15.679125861686273,219,21,0.1079667430630079,2.80385411187698,0.33098215589012303,0.4495259001075927
val,val/triangulo/triangulo_0027.png,2,triangulo,21280952,d73e815277ecd5daee8213a3b6da40aeb8f583fefcec3e5b1abca73d34f0927f,10.24426545456642,115.15265985095468,12.130812876622171,15.387305105679289,228,6,0.5011510707028035,4.133756501042558,0.42815604163851384,0.43512013025673263
val,val/triangulo/triangulo_0028.png,2,triangulo,21280953,469744eb2c0d2fa9631baea4001944475d7c3927abbfd0c690e6bf89ba72fb2e,7.932633400513952,253.64870970640064,11.967851562184077,14.810366198382367,250,5,0.34191850836579296,6.891186498872883,0.35888090901457675,0.4459222344194997
val,val/triangulo/triangulo_0029.png,2,triangulo,21280954,02548e1b50e785b6e38a477a4a512afe474c43fb08d12ad0c24fde1163af8377,8.730683943441301,330.8277414743955,12.894455226535921,16.382569184925984,255,0,0.33952591091492623,4.744278432097043,0.40403693993423107,0.4949762392287584
val,val/triangulo/triangulo_0030.png,2,triangulo,21280955,8e9fd6e02483bde6abbc7ac076e167b8d0cfe82e2774d49af906641786374535,7.891036620324081,263.0786720613144,16.0073994938002,14.12371342198287,209,2,0.06342006187523272,2.719751820656569,0.3524614746174103,0.4701157096819799
val,val/triangulo/triangulo_0031.png,2,triangulo,21280956,3217faf5c5fead80fc0cb0b41e568ddc6b6e652f8d699fc02a5922b820622517,9.469351597218976,103.19915216344658,11.668836238118233,12.02958400439252,196,1,0.11942822182951318,6.74784426465331,0.3560461112540866,0.5083775400564008
val,val/triangulo/triangulo_0032.png,2,triangulo,21280957,84d40ba18125a72bc828eb40960281b063eb06188ca06af8e35ccfc9f142e411,8.44005341782216,215.3504459466268,17.17602616152238,10.946130927559262,181,7,0.4653911271308969,6.933149090938543,0.3672973885377504,0.4499588761471002
val,val/triangulo/triangulo_0033.png,2,triangulo,21280958,150960a588bafa28c84bea8b925eb33f146cd05bb1043cf59705b1eb0bb0c5fb,9.251441348449568,9.04672515223421,15.997497797062653,13.319302976277633,241,6,0.2805445761197268,1.4082588124441378,0.39629724799938004,0.4845199306750082
val,val/triangulo/triangulo_0034.png,2,triangulo,21280959,51c42a7326d4e3f39942a5ddd3fb90568b2f93a8e2e4758fbbb954d730b6038c,10.490157190897827,96.37208783698283,13.50949439242054,13.37700103526581,201,5,0.6433956328168833,2.9074060198908924,0.3915035518233623,0.49334164005125414
val,val/triangulo/triangulo_0035.png,2,triangulo,21280960,87ae072eae46434fa79e84dd3da78b57d88751d0be9026cd866c8aa179f77265,7.324910570763512,233.7529758207721,12.686392794278689,15.89784494627199,221,9,0.3612880129220519,0.9157735656901869,0.3844139801778675,0.4977511969377463
val,val/triangulo/triangulo_0036.png,2,triangulo,21280961,47a3da51402dce109f5b5aa17f7078898571232025412f3f23d8accd13129371,8.518543018128218,346.12702256799605,13.378440764273504,12.155786570886601,220,4,0.37538998249801436,5.925244204389298,0.32329830835240625,0.48468154944565245
val,val/triangulo/triangulo_0037.png,2,triangulo,21280962,20aa6660afcdb3890c52fc98d998af17a1582ff21ccdac9841dafb611262d9e0,8.411471612648041,232.34866085026974,13.0157545018372,15.20390154658878,239,22,0.3234092671767893,2.6789696675228294,0.4166023691927892,0.4309781600256101
val,val/triangulo/triangulo_0038.png,2,triangulo,21280963,68f18261aca31261a9b57356d6d1d9aa4115dbef58b85cfa90618bb712a55e91,7.03421942824852,24.25657845964238,18.46722393185333,9.686905386556854,241,14,0.5106084935007188,1.0585248848526936,0.4350041344850212,0.47163375229612403
val,val/triangulo/triangulo_0039.png,2,triangulo,21280964,b10a76d4b7590a71bb5fc26f049e309b5c183f7667634a214f939116d3620231,9.509601993135771,20.68384326181842,15.212644949072889,15.403743690073167,204,17,0.5446856761578368,2.9051007891458136,0.3242458439828264,0.45677951802614464
val,val/triangulo/triangulo_0040.png,2,triangulo,21280965,f8c076ce4351cfb3f0dba318d7ecf076e7a831e4220ca84d2f8434d1777213af,7.709946681048867,135.40177149424017,16.349555020808562,10.679455254246097,181,5,0.1819200954082133,1.859703118373862,0.43585749058451995,0.4656127421796174
val,val/triangulo/triangulo_0041.png,2,triangulo,21280966,67d17f4d57cb19480589bd5593d93a39c7595ec16fe183ff6c1a563105ba8c1d,7.87493084325863,292.72141016778016,15.467637485025499,10.22113044929907,195,18,0.0653837306876172,4.050230728627127,0.36620441070619014,0.4417621082245653
val,val/triangulo/triangulo_0042.png,2,triangulo,21280967,96b4cb3115d32c41f6fd6694de4e4de362534b6a2ea339d21cf8ed2929e13a86,8.497968821035641,80.97753375894165,16.119539570857295,13.730404703164595,220,2,0.11970016513690232,3.3865199927241214,0.3367798052739729,0.4997764087846899
val,val/triangulo/triangulo_0043.png,2,triangulo,21280968,1020e75aa06bf817f15f146451f8131253f42572e48833bef34d3b54a7fb143b,7.043698243210093,6.940105292440868,15.357079673162339,11.6908356803275,187,16,0.5196221188482557,1.0707370161659657,0.34935327995244153,0.4602716670901834
val,val/triangulo/triangulo_0044.png,2,triangulo,21280969,e242da53ab5c03ad96e368159f8e936335f8c518c7697cac8dee7b1c0a27e75e,9.402143880669511,164.63302894019824,13.726380501413022,15.801372480475836,255,5,0.44449588194856254,3.4167278498497526,0.41343049776039853,0.5071940280599347
val,val/triangulo/triangulo_0045.png,2,triangulo,21280970,6fc806e9a2c1d374b03f19aff6f97ebf729240c6492e6d7258d7df0d9ea48273,7.708619051893686,120.2261680375562,11.455484508311802,11.648897242390223,253,23,0.08593382988162555,0.44296846531316403,0.3471018685143715,0.4201807882457169
val,val/triangulo/triangulo_0046.png,2,triangulo,21280971,f44c73b1cde711b6cf01ad5630319a5357fb63dd068f53175cf12dca31dec39d,9.013211623601515,268.19495664045616,16.358336048583396,13.696846051601604,227,22,0.6465189448509716,3.5170964075157274,0.3912419929410205,0.5029187094034927
val,val/triangulo/triangulo_0047.png,2,triangulo,21280972,940eb2a98f6da80c78a7912034f3317e51c88e8e4b340a4e921949dddfb60b98,7.266482281749635,274.117816065989,16.560017726764272,11.093016440517486,238,25,0.5112560023607011,5.608740955631564,0.40249610627908894,0.45722379076140096
val,val/triangulo/triangulo_0048.png,2,triangulo,21280973,1c53874878ce3f506e919252485ace3d2d5809980cda0905abfb8f6ac14a2c21,9.989315084859388,203.04663987675244,11.972059413339013,13.793661729638563,254,16,0.34067874824705313,5.995165799882308,0.36590783663742515,0.5152484016077161
val,val/triangulo/triangulo_0049.png,2,triangulo,21280974,29f3a08852dfed96a55943c6a5f83830b28312936e09c0df6d6831bbc679dcaa,7.255106004375252,127.54140053402253,17.824700963099485,18.18617164058248,250,30,0.4970608921686044,3.49972302202859,0.3787471412330296,0.5119174622368038
val,val/triangulo/triangulo_0050.png,2,triangulo,21280975,bd478e9bef2c0621f8337ee704cdead37a73e32abdfba650c175c2f77a010990,10.018259115914674,313.33402726940284,13.010586963393656,13.517037298957542,206,7,0.5179662245676266,0.25963579807690984,0.33972743196008437,0.4585061632156587
val,val/triangulo/triangulo_0051.png,2,triangulo,21280976,81c18966b9737c19a20919da1b3c13d3f4e6cbc1d4b38cce6775304998c7657e,7.9220422805697295,121.09068522540933,15.847736812848517,10.098420465780425,236,11,0.6256454233659327,3.5234461544788096,0.4361465019912838,0.5110452911760767
val,val/triangulo/triangulo_0052.png,2,triangulo,21280977,cde3c435053bbaec98057fced4c584ee97943cb41ad006c709524b96ce384de4,8.441451635510738,26.321679111867713,13.139508796604147,14.321445658380227,210,30,0.20169843336611232,0.7462640118539225,0.414776495162777,0.5171431390171153
val,val/triangulo/triangulo_0053.png,2,triangulo,21280978,5cfa7f04f48b831ae7747b3247a3aa2047a6814603cc1e44e352cf11d87578f2,9.884472957584933,345.62435219546484,16.094318635359222,16.11432078211986,234,18,0.29102533273412606,1.8206843260835717,0.3517925489516287,0.45439444895176523
val,val/triangulo/triangulo_0054.png,2,triangulo,21280979,32075a7b81580df7afe3febe220ae9b687f8cf87d85740f15b634b5ab64cebb1,7.852015669195685,240.8559525634656,10.500112491199106,15.918242895512641,249,28,0.3251061115282431,3.037897394548681,0.4212374492650175,0.42609132304328906
val,val/triangulo/triangulo_0055.png,2,triangulo,21280980,2d555e089d12188f63ce152da257e3ecc39bd159b70ec2ea813c69af1d3a07bc,7.6124350169849,97.89955912058569,15.023607382085332,18.25524105604528,196,17,0.5594038658499432,3.1127970871793313,0.3401931828813865,0.4423710062570796
val,val/triangulo/triangulo_0056.png,2,triangulo,21280981,24ab4ecbf8cad96d428aad01af0800184337413a9f4a079ad43f91c0e2a51809,10.037840724669508,33.64441644707497,14.270995400508795,12.098236329231796,191,29,0.48679208969454174,0.814464417508885,0.413010655679246,0.4593528531258464
val,val/triangulo/triangulo_0057.png,2,triangulo,21280982,2b1d0e9fb6f1c4d2023c3dc8f82ed0e6b1c15c53267f3ae7a0baa5e678a6fdf8,7.838903486101585,81.44039910238607,16.279724215256437,13.23276832334325,221,15,0.3304546932286015,3.854056678192807,0.40051684454307146,0.5122722178975054
val,val/triangulo/triangulo_0058.png,2,triangulo,21280983,db9888bbf047bad27e2170c4a8492867944394747305065abc29d54220f8319f,8.242069000993464,208.32563661753636,16.55359865520047,13.670559786762142,223,22,0.10629919266229278,2.365276918130806,0.3293280635690777,0.5122939130775452
val,val/triangulo/triangulo_0059.png,2,triangulo,21280984,50f1affbe5160286b744ed6ff8ddb246bd12451f12c8794097bf8f73fb2b6709,9.719087028774519,20.97606057621705,12.867643738637305,15.743097539669268,237,7,0.20143948101314285,2.2237565040812766,0.3709047644292811,0.451284705797133
val,val/cruz/cruz_0000.png,3,cruz,21290925,300f9cb737b2f87b3d588308606a49423860996119241985ffb2f800c2123f84,9.202765490931027,324.2924167337458,14.223805363821466,13.333517682798037,198,9,0.34871519357062297,4.912458826774022,0.39055706582174254,0.4828994053535169
val,val/cruz/cruz_0001.png,3,cruz,21290926,4745f9de274b33f826cad06e9bf7ecf807b2b8fe3e8d3b95d70cf9abbc8b9a31,8.37293767704691,309.47093681347945,17.686478187818256,14.894104567148265,228,27,0.09316049932928212,1.7667043210570554,0.42409089919485243,0.4557444061394036
val,val/cruz/cruz_0002.png,3,cruz,21290927,474770151cc64d29ed94e7e96299ee5def3a6e1b5f1d9deb2cac533e61c488cf,7.29348822332941,359.1099353571479,18.401127155208336,13.863447422617103,205,13,0.48380742104381574,0.2798009910597181,0.3853459365316522,0.4745613374089669
val,val/cruz/cruz_0003.png,3,cruz,21290928,ba80af8ed19ac8a534763c395738d3744c2fdea278a2f11f896eda641489d012,9.109916438392817,284.43336818427423,14.44144290624772,16.897837299208508,196,6,0.5739207388501341,6.926377333182121,0.39577518618853175,0.5026449194592469
val,val/cruz/cruz_0004.png,3,cruz,21290929,5c0d1d8a29eafe563ee1cf0b4a17ad807862be902c7ddda246219e8b1a83d992,8.851422713755637,78.99311843231646,15.194046060155191,16.348746351556468,255,6,0.11450563918296827,2.07578198891809,0.42927341950355036,0.4454670583729066
val,val/cruz/cruz_0005.png,3,cruz,21290930,f83965c9e2d0c332db444ed5ba59ee3dc3e345f8efe44d7faafb66f7ca0cdef3,7.800715110606042,173.5031963686871,10.174118088885166,12.99907846515649,223,24,0.41014344145044834,2.980610295998789,0.35139069426819464,0.42600627910330807
val,val/cruz/cruz_0006.png,3,cruz,21290931,275aa9cc2d78ec0d5cf659133137e198ca4909cadbbb18d2c834280d6e441d3d,8.32268978326918,113.93124316620982,15.88128912967186,13.529553121079067,217,21,0.41513828945970116,1.4560718461545161,0.3259452809201149,0.4891113879504807
val,val/cruz/cruz_0007.png,3,cruz,21290932,c56b055c032f39032243d17430707cf0f89cafcd00ac8d3d29946a366cee48b7,8.39135609538052,32.21250476569796,16.890939282419804,17.252085272683306,190,24,0.40807865271075633,2.447815250422684,0.3233278764189275,0.5031113925897388
val,val/cruz/cruz_0008.png,3,cruz,21290933,b89cb092fed82201b6ec5cc414c665aa4b40044f19d6a00f0c38ec0eefd99a2a,9.98081204459302,119.07186112703393,12.276440219111029,13.126809799482986,244,29,0.43659628080058577,1.9231044663712882,0.3650915756678938,0.4408341466160341
val,val/cruz/cruz_0009.png,3,cruz,21290934,23420746e920e6039033b96938324d20ce8bd218aa5baa5c0fd928fcb0a322b9,9.567690510764669,175.0538095477573,13.942650263891181,12.568398300177709,209,26,0.02235157349016603,3.5351699659681888,0.36735596441578616,0.46003947558727415
val,val/cruz/cruz_0010.png,3,cruz,21290935,ecd52dd49190d2e5abc2449e2c975fcd830fde528ec522d95a4ecc0be1d8a3b1,7.233647255052465,256.49279787801254,11.685534601617222,15.083022657386849,249,12,0.24535270487046734,0.6239666187379638,0.35512958144905954,0.49773643567590997
val,val/cruz/cruz_0011.png,3,cruz,21290936,f0f97899548cb5dfa6b7eaf30645a9605af53c3ef4c8003d51b09b75d990b612,8.708372369879479,64.32919782931319,16.48525180013754,11.202091259281243,221,21,0.24298472490065687,5.980023098798359,0.36529409180060973,0.45976111064250835
val,val/cruz/cruz_0012.png,3,cruz,21290937,b7958ea3b55f1d2dae3d2a3fe41c8cd7ee90d5bc07496f50fb99545f65513b0c,7.181959108783551,3.059175478918972,13.974039888275499,12.733147133421316,217,15,0.33641719993420555,3.870050700799361,0.3919117014536728,0.49167585735392827
val,val/cruz/cruz_0013.png,3,cruz,21290938,65213f2287b6d48a296e529620f0d967388d97373535a2df49ce3b3ef588a5d6,7.729219306494059,101.76126462327204,11.451840592554621,15.546333877173831,182,26,0.43732773656487706,1.8186384800134512,0.3488619065812889,0.48102258960590166
val,val/cruz/cruz_0014.png,3,cruz,21290939,22ccd5d986957c0cda8f96b8e4d453425335e649ead7673b0bc1ff2d5239d78b,9.401020138964384,55.48316130651763,15.361568771789138,11.383558508377654,245,2,0.5187031980825583,3.7847607610864857,0.33133750460024997,0.4398707306331796
val,val/cruz/cruz_0015.png,3,cruz,21290940,fc0b9ce741e86cb1d9b8ca2f2961dc50e0230dbab525038adf20f1615e83a974,9.30379140073054,207.9474694643109,16.723035926271542,12.661998027440937,192,6,0.34220189791766276,4.2095359698010135,0.3738076023104193,0.49578802423812274
val,val/cruz/cruz_0016.png,3,cruz,21290941,5f55b1abdc9fd077a4732c703a3cf01646e85772156596ff201a33b1908a52b7,9.890785903960333,359.3492701148456,13.790148813158183,15.669258491473876,240,3,0.09014342365362936,6.3542802070410165,0.4398660051842514,0.43763842130940755
val,val/cruz/cruz_0017.png,3,cruz,21290942,a0f26e316bc7e3fd23bc2fa7bed0a32b9e1f946f3f28d2f8cb1ed0edfad91d52,9.878342844245301,167.14484575316203,13.685749393948411,12.756553643060716,183,11,0.09878942419823325,0.4199606213639705,0.32105057489525657,0.4272103227668669
val,val/cruz/cruz_0018.png,3,cruz,21290943,b7893fc6af86373a9c9248813fa28c932f91a366b742c9c7e68f93abe1395c87,10.267109279921,11.491572656928657,15.845512871656684,12.826433730309615,240,19,0.17335027864569924,5.415643647137103,0.33417583545537816,0.45778067420912977
val,val/cruz/cruz_0019.png,3,cruz,21290944,6df5534deb73be36d852d135e83e83594b918504815d1db7a06bcb8dcd53e0f2,10.08306971300227,197.10154885078353,12.927000367933148,11.98579053366737,200,15,0.08373223450465848,0.6417295993300568,0.3895251308892827,0.4900840597287044
val,val/cruz/cruz_0020.png,3,cruz,21290945,35e11426e3bfccb174f2de2da019ef415ebb14046ead24e793a668ff676dd96e,9.157217427232574,323.9765628688101,11.431689253650386,16.248284985006457,231,10,0.17970418470683136,3.40272468844749,0.34763314565875236,0.47494682135003613
val,val/cruz/cruz_0021.png,3,cruz,21290946,89ba895242de9798d586352052b8cc1e2f20c310e4edeb0e022a895a23e9228e,8.467438211549338,100.06061972827618,12.531061107863735,14.499793989369943,247,0,0.28091508785130115,2.752745045732606,0.4360325769212275,0.5140460940642756
val,val/cruz/cruz_0022.png,3,cruz,21290947,de1f3e774c5356d248eb6f139151db7bc2ed1aaa76e3e65e63fcb95daa4b98e6,10.258731014922498,301.9100378429947,13.96685970296914,13.265392927162027,212,15,0.2089189801600257,0.5012954073235504,0.3256526035306968,0.4763458890576615
val,val/cruz/cruz_0023.png,3,cruz,21290948,00e8b0fde08f59d920f9f47930560c748a5004b3ff0cab32118820676afcbf46,8.9479254231145,337.8794356543786,16.322021467860456,10.936135859363434,232,8,0.18804542357999615,3.227202570958119,0.33538805164516594,0.42374374145903154
val,val/cruz/cruz_0024.png,3,cruz,21290949,309fd878bdc5563bf671cee30862feba984ddaece1f644651beb0208e75b7658,8.62878129136401,58.2224175537818,15.050906380306229,13.015055872954196,182,0,0.47075991068181433,0.8717881213565232,0.3817300957226657,0.4525125031466278
val,val/cruz/cruz_0025.png,3,cruz,21290950,518a7454e9f457820fdd6a258f9de56a12d415b8a2a6cdd2d518e122ec256d35,8.39902038370645,197.2649887755425,10.579543569533884,11.537254406079672,206,1,0.32769293927142773,1.9063375112777647,0.3220447543993542,0.4857741260095165
val,val/cruz/cruz_0026.png,3,cruz,21290951,1dec765f716609b8a85160fd71a71d6554b33f3e5ef464d700bb8bb218eb44c0,7.991986124935851,240.77804618769878,15.517957708302562,14.188963713703114,206,12,0.3275167122248466,2.910693441015799,0.3888130472851147,0.47693544352774586
val,val/cruz/cruz_0027.png,3,cruz,21290952,4c3ccfa06bd39be75a510216dcc6949bfbd61ee68e36d403cdbbcbdf748e6d5c,9.669440184819434,164.75113176743116,13.500192280375593,16.122167281137386,251,5,0.48062126258730997,5.580915031089329,0.39193363077864996,0.4879657487289429
val,val/cruz/cruz_0028.png,3,cruz,21290953,32305291480dc4a57269750bbeff4789f60af15c90ea5d46a2ae22f270ebb325,7.87115058428416,42.89584903018675,14.588301428474782,11.270020554766127,212,3,0.09376573792277812,1.5545798319486075,0.3494421146465768,0.468144728339501
val,val/cruz/cruz_0029.png,3,cruz,21290954,cac14defc338de59f67e56d4e71f61d1966c33f00973d1182e213d47496876c5,8.308788956135022,87.84307942915251,14.643511265215118,10.238754432076068,180,11,0.46777239648268876,5.489173013614763,0.40108331888271304,0.44109024905520966
val,val/cruz/cruz_0030.png,3,cruz,21290955,1d7103bb73bf462bf6e8dbedeab5d59c94b65a54f726559a2f7bf8aa833f531a,8.755600924616962,169.10137740081598,14.487957506754963,16.791100790448777,200,30,0.4233483799829406,1.1422564254708514,0.3801867732301984,0.48519984851259584
val,val/cruz/cruz_0031.png,3,cruz,21290956,0fc781cfe860bcf9a217949ab83ed91e9fdc9bdeed4a36378de9b4ff9e7e15c0,7.924761192515032,58.32090901966324,15.704381696203793,16.34287844276307,242,15,0.6097467928138961,1.1488353000424347,0.40273618059511784,0.4936060180759421
val,val/cruz/cruz_0032.png,3,cruz,21290957,fbf402915eb68da8d725f75f919bba7d3d18f25d1bfa1ee118cdc25538935e37,7.729948963995127,78.27249593406053,12.190252975515799,9.980597080921752,249,5,0.38713371647932454,6.704285921914364,0.3501180455996686,0.4277899875354369
val,val/cruz/cruz_0033.png,3,cruz,21290958,72c9f847b5ee07efe17a462b01ce98123ee56375be9f4b496946662ca4443b76,8.86205612735526,231.86220264483146,14.998814136548027,12.409524090802048,202,18,0.6011202957079849,1.7275854135003086,0.3849292236417421,0.43438437203668856
val,val/cruz/cruz_0034.png,3,cruz,21290959,6d7901cff3118d7a9402d056aa0ee289f7d321da79cff46684991ad0e8395b12,8.283140758734884,218.63008767543926,16.394018498489054,13.753704483046592,200,30,0.11408431313535772,4.858056910152848,0.3369972829969129,0.4691369544734868
val,val/cruz/cruz_0035.png,3,cruz,21290960,f969ee94b1a0051bfe0bb26533c14417968fdbfe8fe16b6a03a83d8f8984b320,9.10749434941447,144.1893679523164,14.919281786367769,13.904966602374214,190,15,0.38123458143713873,1.9196802441204346,0.38395161715550746,0.4754210085769939
val,val/cruz/cruz_0036.png,3,cruz,21290961,8db2d9cb1bee4af17cfc10ae3169f2f28e53537616df3859b039c40d274f8310,10.01542314198958,356.4888949959958,13.767406948192791,12.055054563877482,209,8,0.12979507217356623,4.527543540346336,0.38426854080563494,0.4544464864544787
val,val/cruz/cruz_0037.png,3,cruz,21290962,8e803d54ef9f4717010d8e6f5a56f1ede95ca09682d9af2e54ee1fbabf33c7fc,8.518448798428537,263.50998727971813,17.413104740087235,10.760009320107127,207,23,0.18400875414061046,2.169896664067613,0.4028516041906181,0.4954740308469983
val,val/cruz/cruz_0038.png,3,cruz,21290963,3c32f75e02f32edf79eca56e837238bd3f2778651a27c7bd6b0cd9d7172ef798,9.144481945471869,15.072779488119432,15.751931710582621,16.855591906337153,232,12,0.0969526866355356,6.655590953111375,0.37922369077862494,0.5034922339475372
val,val/cruz/cruz_0039.png,3,cruz,21290964,d7c43aef080a80e1ae7a1900c5b1e35a3355a732964e7d0db76f8fa579dea968,9.565732496978267,275.85570765091865,12.142781711940113,14.535728093933368,255,17,0.2897566298997202,0.7363869880479486,0.3877902347437706,0.5028627133253494
val,val/cruz/cruz_0040.png,3,cruz,21290965,7bbcde2403c17004f0ce6a7f1a1644834e06e4f051248b5b560cf9acd081d51f,10.490925786782373,50.51692740794572,12.420447325082973,15.14928276520514,203,23,0.11570540939523401,1.5380721944790428,0.42428768316380594,0.5075014028318999
val,val/cruz/cruz_0041.png,3,cruz,21290966,a25cf3582fab89e8fa3abdd8ee4c9322a27c977cd9cc9deba94a70486944c6d8,7.94702291189616,239.6808241588234,16.233237509210102,14.979660597992204,238,6,0.4145520848044925,6.953305077111987,0.419242044393389,0.43354854397350173
val,val/cruz/cruz_0042.png,3,cruz,21290967,7b013b50ad51da93050c9c3986d8b91218ff532395c38cbba3d1a9f1c13523b8,10.043626079659617,130.7397060154184,13.089197823959976,13.940862232807847,233,5,0.22441134516413466,1.0279266056837204,0.32242304668114735,0.5097136370888466
val,val/cruz/cruz_0043.png,3,cruz,21290968,2c376713e21b3b5b85928fee7ef3428b465b9567575f1ca2ee0b89519b3bde6b,10.027436788719914,34.744649022521884,15.588286204915764,14.813785861846714,199,24,0.3707192351616083,4.100060567789139,0.36192927452360274,0.48002713671625225
val,val/cruz/cruz_0044.png,3,cruz,21290969,cb94ef105419087a92df87680bd53c8a2d37c1b8940712edd0c757eb4b80d1c5,9.31648437400025,225.87154317906618,16.453498815897742,14.61713762402042,243,8,0.33258453924687875,0.30342367086126565,0.40634546590496207,0.44131437716838007
val,val/cruz/cruz_0045.png,3,cruz,21290970,ae7838c1b2e4442417474bfb42339961295c88112ba4886dcfbfdfb779c44c4e,8.80853612721997,231.69954830630746,10.67516438049583,15.42132292357286,237,16,0.012655218606033292,1.9090826544069968,0.3442376534427868,0.436521313422842
val,val/cruz/cruz_0046.png,3,cruz,21290971,e66e1c2e05b1ffa955f35e31eced29fbda532f1a718c383ab1bd452f21addf92,7.09320557283145,341.4534753407643,10.81466330426138,18.14496171721853,254,13,0.23223514525274475,2.1469498837927223,0.3386649916242262,0.46026952446103825
val,val/cruz/cruz_0047.png,3,cruz,21290972,7af5dd376cde610558843db685429014bc0d7e2eee3178a61dfa1b6553771ceb,10.206894497951033,205.53854536931988,15.360523849978657,15.765389908864172,182,6,0.11298234641020198,5.426547550773535,0.3250815734051065,0.4383417615045149
val,val/cruz/cruz_0048.png,3,cruz,21290973,236b39991ce78bdc77e63a119528b0a85023ea82e3d3ea051f47ffe978e1c2c2,7.1384668140319825,276.09942350029786,10.836827922943849,9.06442368972514,199,26,0.5615428601591637,3.031049885590909,0.3968494686322718,0.4795273768222095
val,val/cruz/cruz_0049.png,3,cruz,21290974,3ac6b119b7c2591db097a001a30fc9b777c17b5dec2489422757d8bd959a3c1f,9.263474658401897,29.805121666714836,14.746846484595217,15.190915686949733,208,27,0.31097729449367045,3.8804592316075723,0.40076267429257356,0.44245380762038483
val,val/cruz/cruz_0050.png,3,cruz,21290975,a955615454abdc12c2b39f61d892ee85334f086cc31f61d1f149eac06847b2b1,9.252482343174975,124.05487034584098,14.30688216385253,15.03961857091899,185,18,0.5980872433496878,4.531798625220831,0.39821098357778956,0.46510059169559315
val,val/cruz/cruz_0051.png,3,cruz,21290976,cfda51132da8966abb52f6556e1adca389540e8440a2c31d811cf9989857460d,8.512156601128995,316.923710235017,12.604362262927609,13.814083458347344,209,12,0.37958786030712127,1.615065526849872,0.374596005098884,0.43144090053100465
val,val/cruz/cruz_0052.png,3,cruz,21290977,0b9290a73c6c51d1422537f694ec763b8376f078e7eded949948432974a1e1c0,9.739828026902696,197.00694403542641,15.894570525368145,13.76972915780227,194,3,0.549917865085064,4.717805884760952,0.42058850955238125,0.5116702750572812
val,val/cruz/cruz_0053.png,3,cruz,21290978,7ffa170219a2a23812af348d326401ca4cabddb7eef8b6b282e22a24f1d05e1b,9.773330312831316,209.36656207603443,12.008660975582025,13.18845414476531,244,29,0.1467463651750461,0.10293467727552608,0.33857146480622125,0.5115866607142759
val,val/cruz/cruz_0054.png,3,cruz,21290979,4d8007ff3bbb9ebf8bea1717c38e3b670de2a123c940d789e36a6170a15b3a1e,7.673399671558874,127.99636988041122,17.413721411834096,18.189396418421587,252,1,0.47768906081572826,1.7427488559388893,0.39989656237421667,0.49335936345387416
val,val/cruz/cruz_0055.png,3,cruz,21290980,56c2b8b4ae12569917514abd8d2366f3df8fe4504acf456efe638f35c3cf39d6,7.395780549271236,299.78850105793373,13.795390802812324,18.017512749496035,222,12,0.3210945065081163,3.158942411231256,0.3868538096606605,0.4715796026578068
val,val/cruz/cruz_0056.png,3,cruz,21290981,1034866aa6ca3176352d527b3acf2100412d2f165fedfca9e724de9bcdd807c6,10.044178640656984,242.26046349572962,12.504656486256193,15.66758547274102,216,20,0.34237876215666585,0.04275737167192051,0.3666565426270391,0.506537343325889
val,val/cruz/cruz_0057.png,3,cruz,21290982,f429abc6c00e3decc2ca3dd330c916baefb28d4157779a36c2f547517eeb079f,9.8599724219007,197.38138266788678,14.37677047101548,14.274302431738892,218,9,0.11983766453454099,6.114477894771547,0.40743390303683025,0.4596354217688582
val,val/cruz/cruz_0058.png,3,cruz,21290983,6cbe1618f7b579e33f771d62a67cde6669437f0626b32c1f13dc3a8b9464f3f4,9.189878825872817,52.09070004051004,12.853389352144735,14.711156975261554,250,16,0.10608400458174759,6.000854139850469,0.39159775745068337,0.49314298483479047
val,val/cruz/cruz_0059.png,3,cruz,21290984,5397ce5a6db9c9cf6709afe37dad3ba6119f1c4fd3f4c7d579c9e256dfb23eb9,10.348138976361959,291.5066204713001,14.323356728738977,12.804717331542044,251,15,0.1968643792473773,0.09186353607186304,0.366135822714345,0.47734017680776186
val,val/estrela/estrela_0000.png,4,estrela,21300925,4a12c6f5f2d5db7f221db3854a80ee8f4ba9bd56c568ab8aa11e746508c22a07,7.753878796581168,112.16796093215179,17.076069334005563,11.363837427551264,191,8,0.5725709294334866,5.453730752611423,0.397891845279432,0.4734915937625811
val,val/estrela/estrela_0001.png,4,estrela,21300926,ce59e152dc3f8422d7a61066bf5a39dfd60dc5934d08a68039b4b774413e2f63,7.775311015404707,114.25130787439906,11.56300086115766,15.72606578021195,184,18,0.4131405415033501,6.808337251128275,0.38023763531169563,0.4958784401331215
val,val/estrela/estrela_0002.png,4,estrela,21300927,f56cc6d9dedc9769cf1f5a53de3ede3c15d79c2ecf645052a710e0b43ea8cad6,8.493906750522482,77.12379702406948,14.666321481555077,15.98589610781339,216,8,0.5601046716487611,0.4309677496920835,0.3925240633804097,0.48476571364103593
val,val/estrela/estrela_0003.png,4,estrela,21300928,cbbe6f91135eacefd0569abc1b2af072db08ac669b44fb36d95d8356a5d4fa75,9.12019641908068,155.42926186264387,14.720103051998066,15.58759533123905,187,19,0.049744453458140145,6.3346999062978835,0.43767030685876973,0.49617867816409067
val,val/estrela/estrela_0004.png,4,estrela,21300929,92a850b53965779a3183123d4a86291fc3fad6ad649c92b00049bc389efa984d,10.398277166196413,180.9664672639737,13.530784573494083,12.830604952305025,186,6,0.5111390614381266,4.176879301951735,0.410179868396224,0.5063094956825317
val,val/estrela/estrela_0005.png,4,estrela,21300930,57cb458d05e27712e4918192cbfa960bc101edcf64ccd1fca661312cb4800053,10.032697216401134,326.9220816987608,13.17064484733935,13.027631025143661,247,22,0.39439345476301224,1.228007400927133,0.3542003450530727,0.4506945699416695
val,val/estrela/estrela_0006.png,4,estrela,21300931,483a600bad784b76b44a195a33f33c387a25c606fe8be51d27800f8432ef20aa,10.470826504168784,316.05422956009596,13.024101539106294,15.707030248967454,213,15,0.20978549618353154,1.416039490583732,0.40244516285355847,0.4902120207937056
val,val/estrela/estrela_0007.png,4,estrela,21300932,2da5fb32a290c1b2e1b4e770c8d98eec2ff08a671c6373a2e814b033a20546d5,7.878915033183721,37.66460514616804,16.084062629898362,10.08366135208948,202,26,0.4933367565873727,5.4462692476313,0.39547846143636456,0.4671860954107324
val,val/estrela/estrela_0008.png,4,estrela,21300933,b6d606df42874f34c8e44d828b8ee8c5e33223c1c3af9b2301a2499edacf3480,7.1731150939525,197.22170823901496,12.979641630273447,18.48773929522222,198,2,0.24054433878424397,3.4457906760378996,0.381168656058545,0.4389976818814495
val,val/estrela/estrela_0009.png,4,estrela,21300934,0eb42b91dc6aff34ae0ebe1a42c691c0d892298945ed93952c5d84b16847a8af,8.503583326868666,237.52033053472053,12.400242758170371,12.11526211201364,214,8,0.5262698696130539,5.700641562909572,0.38812318961814446,0.4788159197420311
val,val/estrela/estrela_0010.png,4,estrela,21300935,16bd088a47bf021af87a94d206b638a717524d94fd3f2c86fba9545e20a69ef2,8.262886532806297,185.86999890444275,13.824495808102462,11.175312496676442,236,1,0.3092834860101699,5.449058845701573,0.33514129466547116,0.44178059309255935
val,val/estrela/estrela_0011.png,4,estrela,21300936,b42d6a90add85160d419847859c1915c32bc0ed4195129d8f762294dd3878cfa,9.539299640308936,190.85055229000235,11.640024394012949,13.716069363494285,232,7,0.398575364850104,5.5001488862985415,0.3796010504544416,0.42722240275195306
val,val/estrela/estrela_0012.png,4,estrela,21300937,18511abfafa8ecff464e3458834d4b486fdcb3a2c5dfe6e6dfe58581ac7243be,10.073508385902565,49.687254428690764,13.500187335109747,14.052448080539278,200,21,0.20567151935052616,5.3150033113249355,0.32051104215219023,0.4311341802353813
val,val/estrela/estrela_0013.png,4,estrela,21300938,21c5d1005793cb7355e11c1c8a2bba51a2e8f9135a756830fd233d011658493d,10.343943161955155,157.04900005131296,15.270550408326933,13.880449337946015,209,14,0.41346915077832364,5.65797462825121,0.3683187145788934,0.5191633590389644
val,val/estrela/estrela_0014.png,4,estrela,21300939,25012429cb586545422c5d4a6222c15d6488f44c4b3847b1a06032bac22b7482,9.037313124221896,227.8981947939946,14.940620962416467,11.535475972249088,188,11,0.5578575194845332,1.4789025535117786,0.3784193721738187,0.4293279199559628
val,val/estrela/estrela_0015.png,4,estrela,21300940,597b61b513e6388b62d634af48d0206665a958257feb1072626299ffb028c193,8.522840469057137,91.68975732856737,12.27302148424678,15.783118698880195,237,19,0.20720345894575623,2.1761062383763647,0.3879389335654324,0.4357789463950588
val,val/estrela/estrela_0016.png,4,estrela,21300941,e0a6568ccd8a95a76843c02cf421d8dc81ec202f88265d427ea906e8f0a35e17,10.16220493124835,178.65865610211017,14.239713133000906,14.039013587620742,241,27,0.14567713680848265,4.992202614985644,0.33368742482482877,0.43760892925671535
val,val/estrela/estrela_0017.png,4,estrela,21300942,9ae79f89975f18b30fc5e6043a6f4937be92408c6f974db275ceb9106e9d6956,9.018294740510234,308.1356379467229,15.363311003207716,14.417844012251585,207,16,0.38802106009928394,1.927446564760131,0.40289609917953995,0.4428034719214639
val,val/estrela/estrela_0018.png,4,estrela,21300943,e197302b6568916546434e96cf1ba396ed530f5bbd7751f12f5a646f08031c32,8.498205665443914,235.27611229860958,17.67304466951326,11.898615165001216,235,8,0.3433142926499636,5.225820764358102,0.3747436926656449,0.4367639468432494
val,val/estrela/estrela_0019.png,4,estrela,21300944,01875e37cbd9aeebea88e20548624231e7fe7ae6efca1d58cd2b865796b5d5a8,9.365987832604219,281.9211505352078,13.025077545036718,14.472952351052884,229,3,0.2700306000687167,4.534516373467516,0.3588005742804135,0.5071698253830084
val,val/estrela/estrela_0020.png,4,estrela,21300945,02f7a0bd8f57b802cf7ee7de4297704d5b5c24151437ccb7bdcbcf0b8cdcbce6,7.999512595217952,326.8832523571587,10.590087714079537,16.07086841660045,198,15,0.6074639682857842,3.4625734820735268,0.34597561659071274,0.4750002800278239
val,val/estrela/estrela_0021.png,4,estrela,21300946,d7098cb625db912c10b750d0cff02a65c8c700f9d8546a1129a1397491db5b10,9.617197122381723,143.95346253310643,15.617876293503745,15.390453966729615,230,3,0.1958710099740519,6.259804761916919,0.4295983010881496,0.45651749690600246
val,val/estrela/estrela_0022.png,4,estrela,21300947,c71e293bdfb58a20cd771eef6648d7a0e69763f416c4968a2230e4c56ec98f74,7.241988906368704,188.81238355954838,17.09693650073381,16.53806021249473,248,17,0.5430633131783059,3.4488779007532657,0.34399360555328184,0.5169478059466692
val,val/estrela/estrela_0023.png,4,estrela,21300948,18fee35cfc46a799179005003fabbbe80b18504cbe065c7d6a0c217a3222768a,10.213960082600476,58.515776569107594,15.096119814391106,12.297091670597764,184,13,0.311806670937895,0.7783287471392514,0.3940271913702658,0.4342858291578653
val,val/estrela/estrela_0024.png,4,estrela,21300949,24a3a0160b873e6e09c3a5068e9bdf08bd8d9e7bad5e68f5d0b99b093d93acae,8.435989426022658,125.98062370987994,15.132793359240596,13.687841214553146,243,18,0.050643804118788154,1.4640529363086712,0.3510464039982464,0.44084373000412924
val,val/estrela/estrela_0025.png,4,estrela,21300950,00a9e5aea86e398d8bea1a80caa33b64595432f2bc9b0a6d68402f22c82ae411,7.932765483135235,295.3789718654899,9.855667556800695,13.520209835221907,198,20,0.0989252606322967,1.2664359374757468,0.3972725190375539,0.45541011583086827
val,val/estrela/estrela_0026.png,4,estrela,21300951,5004c2a87cdf47f5d5855606549e562918e1d479199b421857e05a9477c5cbb6,9.887537661699632,269.3836167689389,14.62884061042161,12.41414435944398,221,12,0.14029654433466368,4.127918820806162,0.3613434696551395,0.44129547841810385
val,val/estrela/estrela_0027.png,4,estrela,21300952,59f1537b439a6459ca88f4ec31cb0abb5e67c8c64baed9157b6bd0c427d2b04d,7.296370354466162,205.09344633300745,15.073376976850406,14.664096052561835,209,28,0.5215021012550062,2.1022452473727564,0.34133614388331585,0.42821138009902227
val,val/estrela/estrela_0028.png,4,estrela,21300953,c8189d3c8b62025b6022b8edf64906d4228c4c3b13cfb0e1e4f5b98a85d46665,9.70167404140253,337.0412478850511,12.081117892577023,16.402211009585628,183,10,0.06390190546782461,1.9882609831913478,0.36456304858778976,0.5173753959986407
val,val/estrela/estrela_0029.png,4,estrela,21300954,80935be841288b1e7310942323e8c0afdb6b41514cf638f1750c38197a2390be,8.928962208496216,146.92485830896726,15.60362864142498,12.082330723311088,233,11,0.10754014272717942,2.3478188088805005,0.43450771063536736,0.5110156338505631
val,val/estrela/estrela_0030.png,4,estrela,21300955,1eb49e1acc128e009524429f09c096fe72edefb6dc55119378d09ed261bf3b42,7.1019471162914884,14.14603885825568,19.094561246253924,17.289374361247873,205,17,0.277998047655443,6.0445489769319805,0.3516544845957645,0.5036801353063108
val,val/estrela/estrela_0031.png,4,estrela,21300956,16fe80b2f76bc2f0d172362689baba746cda1d99d00a118a793f348e7b31a8ae,10.173311977598042,322.2657056245929,13.324059151786022,15.18765063968847,214,13,0.47151618711176785,0.17862736079938857,0.42793612277076637,0.5004783564810207
val,val/estrela/estrela_0032.png,4,estrela,21300957,1a4ba46fdf1975bf6566a0eb5fe68865f93d8561625188e0acbeef51baa63555,8.542592048113283,318.54168091388823,11.618868216307185,17.542500865955805,180,26,0.029112522399377155,3.9442833573489136,0.3661349375218247,0.5044139900312921
val,val/estrela/estrela_0033.png,4,estrela,21300958,fef55371f3e9939d4d82665833bce7d4bffe1ba4646620041b39922eed0a2df2,8.191086900220371,243.15416563164501,16.156871453939807,14.407276778076021,249,15,0.37111873196197814,4.203684298374425,0.3530026501674378,0.48426512755572826
val,val/estrela/estrela_0034.png,4,estrela,21300959,d291962eec4a7905a3abc6f5eaf211d1854ffa45769e81444656da2b4bdb3f6d,7.1254964812345625,197.87975843308382,18.56994604909103,10.23087287131712,222,5,0.2969838146478612,2.9012746006136148,0.37042914013482076,0.4733150517478311
val,val/estrela/estrela_0035.png,4,estrela,21300960,681fcba5145613ed3945377ed927369ac4a703bffa992aab2bdf3872665f5ca4,8.736050124545006,186.1619647515821,15.542047890596756,12.411529551353174,195,17,0.21626932242527713,0.8087764532284205,0.39524016013029317,0.45152190936581593
val,val/estrela/estrela_0036.png,4,estrela,21300961,35213ea161ff5546427f9dfa4da027394cea825a835ac1886a308fea5df201be,10.434257336437604,297.46148632754915,13.543688534415772,13.792959967387382,194,24,0.6060314470538202,4.091726627872698,0.3340140327084298,0.42309563736271844
val,val/estrela/estrela_0037.png,4,estrela,21300962,294bc26852cbeb36c51e6ebca07e7636dde3e4dc875c57c8774d25e0c0d622c4,9.841260912907016,114.65168788836401,14.405151528607927,15.664619856770585,194,28,0.4931699381833992,5.340320942209409,0.3894896567517999,0.4665932455645934
val,val/estrela/estrela_0038.png,4,estrela,21300963,87fb22fc795f9c88b5455ca2cd0237645e570e33f3ddfd8bb1e64629a0ff9ab8,10.243689709319055,187.90662603812348,15.693997653659181,12.66788594253713,187,26,0.31244071602897105,2.889696486140358,0.3324968048806961,0.47468804355115585
val,val/estrela/estrela_0039.png,4,estrela,21300964,713de882b2310c7cf0a31abb4e04a64debcc2a0ca39be9a446bc7c6f15132644,10.043704732346153,90.00190463082869,13.165933461697753,12.893449901795444,253,3,0.5087000261083935,3.880390428956507,0.42506547777346326,0.48988078682335034
val,val/estrela/estrela_0040.png,4,estrela,21300965,e7e052b35f26579faef5e38ba06b1b813b04f4f0c8928e46e5f19721f779cd6f,9.588670250845086,188.4708108379676,13.051938458222354,11.62611413575668,229,10,0.46706113543462535,1.4336627133870918,0.35436494940828,0.4400307596231483
val,val/estrela/estrela_0041.png,4,estrela,21300966,952d24b1d67befac15d6e42ac83e165a88ae14c1c4e441e2444fdffbdba4c112,7.248612665561791,221.69621048337754,18.100679897072546,12.34829323173274,202,20,0.014857896923493059,6.09274222398629,0.3246544976112391,0.48284398710635956
val,val/estrela/estrela_0042.png,4,estrela,21300967,524751e7bcdfdd872b1ae41e8b59d4bc13b5704dfec4112e1b012697a983dc18,7.340676831177418,110.75933925819363,13.710105984384928,9.490021596804116,204,24,0.3573842100943149,5.546493245054493,0.34520495957540076,0.48374372544916133
val,val/estrela/estrela_0043.png,4,estrela,21300968,2c0cc13b980b6c97ca51ef28991fc66ff2633fb175768067154ee653466b4bd7,8.716742232317054,20.050462951144716,11.9841722082241,15.281358480362153,193,0,0.36645064120735127,3.7508997967266966,0.3511890071859992,0.5196944204440404
val,val/estrela/estrela_0044.png,4,estrela,21300969,468ca437c1af9e8cf220adeaadbca2fb924456285766b52a6abd3e51940746fd,7.6935278142393635,184.88938012674245,15.413315498916582,11.391435788421987,230,20,0.4706779435818638,4.3462583121380955,0.3636651961070718,0.49963301467591825
val,val/estrela/estrela_0045.png,4,estrela,21300970,d0ae6ab85204eb32023bfdbbfebdc7d46e70114c0529243045a4ba3e25e2e358,9.901873944052229,225.0466608507942,12.657259519887493,15.458392067688873,251,20,0.6118487593573122,6.207028810852364,0.4034076843457409,0.4413432139653118
val,val/estrela/estrela_0046.png,4,estrela,21300971,13f137ae22124a26ad94026ebfc500fce2160d6651568b2110a43b68b3e9fe7f,9.601853252672303,35.29182901108544,15.081246767352393,14.303432939424294,209,30,0.42549256628549115,2.746675921874963,0.41659753479650885,0.4345172829408881
val,val/estrela/estrela_0047.png,4,estrela,21300972,17d9b8a1ca22f5bb32f54af8da2b50071f36ff5cd831430cad30a9c267ccd7e1,8.48104348395719,233.02215761728883,13.576184961010831,11.33368299358507,240,10,0.09379542210885106,6.909825215599239,0.4220796994319158,0.42746033213942786
val,val/estrela/estrela_0048.png,4,estrela,21300973,e70433add1be8e432a2d530b102a4c0681096070bf75c7236dab323af3117e13,9.459075985486972,235.8573235634746,14.697479143806204,12.290453121988858,207,2,0.5241735922728051,4.373384294506592,0.40148682740974956,0.4282951620287042
val,val/estrela/estrela_0049.png,4,estrela,21300974,d8d474f575695080374257e037192386fbb31eb49bcda04ddf23f50a60434f4a,9.511603605067792,75.4483830090545,14.15153330098475,16.24262065890263,241,26,0.031542257084539144,1.88410649481425,0.4292914438730247,0.451615386214049
val,val/estrela/estrela_0050.png,4,estrela,21300975,b64f05e687016716b093aa6280bf3acc02c84932191791216e4ff7552431661c,7.820395232218047,228.6760907821524,12.287031671667132,12.517353513150477,210,25,0.05496166897155616,0.22702413892138895,0.35857801291645364,0.4466829902873667
val,val/estrela/estrela_0051.png,4,estrela,21300976,d88aeeb3a3654daab7e51a155f679d30b1c6bd8abcae34341e4cc2c35b950369,8.772621404401207,336.34016651338027,16.964669920729715,13.298882553391579,200,3,0.28431906770226784,3.9598510802251123,0.40075958441696324,0.46262825355010484
val,val/estrela/estrela_0052.png,4,estrela,21300977,f79432f092499ae9f69db334fa3d2fbf074efa3c409d9741cefaabd6eac2fb5a,9.340390992933292,0.21664984612836502,12.109643385380192,14.157046037834789,211,9,0.5151190495080298,4.672829781576853,0.39673321740107054,0.43857336012013903
val,val/estrela/estrela_0053.png,4,estrela,21300978,f2896db6bfeb0c191b0c3b6cac32941722b512636f84a0509385205993681e3b,9.877008307441358,120.92915251073899,13.259790820556097,13.34950673759736,195,19,0.09457356363838369,0.8173388589518744,0.36087803817592695,0.47714222043654403
val,val/estrela/estrela_0054.png,4,estrela,21300979,48816f843d3524267c7ed76aeeef8acb501b83858b8f31ab8f887656a8bc473e,8.474862532280582,87.62370325381431,17.21246560487847,10.611843009426888,241,6,0.5639676853208218,3.3867219692826827,0.3623837390449197,0.5000981920493519
val,val/estrela/estrela_0055.png,4,estrela,21300980,41da7d9b07696d57974381cf8b078e0ce20da0db15d80682a394d0aeeb1dec6c,9.145195046785545,255.65868489875717,15.635091862554274,14.09005519973162,247,18,0.22545926004465386,5.940850820878199,0.3922659893722018,0.47399383808801765
val,val/estrela/estrela_0056.png,4,estrela,21300981,819c9b18ee971463a114c0963243f31e2bda8bd77e2940a19a595ce32baa1767,8.252969365339169,338.6059547305682,12.625409790068755,11.137803042083178,251,21,0.09946902442500893,1.7347996651480102,0.3596546929964343,0.48299451953545247
val,val/estrela/estrela_0057.png,4,estrela,21300982,b7a6fefa0d7fea904c29bc3969b57f88d200dfb069906a320f3f59857a619082,9.693389012517212,215.05000996789036,14.707307254224045,12.575851384238756,230,8,0.5998148229715641,6.674806322380876,0.436237185573702,0.4957886036969289
val,val/estrela/estrela_0058.png,4,estrela,21300983,aa68a07182f124832561aa6bef0a9c213cb007ffd1f21ed148186029672cefff,10.110638263358421,228.43272896700248,13.61054537921961,15.855185530744212,181,15,0.21408668250329418,6.904425176220449,0.3479331714029565,0.43443470110479937
val,val/estrela/estrela_0059.png,4,estrela,21300984,35f690e7043e0b04f866e5a6c63d4e7623b367141fa4dfd55e2f88d4bd585b67,10.012570119453546,97.09568928966438,12.824147435526879,15.754944307043612,226,9,0.26638917568024206,2.557998037083873,0.3288496625609123,0.4792925206250184
test,test/circulo/circulo_0000.png,0,circulo,22260925,274a8bf7ec311a4c145e7a619580d4004ec03ae9af79a9c51a66ebc064a53b3b,10.08507738897015,269.08553937677317,12.002153415512726,15.91774685776626,235,17,0.07393048661643416,3.0766714119147336,0.42517422672983474,0.5058663159610279
test,test/circulo/circulo_0001.png,0,circulo,22260926,14c534de34f325376c9ed8e0f6a5204b726b9ccb3d3c531cd3667a5b0d855648,7.8084008088909505,51.728131220011846,16.882910533948852,12.249030129681003,223,13,0.4056180403904153,6.213555962720772,0.3517257142280596,0.5157449345545856
test,test/circulo/circulo_0002.png,0,circulo,22260927,26d0c54189adf2ec3c6fdb9e05545c0e2a8b3ed69d6b1240758c9582f3201441,7.128262228637982,335.71219892236803,10.6513970043328,16.48571167230983,216,23,0.5230153733611088,6.394800737649822,0.3829971234181761,0.433179971273869
test,test/circulo/circulo_0003.png,0,circulo,22260928,eb2e447e868fc48fa69726155a520e755edc18ecc1585699f25f858122160cb6,9.762779531573756,250.6439352724125,16.14955565482972,14.79842744421206,212,12,0.4797593223412266,0.47991797155573557,0.34002936673063067,0.5144377425605883
test,test/circulo/circulo_0004.png,0,circulo,22260929,23ba1363967a5aed17805a6a2ba0c45607e42e5273aea1ba437d668d5891ac0e,7.0827444075926405,108.96438377949208,18.8294603120721,18.09097276911321,251,21,0.2502084471493054,3.6838511082704253,0.4195458325562996,0.4384060842976225
test,test/circulo/circulo_0005.png,0,circulo,22260930,1c29c67d8088a6df4fc572d4b034980ed827161e59b394407ab6691b115017cb,9.716935996508134,240.44295094179512,13.990545041628401,16.054847844033965,241,9,0.25867486137432705,1.0064666565009608,0.4075971698603283,0.4630730390874557
test,test/circulo/circulo_0006.png,0,circulo,22260931,c323f1d2848a87422032126be3f30f868aea2e1f3cf8283272b0e895fcd2d2b0,9.818022831987845,19.36369504412061,15.15236439490172,16.333745224812635,226,11,0.6218821627802249,1.254426217414193,0.40743705152516235,0.44969753157872516
test,test/circulo/circulo_0007.png,0,circulo,22260932,8eed421b6241ebfdc1328de14a80da8d25ec043a12cd5cf32190625c3eb758d5,8.352055595456461,357.538016232514,10.48240022588561,13.467146335412671,239,30,0.5027668398580603,4.1333995285557705,0.3307014425369513,0.47773385065056795
test,test/circulo/circulo_0008.png,0,circulo,22260933,cb0c2b08906053016e7d9357f531603b6e6e070ab771a96eecaa8bf1d25fc9c3,7.761829031125005,15.3828858685104,17.859097253271855,15.68833750621215,205,21,0.0940240430369962,6.3663165155881,0.33195616393289873,0.44582159815307465
test,test/circulo/circulo_0009.png,0,circulo,22260934,9e309d66ad19b8525d2e2a2e4932d8f8867fda3a8c7b988885ede140ddceb4fc,10.324455685838508,301.39179422506294,12.983343446607714,13.409295309376677,206,4,0.12088530434327233,1.5157774014475336,0.38393591198534704,0.5173289530357335
test,test/circulo/circulo_0010.png,0,circulo,22260935,b26bde19dab93f5848e9104587d7dae54ae0aceaefc08f55f239808399acd6f9,8.299516801002298,222.9962998076718,13.528644576524425,10.781563614342828,252,28,0.40556448398650874,3.9342299987145797,0.39342177923990185,0.4761043302934582
test,test/circulo/circulo_0011.png,0,circulo,22260936,9492ae51ddf2128c4a5b2623a57659fb6a043554bf1e9dbff8b54a7071824794,9.518925261994447,109.78488541029371,13.865817033261584,11.976377070399199,233,27,0.4247262124721583,0.6446752226496527,0.3414436233679566,0.4971839621220141
test,test/circulo/circulo_0012.png,0,circulo,22260937,bd49e3040f4933f6b5e5ace338f934f3088c34afa8374a998f03de16b94a64d6,7.897562965689091,119.10043825737893,12.744422857441482,10.010684870454783,244,26,0.17433103704466998,6.639727195761356,0.39257990648910635,0.4941989982122773
test,test/circulo/circulo_0013.png,0,circulo,22260938,fc3a111bfba70f531b78211b6374222f4a763437e8612583dbd68245bea23512,9.624163239704313,9.293631181562185,13.414868710621098,12.444316060903251,214,20,0.09529362165690315,3.985194055400778,0.36227103138088235,0.47555255117639267
test,test/circulo/circulo_0014.png,0,circulo,22260939,4747f87e0649d3dec92adbdbc9aea77a67b9582dd7ca7f035a792c3c8e7f998f,7.237042539141791,223.33670640597205,15.79765948444374,13.362890237547685,197,16,0.322755825384463,6.202461402937713,0.3691286889265601,0.5123192255778356
test,test/circulo/circulo_0015.png,0,circulo,22260940,49807dc911cd0282fbe01f555d294ce50bb37d25dd3568ed9a9e10172baae1e7,8.522255740246509,189.91680482984654,11.404145245860413,14.445048902111917,202,19,0.5935045638594618,6.800578328314845,0.37618605944174777,0.45670905711821397
test,test/circulo/circulo_0016.png,0,circulo,22260941,4f73f82da85487e6a7d4a27f807a515af320619e2165b56f45617381574b9a79,10.172149299465929,359.94346311555023,15.758328825856086,14.969571733822566,253,21,0.4256319809641758,2.2884802000569717,0.4124312978349811,0.4394144814036821
test,test/circulo/circulo_0017.png,0,circulo,22260942,194350ad4bcb41a9f2c3ae474b5b63fc5a03f98d28d3f46213b051e745fdcde6,8.650513877701112,91.27872934776735,14.237028971664392,14.330753168935813,243,28,0.26299305093474323,2.875314820244136,0.38993759471475,0.48135701218822563
test,test/circulo/circulo_0018.png,0,circulo,22260943,8867eafcc85dab8909840be014e9408b0581425b0492e3781c52b526e8877084,8.049586978710781,213.16202418931246,12.861954524299748,12.923303415408515,190,24,0.17458005765712556,0.1443292158114332,0.3334391088359677,0.5193740465770936
test,test/circulo/circulo_0019.png,0,circulo,22260944,bce6cc88ba9776082dd56ebd155885798ceed8d1dbf57ca67a47c0515913063f,9.325974362031303,295.4348999036203,14.171881061879281,14.333680387152526,242,4,0.008761131322342032,0.8159211014762183,0.3589680968485229,0.46505686695730136
test,test/circulo/circulo_0020.png,0,circulo,22260945,fab8e66420deabc54a85ddbe0a82865f1e4e5a3ab032bda9be3c4a3c9532c6af,9.350652658287721,347.5955362817841,15.967845841908105,13.912636659480265,211,9,0.566928756876137,3.368125875623594,0.35882930915900035,0.4902478556204488
test,test/circulo/circulo_0021.png,0,circulo,22260946,109cb1e1068b9ab9dc5e3ea16a03a4dda15c621ad02a0cee43cc9cf8ecd3c1aa,9.9190462715168,80.66971246699202,15.582688971617896,14.52282598315491,227,8,0.26594382258381716,1.8855433822064562,0.39873514371487667,0.5128456591155871
test,test/circulo/circulo_0022.png,0,circulo,22260947,9b491f9902613199377dacf938a0f73fa6375a8401219139e58057c45bd24a17,9.211109999741794,75.0586831632895,15.000982584327607,11.359847192641292,230,15,0.004961873536959899,0.03180630641911997,0.3506971118700236,0.5150246243351
test,test/circulo/circulo_0023.png,0,circulo,22260948,e7b1653b95c24f16e4b75775ba5b588ac2c3c4856e3006b4e1d5c0543fcf0ea5,7.743218485826009,67.06089256801006,9.970253394477183,12.32997131254643,254,16,0.33026744728914875,4.104250688353069,0.33490704940885774,0.4683361181472077
test,test/circulo/circulo_0024.png,0,circulo,22260949,857b5b87f746252627cfaf82f5e35b0b1f8835d3717714adad424223246eb17c,8.215023151926959,275.0388223072433,13.911788987294813,17.98154310335917,224,26,0.16000953142006524,1.4184065023486427,0.40455502634686313,0.4488820507122436
test,test/circulo/circulo_0025.png,0,circulo,22260950,26815745837daa6f2877865fe4d665f5dc1016edaefc2bfd94921f1f41be7329,9.708611132180517,71.25085704908433,15.353253059499007,15.567968690805177,219,6,0.20499828539747209,3.629013733961329,0.39055997519283525,0.467310547810747
test,test/circulo/circulo_0026.png,0,circulo,22260951,fae5905889e027eb27f0f6b23a84fed169aa153f80108148cb0e6826ab4b5d2f,9.601424652427117,70.07148803647509,14.359146670439896,13.073594204717105,201,22,0.03344676607712939,3.6793950860427302,0.38822889867310634,0.436179996708115
test,test/circulo/circulo_0027.png,0,circulo,22260952,15799aef8739c5c06b4174404b2f2e96540c2a6d9f8d9f8cc6f8f1cdd7017503,7.73414350950514,34.69259252761895,13.903756943598243,9.734401063561192,206,1,0.5754917657652776,2.2935084818902176,0.3749683357183137,0.5180741394862597
test,test/circulo/circulo_0028.png,0,circulo,22260953,953c5535d01344254f118bbe4f9064cbb71069a7361e7ab1b7ae8b86ead1d544,7.7744303783004804,202.0842106605237,12.555570128681612,15.577104299118268,211,9,0.5600685828473705,5.7386207176994155,0.39029416545925477,0.5007116717919432
test,test/circulo/circulo_0029.png,0,circulo,22260954,70124cbafff5ed1323f9d1959e041924c905d7be13e07b50e222dc8354c4441d,7.957756508299466,126.12051999051143,14.180274218653803,14.675559500471703,251,12,0.006307295123454642,2.8038971509132278,0.32967386779724556,0.44331129756448207
test,test/circulo/circulo_0030.png,0,circulo,22260955,01f3d67c85f5c00e936789a0633b7a7e13573e3b57ba0cc1022d36e9dafe9435,7.348616406043605,312.61298022741744,18.798323473703668,17.64514758477862,196,3,0.43591804660352373,6.964532225458039,0.41254946605615606,0.47627264096396293
test,test/circulo/circulo_0031.png,0,circulo,22260956,19ea69831282d4f19e01956e5dab76b5132c969228d42165b885681bc3a14fa1,10.14869453408972,136.72957108818437,12.572464168208379,13.330450159392166,243,30,0.364920040113454,2.976362386776575,0.38744882858426366,0.4961128369916554
test,test/circulo/circulo_0032.png,0,circulo,22260957,5acf4dc5c2b69095132d6a547cdc5f4339643e0b2e22ea15732d317b636190b2,8.613387324465457,56.91031350737479,16.018988529561835,10.842040961780928,230,25,0.1645507942267451,4.306634823050746,0.3474463466020748,0.457636148601337
test,test/circulo/circulo_0033.png,0,circulo,22260958,18d9ed135b87e823f62394166881b7215969776c0631c32a23903b72ef0854e0,9.726452015214225,249.18789899104442,15.37877732188596,13.28242430925993,194,28,0.3134852566442714,3.666209230992857,0.350287783124915,0.5097014179303712
test,test/circulo/circulo_0034.png,0,circulo,22260959,68f9cd7e501e50fec8c3faf516319fc224183393d5a541e24fc80498462c6da4,9.098610299925742,16.231838676554982,14.682155186337493,12.376932990860332,227,1,0.058866014660231156,1.728245952827514,0.32230608730328414,0.4603605866625834
test,test/circulo/circulo_0035.png,0,circulo,22260960,52cdc452f9ab0ac72ff181b57ffe7a2b4f29f24d2a0a22f5b6bb535ae7f1fba4,10.073954380121034,81.00377425101708,14.242390264990895,15.382231493877537,210,1,0.2172499978959521,4.260934928021384,0.3763994550875088,0.4332330938228176
test,test/circulo/circulo_0036.png,0,circulo,22260961,d5f4cb975d0ae4b898b658e34cae5a84bf74c11d1e1752814400acee0f532369,9.722859705719515,333.9419401343334,13.986567589401073,13.368707496772911,250,16,0.552980522202265,6.287271311194497,0.34706729959537574,0.46928024959048764
test,test/circulo/circulo_0037.png,0,circulo,22260962,d754a09dad61f8933903d20c96726252f086b28fe8469790cc25ec116518ec6e,8.733875050502641,214.47600306957153,17.2745290089793,11.025606039733574,193,21,0.44320473451506115,0.6200669712309443,0.4311786492450944,0.43421037497480514
test,test/circulo/circulo_0038.png,0,circulo,22260963,0849ce92ed8379a72175d4d7284f2f4532e5fc9bf03df51f4b94886e09fb7f63,8.223726227774712,353.65719618723006,17.399096611375157,14.34381004697925,221,28,0.15376655798608072,3.6968792853314314,0.3872701135089879,0.5191408114479176
test,test/circulo/circulo_0039.png,0,circulo,22260964,d57ba76127e6f16d3f5d5030ae7186c7b875c15b0cfea5967364fb82f0a31138,10.447178915867546,143.741541361408,14.875322646206945,15.480860470925617,235,22,0.3941997241655212,1.8031802511489596,0.39436533559914766,0.4409931468266515
test,test/circulo/circulo_0040.png,0,circulo,22260965,7a5c659937202bef0be00b1ad117b5b860d1cb9bd94d53c30b4ace1b3d00125d,9.622908884309833,79.89988314314186,14.535077765868856,12.598949925552349,241,28,0.5732517881000728,5.492276905598661,0.4283534571931114,0.43772890919783436
test,test/circulo/circulo_0041.png,0,circulo,22260966,2e7b53627877942109a723fb46de7df4fc270a58de8be2776551d57743532363,8.906139763368074,346.3033774223596,11.56806708747325,16.0419334350797,226,8,0.5097771102401902,5.102224863290962,0.3210511912340086,0.4410404139493286
test,test/circulo/circulo_0042.png,0,circulo,22260967,a79fadc6205fe8f011c8f91bed5213cea56556749e585a8701afc175ac602302,10.188172597459042,61.69078697623361,14.764117941519046,14.437367141505886,219,3,0.4355071995340467,3.447027046275104,0.34348903842483114,0.46336302329401224
test,test/circulo/circulo_0043.png,0,circulo,22260968,5528f7628c6ce1976bd8eb8e68316d0b12d1fd78bf3fc14d06ef1fe3c7e8c2d8,8.425007051167233,179.66220410604757,14.870686137075907,15.8649381195296,241,11,0.058187417546786885,0.7896062826644042,0.4205667486867522,0.4724328939355695
test,test/circulo/circulo_0044.png,0,circulo,22260969,73c6bc248fc9d1de3fcfadc711c69329e48e1ab6af866cb896cfe49b8d7cb8f0,9.022425667702011,344.3667907191948,16.96467913872781,14.026436904331385,194,20,0.17701048549678305,0.4741563584797134,0.423911576595539,0.46113242326846343
test,test/circulo/circulo_0045.png,0,circulo,22260970,10b336021249c00b243f5178448366a3de551d57e99ab118b5731677e956aee5,8.947785201186568,150.13137104530546,14.79490018121988,15.508254560103346,244,15,0.38027228776219474,5.411849706100911,0.39358087466836145,0.4843338129410566
test,test/circulo/circulo_0046.png,0,circulo,22260971,9a57fef2797a0243c3bf380b07ac3b1c2b95ff06aa8bb843066095c6d5d60522,8.088490050854583,267.5913832089273,16.346928636837074,15.618519313701317,217,4,0.03500658169389725,4.312564818950376,0.4146980526713933,0.5083417356019221
test,test/circulo/circulo_0047.png,0,circulo,22260972,b2de0c8dd23d713d373f8ce8a3f1d27d175c9347d8d41a28d1a645c712c21d64,9.554964289355901,22.031494210214476,13.693543986362592,12.129745442976189,213,10,0.07787972008235418,0.7623984701515958,0.39629740109095274,0.512193549659695
test,test/circulo/circulo_0048.png,0,circulo,22260973,be26ae80c55b4c4d9705c5142dc0c15e784b6c44df66d16be6d5a9614ee1705b,8.366691437128619,124.08014116771,11.595122157921244,15.516563347007043,233,6,0.5672527140228243,5.896193003854224,0.3357553246808619,0.4971118677115774
test,test/circulo/circulo_0049.png,0,circulo,22260974,49df3069ed6225865d884b7cfbd1719e78f27431b96d2391c09825e873e1677e,9.084491782907046,69.00680885468239,11.977555590895806,12.951140219260921,248,6,0.2827894662954423,4.632655658445333,0.3230748977142842,0.4833612045963702
test,test/circulo/circulo_0050.png,0,circulo,22260975,10892c417bfffd8cfcadaf1f27504f19565fba3e8079a91a2e10a3dc6749cb49,9.172462098839015,250.39088105735252,12.605461673361944,11.69782678653136,196,11,0.40101323027283253,0.5501993260690402,0.4302699223080062,0.4430223787342982
test,test/circulo/circulo_0051.png,0,circulo,22260976,02644f98505e32e6f11386b7d0c9ffa4d900b8e1e8ed672fbeafc40177f93155,9.444350557819524,64.20554106648765,15.942273297555715,12.653134753923938,218,17,0.15755058932169436,6.840629331923916,0.34871510640335496,0.5019494465228037
test,test/circulo/circulo_0052.png,0,circulo,22260977,464121acfb91b3a35cb9648896d1e79de03722b58daacaa8ca4a33774f864062,8.003253372612212,75.98057468302018,16.090870644161246,13.69355691372334,214,18,0.3995955353480938,3.31745135756348,0.33260989329303653,0.5031496125613468
test,test/circulo/circulo_0053.png,0,circulo,22260978,c862fafb6548a72853d3606b9d337c33564c094ce1086e873f26487a90d57063,7.800409874208037,69.78116513733148,11.64627064835727,11.843138600008619,246,5,0.26264753449555805,0.6171645707524452,0.37483959636025777,0.44320983058074365
test,test/circulo/circulo_0054.png,0,circulo,22260979,5c713972888be78e6c8c6edc62177c85cd9473e53dcd5bf3416660b572022c87,7.5363412952665785,154.16407839873725,17.000605986748504,14.227148798978611,217,28,0.3397054490626529,2.2877551279298047,0.4096797792560713,0.48841614781804377
test,test/circulo/circulo_0055.png,0,circulo,22260980,95f9a6ab23ba4885b21f68a176d72e497f7fc6b961b28c82698180f95b4c9ba2,9.209244750673008,83.05648124747866,11.700979282200517,16.952196061176075,251,9,0.14493791882197346,3.2713855835806815,0.43527880278365577,0.4552242645899883
test,test/circulo/circulo_0056.png,0,circulo,22260981,4e7837f3fd4a425565297d7be38f4c14a0b23d2917a2629dbe2aedd84be95610,8.939005051988664,8.00955903833921,13.317703421829558,16.626293989018436,236,30,0.02706725025415605,6.973432886701092,0.3508129192732702,0.47669477689975537
test,test/circulo/circulo_0057.png,0,circulo,22260982,339fa7c13a8ff01f35822c5fc55ae391f342156b7633ca6ed4ab6e03a05524e3,9.74476405109824,305.3519346644076,15.722537387781346,14.672086675753278,183,7,0.5559363412747983,3.1088713542680875,0.32205688032482366,0.4566344101280273
test,test/circulo/circulo_0058.png,0,circulo,22260983,62fff0d889b579802b0ed38714077025dee81d91196cc5ee9ee93e0736612004,8.656624640419276,184.14216392063318,16.980439647328087,14.990580247982807,205,30,0.1468610638868192,0.2184500448582828,0.40269994176111035,0.47097496513827547
test,test/circulo/circulo_0059.png,0,circulo,22260984,c6aa5bc60eb13df4c8e636ffad25d51ae766e48bd87fb163de76f7941e98a839,10.088703011736179,137.69755405311298,14.719626828761044,14.064806744474573,203,16,0.061942789601049666,0.5742301762868233,0.38262910742369893,0.4843364026642072
test,test/quadrado/quadrado_0000.png,1,quadrado,22270925,5fc577ee9c80549cb59f8e1349fa4218205309c0b200bd1ac6b51773bfffb6a1,8.186698041876891,82.7042242299692,12.290896125333107,16.81578448086013,221,28,0.5335803899289837,3.389684135889022,0.38397146817713695,0.48378403972565637
test,test/quadrado/quadrado_0001.png,1,quadrado,22270926,083422f91067ba97acec3c71e8f18aa254ec87fb05a86d2a9f456bb389d9a71c,8.5439225631619,130.93776838345195,12.897527615295857,15.664266374108337,200,25,0.3283152624577708,4.250035571753718,0.34395737927895936,0.5012879815444118
test,test/quadrado/quadrado_0002.png,1,quadrado,22270927,3aa55bbc75a138cc3ef546051f605f7f18b8afd5d447401088f3147c01a951d5,8.711984061130043,193.83519289314302,14.365493811984258,14.227110771651903,222,11,0.481100714998163,6.162484272904284,0.3437813134363383,0.45508699212362497
test,test/quadrado/quadrado_0003.png,1,quadrado,22270928,72bd744a76bf373415aa84789fe5e24b9306e4c2c8cd4b0e3fb854463d010b0b,8.848092077956279,338.0079833425903,17.30248771655738,13.745370441131046,197,30,0.5224210795169505,5.3920755658527355,0.34763158599341387,0.4372809548692759
test,test/quadrado/quadrado_0004.png,1,quadrado,22270929,03bfef4c43b54d8993816de2181c72ee2c69f564112bcda9abe5bc1aa4a5e224,7.732402845625304,73.99004983052534,11.656955749091937,17.126797219057,233,11,0.5191029087198961,3.9872707061919526,0.3627715470758923,0.4386566948400862
test,test/quadrado/quadrado_0005.png,1,quadrado,22270930,fda077ca1153166a54794b9b16db6b5e2ec50544908dfa60b846e1270eceaab2,8.334023858271541,68.82906423216306,13.41538234103749,12.247294801429067,201,12,0.02572818308686454,5.288759258589458,0.3738183141982635,0.4770961780984951
test,test/quadrado/quadrado_0006.png,1,quadrado,22270931,5df704c3ae466eedacda2f4caa56ed8fed031a32fde1a2dba57fad1cd116dfe9,8.625883241772613,214.43210463581158,15.755447629045559,16.43054167489672,190,25,0.4925119876567378,6.425834923979581,0.3241415129715851,0.48354386110580205
test,test/quadrado/quadrado_0007.png,1,quadrado,22270932,4bdae3c3ac80a0ffce445ba0b606a595d78b8d13b7addb97c3817a06bb5cfb76,10.464547888115376,347.32060523996955,13.677670092539515,13.44131426769662,185,10,0.553494071140848,6.157919376112565,0.41647193737817517,0.44213532705881525
test,test/quadrado/quadrado_0008.png,1,quadrado,22270933,56865afadaab8eb14e1585de843ef14dab2a717eae8312abf252de3db0a31650,9.488650091562452,91.91226373546829,16.066330321482724,13.98262974242558,206,5,0.48404373819407365,3.5076492265314396,0.3832998725052657,0.44991926521458553
test,test/quadrado/quadrado_0009.png,1,quadrado,22270934,ab0cb626bf543e0bf9bdfef60990c57c6144c8be901a32d11a74edb5eb74c34c,7.148898191551779,19.77246475514792,9.75967322926693,15.730219371740676,230,8,0.20762610787900562,5.411908667811931,0.430129056014433,0.5097851655092203
test,test/quadrado/quadrado_0010.png,1,quadrado,22270935,ec9b697444e0930f99a065e739413e382fda1885a7410af650ac7ae1377cdbff,7.082588051153671,219.8367255757149,14.663244262531473,18.477441292957202,245,21,0.2736196581395266,3.9104604159856633,0.3332128406603088,0.49274365807368764
test,test/quadrado/quadrado_0011.png,1,quadrado,22270936,e366edbf642f2ca0b52fb0d82de4aaf7e64ef91185325f68373068b4bda2d98c,8.187195579306264,34.39861630568253,11.483135944450568,12.42887653022423,207,5,0.1528945797418811,0.19081075083813437,0.3822769119656625,0.42453264343414654
test,test/quadrado/quadrado_0012.png,1,quadrado,22270937,bdab3de11b6beb9d421418d69a8de74e0127e16249fa6234427e637393d407c4,7.314311015712066,77.19182907736965,10.353521834597162,9.933298324822447,194,23,0.38243148581012076,1.0025150179436029,0.42347102202168674,0.45602842777693603
test,test/quadrado/quadrado_0013.png,1,quadrado,22270938,99d745f6fe8d71db9331cab14a3db1077a43b808a98ed25683795b4ec3343ac0,9.230896031380023,303.47350471733535,16.03523929926891,13.297400774402796,237,30,0.4351298456967853,1.631342725228166,0.40460721616587836,0.4477017249480992
test,test/quadrado/quadrado_0014.png,1,quadrado,22270939,64623f6eb91c64cfced95b0a7442349cf02cbba8a6db1cf17d39d1b4a4529591,10.088220586078808,232.20379823957268,12.642450650114025,14.594642691442113,208,27,0.3408400750200791,1.7005146579534252,0.37761770986464155,0.4941515523415084
test,test/quadrado/quadrado_0015.png,1,quadrado,22270940,9959b4dd78c0785ebd3a202c46d1fe147dfd8f6a083605e27a342aa8fa5e9808,9.720894547236353,86.46024956721381,12.849619449471472,14.128959148987542,238,30,0.023124980820098794,2.0261065828911944,0.37219762061954104,0.48786544468319787
test,test/quadrado/quadrado_0016.png,1,quadrado,22270941,807e5750c27a234b68995fb29487f0ad718ee78ab35da4cda097d937db68d25a,7.218192346527443,241.33293114769688,17.351800383386063,18.010702855676733,240,9,0.5415538608770976,3.008596963571743,0.38901545801955706,0.46309583793974707
test,test/quadrado/quadrado_0017.png,1,quadrado,22270942,0d7c2baafb9dca46272bb5842b4781c87a30a92e6d9967f718dc117f768c0b3a,8.991024922561074,79.8940442563612,15.117492999134722,13.371956600105282,254,20,0.513049303339177,1.6809129373510514,0.3726321280422982,0.48859987227434787
test,test/quadrado/quadrado_0018.png,1,quadrado,22270943,090454ec7ea216fa4641676d9cc188c2be6e597ce346f2a55b7a99c2059198b3,7.210190000090641,297.5545065260885,9.590258087332016,18.181576121820584,210,29,0.612063893424222,5.3544217554892395,0.34080901746609715,0.47232964685620377
test,test/quadrado/quadrado_0019.png,1,quadrado,22270944,7ffd038c9dc24491e136acc69b98a5661857598fcad290591cfe9a6bc849a551,7.466491162013264,149.4752068904252,17.543702636777617,16.414314902095686,222,19,0.3997845235121698,2.6656599543001627,0.3593974713313803,0.5081315924082216
test,test/quadrado/quadrado_0020.png,1,quadrado,22270945,9be102301cbe09b422630315bba6acb724ff93c422195b06826d5101dbe9bedb,8.962578906098296,46.3861644626304,12.371427384235927,12.998483059166906,246,8,0.5786671910183692,0.26221314674125507,0.3289692509434516,0.4441774953988589
test,test/quadrado/quadrado_0021.png,1,quadrado,22270946,fb3e103702424703ae3269be91d0fa3979b087d87681df315b055f0d4b2df1d4,8.896726096751728,7.6524345077256495,12.153699699526888,15.532999044895348,218,29,0.5522074875957697,6.722899559980693,0.3926562364007117,0.43664067450713684
test,test/quadrado/quadrado_0022.png,1,quadrado,22270947,fe3df3def27dd3cde6d06ec5d9029bcaa05d3340e81c24e74d09b3135b99f446,7.914237388574526,20.14334947716707,10.433919744734292,12.043704397720326,220,5,0.32025169522998587,2.288268038380102,0.39792176226118514,0.5143211098645959
test,test/quadrado/quadrado_0023.png,1,quadrado,22270948,96236a79c7feab163f4bcbcf68eb2b986bdb77248b14a698279468800339e50c,7.710183633706944,250.56816191169904,15.992226343633636,12.309692713881494,241,22,0.6448313972832289,5.6473025949530635,0.3553748104210598,0.44920655067653037
test,test/quadrado/quadrado_0024.png,1,quadrado,22270949,704f1b56c3eb9e7aa51b80a16e92f3312c9b54b6f9a5199addc3ba0ee18b2af4,7.848345921386982,112.37429321707104,11.095662073807953,14.526691754815591,187,20,0.07288266118149729,5.327325072173567,0.3597503793726155,0.44112804628725283
test,test/quadrado/quadrado_0025.png,1,quadrado,22270950,f851157a25f0c1aeb553c1be5369ecc36712dd29764bceb0fddfd320d6c41b0d,9.92237576493381,65.51946251618388,14.934264341818773,15.162343726495008,194,30,0.3971434953571643,3.6743041814530795,0.34327105115315587,0.4858789680688096
test,test/quadrado/quadrado_0026.png,1,quadrado,22270951,e9299541a08e0ab83fd4b3421aaade87d0bf055e483d551207f19e4dc2556370,9.133287640756546,149.52997250323548,12.326505760019312,12.912427309248713,223,23,0.2827894566628536,0.8537779043255308,0.4027500607942278,0.4293662644987834
test,test/quadrado/quadrado_0027.png,1,quadrado,22270952,fca073a4d90665df6ace09e06308b7d9440cd653b7c8af43655cbde1c428be1f,7.472320388554184,45.62550566644625,9.317365171488863,12.41150814926512,205,13,0.5929670304116188,0.8904523425751545,0.3271613233986639,0.4869669950002281
test,test/quadrado/quadrado_0028.png,1,quadrado,22270953,dfbb51a2e90a802cbd314fe44f7aaa565a4bf1b1ad4316672b8ae1ccd5a8fd55,7.780522822669089,344.93157494544795,13.938739559983336,11.828609863342436,205,10,0.18556403461190105,0.06465978951727835,0.4260324026103808,0.47860033165499855
test,test/quadrado/quadrado_0029.png,1,quadrado,22270954,d6d6739922fef68637282ffcf7575df19466ab98d63f7d199ce1debc75515ffc,7.939986457201451,199.86785044086358,12.742682760859713,18.089994057064892,239,11,0.11327871426522394,1.9600115510789973,0.34002317856489833,0.49622689675703807
test,test/quadrado/quadrado_0030.png,1,quadrado,22270955,849814b4b07acf169f5b26d953d2b173862453de564238d7ae07aedb8f136d0e,8.405069502506398,348.40743878916436,17.11278129854311,12.029546738992904,220,28,0.2851486362279173,3.1243958829263105,0.3787047826680407,0.4878390138180651
test,test/quadrado/quadrado_0031.png,1,quadrado,22270956,6315f7c93505ecd01de27d8d6bda36913aa5945b3bb186dbc9072109f5f9a34d,10.413000086215433,7.275277148725867,15.239652774835188,14.962651118619952,229,15,0.2622661737785405,3.1251619884173065,0.41676412548894803,0.4924660984030571
test,test/quadrado/quadrado_0032.png,1,quadrado,22270957,a8975980236cfe59fa5736a2195ee8191e3df5c8bb282aa4d7aeb8c516af347f,9.46018035056144,355.7193945547886,14.82801567817016,14.953689334864073,236,11,0.5134529884472601,2.7420369921678454,0.3962935180026814,0.43900848475667986
test,test/quadrado/quadrado_0033.png,1,quadrado,22270958,a35a7890e5c2870476199222bad7b4fd0ec64cf9b42d73456a26b81a399c93ac,10.068158933973855,84.45811523359913,13.369638650526863,15.542389698994914,240,11,0.4344749730703837,3.0265332189771064,0.410695315856772,0.5109098440355743
test,test/quadrado/quadrado_0034.png,1,quadrado,22270959,c14ad1304ada78bb8838e1200bdb54096229c8167df63d90214fdae973a22b31,8.056555005550608,277.4481913654152,15.043992774305263,17.61546490933075,251,18,0.43448733488845204,2.1388300846171253,0.3328317300472428,0.4500551099840068
test,test/quadrado/quadrado_0035.png,1,quadrado,22270960,1c9e4bf8882b6adfa1c098caa865e9293a5e01276fd0283329179c5bf2b5ca29,7.661534316858061,95.05906538852511,12.843472187729619,13.787929487626023,219,28,0.11264169315367475,5.3855432613192225,0.36068963724067804,0.4702060626327179
test,test/quadrado/quadrado_0036.png,1,quadrado,22270961,37241bd0fd04f199907b0538a6024041ba61a838937996dd44982c058775b209,7.3228299646773385,305.08128657275597,18.865500683238277,10.372281994760481,193,8,0.45284423484652,3.6046848826610676,0.39168369268785763,0.43383462498425496
test,test/quadrado/quadrado_0037.png,1,quadrado,22270962,06fca190014298147b0919c651a8ec387a7a2f5dd507f26958b7f40cee7c4585,7.949584871372583,121.45548476893225,16.318810031617723,12.097498352419118,219,28,0.1542165097609369,2.398111658239033,0.36018262743977514,0.5133592576492721
test,test/quadrado/quadrado_0038.png,1,quadrado,22270963,75be7bff69ac36723937162c89e46fd9973d0bcbd74922a535e7ff9e6efed2b0,8.20082910883007,344.16007583705624,12.649810475008367,11.675828180305022,218,7,0.5019940630398807,2.4366777109032753,0.3645373269802573,0.43814164771074043
test,test/quadrado/quadrado_0039.png,1,quadrado,22270964,d35144afceb3c890751ac40a9294de45fd3abd981956666e972bf0216a735f0f,9.838259076580197,17.2525669605254,15.176359324154973,13.247161476188257,213,12,0.3229872602507663,0.3353787783023593,0.4130506260382111,0.4785244951385098
test,test/quadrado/quadrado_0040.png,1,quadrado,22270965,8146c4f715ba64c5d253c204e1ca5fce4a98c73343a41f730b770c13fe570f99,9.333282309714479,56.07856697386393,15.394644849196931,14.405826361799296,224,18,0.4379145204248369,2.5204211870890454,0.4171292793572494,0.4482831666079034
test,test/quadrado/quadrado_0041.png,1,quadrado,22270966,40101a9fa0ee7d8a00e04741b18064e0615aed444416d4a096dc84b180afe3d1,7.50639929772064,356.3636621894857,15.05075564532812,13.213520759472724,239,10,0.53358912451032,6.076468828965647,0.433924050266213,0.4420111860294991
test,test/quadrado/quadrado_0042.png,1,quadrado,22270967,b99432392590263ebca55c244cb9759bdf37a46fe2f568991b1fe6dc566b0762,8.727956372831127,31.672744427133672,11.246633574023116,11.456674255887634,211,1,0.2543699024498715,0.016481070550364185,0.38473133303276,0.46322502174635277
test,test/quadrado/quadrado_0043.png,1,quadrado,22270968,23d3d33dd991f62112b6eb62e6db3ab05c18a5aff2bcfb74e761be39f516ca0b,9.00498378043404,349.21598416694826,12.137456630899615,16.629360777065433,207,27,0.2048808367427716,0.013838053372898895,0.39142067934113156,0.4389756262139656
test,test/quadrado/quadrado_0044.png,1,quadrado,22270969,d8d9cd8ded3a630d1b8bfc578bbd3a35ec9269197b1e2919a090ea425b5ea27a,8.438613030473622,64.60919723088595,12.423940642227622,10.708639352926413,198,19,0.1598263361343838,2.160998692805449,0.38858483004153715,0.43584389486253267
test,test/quadrado/quadrado_0045.png,1,quadrado,22270970,e0b9821db9b0f379c2d2156d4d88743226883451b9961de313a8d4a2b0ae0f24,7.07144184493511,5.630053190163267,11.779810959723102,13.676743738331389,182,7,0.5667005027358469,5.658805369922707,0.3431038847683372,0.4247230130604747
test,test/quadrado/quadrado_0046.png,1,quadrado,22270971,73ef9992aabeaecca7693a88d0bb606aba37990b805ae6756c5b73e927ed4d8f,8.105447758191684,31.584029169439667,16.00008959414813,17.252618674039372,188,17,0.3555115662670039,4.924170524147874,0.4208005963432969,0.5086317901301824
test,test/quadrado/quadrado_0047.png,1,quadrado,22270972,92f45262308a6f89460e53b35822ccf0f095915942f3287c7b432dff021057b9,7.120364496838622,241.27342858077373,15.882455535141737,13.35792777991599,237,12,0.28572932567566856,2.2240896825438163,0.33212175891157514,0.4463246588100543
test,test/quadrado/quadrado_0048.png,1,quadrado,22270973,60d8ec952b36afb0d82a82be35f59d02608be71c5795b7bc3dbb72839809a1eb,9.120916785806845,109.20846055643064,13.619864087261973,16.94979168056296,224,9,0.25831083455097953,2.168547054646304,0.42591909326646504,0.4713440328235804
test,test/quadrado/quadrado_0049.png,1,quadrado,22270974,26a7fe88a87e4eaabb5fe923a1131f2b7da6446ca07af00acb8be741e2d08755,9.51219795920702,273.94366317568995,13.257950006906531,12.221534731897831,229,4,0.5203802325077331,0.976788550218906,0.4333736001942713,0.4773116995812987
test,test/quadrado/quadrado_0050.png,1,quadrado,22270975,319482fc96862af51c1b10d7ce79faf665960152c0939a3ac061a79a3a98aa2c,7.81516222081395,151.42024023151382,11.390253014791677,18.03164936928444,218,15,0.32443064254485227,1.666160960262455,0.3419944053528257,0.44618513746891014
test,test/quadrado/quadrado_0051.png,1,quadrado,22270976,bc7a1698427d09726d4c5203b49836a450fde66cada99bf40cc1904c10aa1474,7.0942687373515225,93.4802862279673,14.667927180598333,18.470975881641763,188,9,0.5185522732297363,6.485515452394652,0.3593260251662639,0.5116128568199647
test,test/quadrado/quadrado_0052.png,1,quadrado,22270977,774048f7f23ea3e174e449e631cd9124ab1d65fea66284922596377ddb15948d,7.987149503059159,357.2605473282992,13.929180286730269,10.943757118992716,227,7,0.6404391869674587,5.550835073295195,0.3586229876700172,0.5041818578427266
test,test/quadrado/quadrado_0053.png,1,quadrado,22270978,524c710955f19e2099219ac254afc5a3565f69a88c8a62ebba4f64b06aeb996c,9.8159367130481,101.05118690448434,15.425258186852707,15.169717190665448,197,3,0.4701778414178287,3.2903657272873854,0.4127434996192858,0.44651134055358205
test,test/quadrado/quadrado_0054.png,1,quadrado,22270979,43488fd0f1e01663de0440e2a519c036f1110e43188b946a8a36cd41e0a617a9,8.083271146849537,113.3776507918377,11.222709706037934,16.31282257785741,190,15,0.4125581104908863,6.283030999958809,0.3670509939024425,0.48314237745017063
test,test/quadrado/quadrado_0055.png,1,quadrado,22270980,4c24526d67cb3d491401270fae273f53020d3c548ba7c9c984a1f30d73e9ee91,9.075179766178422,90.47510871948725,15.688970591584113,14.338969536820933,246,30,0.502395905873464,6.367475934513632,0.41287631344709513,0.42896644085288543
test,test/quadrado/quadrado_0056.png,1,quadrado,22270981,f36dda7cf90802e6f6b08938db00685e30d7f023444fef302ad1a4a073a92be6,9.964311901350849,351.01238300465474,11.971990811583662,12.64113294083215,199,15,0.26303342332855617,2.3670881404967057,0.33803859629215305,0.4864689267398442
test,test/quadrado/quadrado_0057.png,1,quadrado,22270982,04a7d5ecae2403414e872a73cb0acac6e197e718e0b4517ec1c9562bb4ab04e3,10.19024897498068,333.37148602416823,14.88350351112958,12.406330869101508,180,0,0.23132073279447657,6.278965482500888,0.43739779914067184,0.45650980286725834
test,test/quadrado/quadrado_0058.png,1,quadrado,22270983,460e43e0b3c254ff4c12f6084c8919b68c72eaab482d5c111639563e94e2e236,7.6549446432706985,240.82719953631945,15.948973186514547,9.785337221214817,207,24,0.47038853219193644,1.2164821592128918,0.38316046392573483,0.487084789024666
test,test/quadrado/quadrado_0059.png,1,quadrado,22270984,7d74fd2a9a8a4dbd084fd951d5e457291f2474dc52424c6eb8c5010f3195834a,7.784160221992181,92.93489329805196,13.883638586155305,11.439168729344896,248,8,0.3704980189536521,4.446103150182627,0.3469892145283243,0.466275148962275
test,test/triangulo/triangulo_0000.png,2,triangulo,22280925,41040cc5a0c130330659560920290a1995307b4e940081f9e48685e4c7c9a9e5,7.30410014718493,62.283199218066876,17.185875426903607,9.872354557043348,248,23,0.6466850913336701,4.539113427517641,0.40565599519474965,0.439371012082974
test,test/triangulo/triangulo_0001.png,2,triangulo,22280926,6cb56bfd300539feb61239cb425f52bead55de59021efbbaa2dbe63575ec55f3,10.375507033580115,110.44488919522242,14.393419105014488,15.614156726577633,183,25,0.4168646667581985,1.7731968868040695,0.3328872239950562,0.46860011101769433
test,test/triangulo/triangulo_0002.png,2,triangulo,22280927,2ad08b8c9bb363ecc667a459728e2b39b70a8527b9d6ce77c9c2252f89f7f00b,10.420823338278252,297.69068368522073,12.286291177600317,14.900169909928241,213,28,0.5915211208426632,4.520192420079884,0.3337721288310112,0.42745728790356574
test,test/triangulo/triangulo_0003.png,2,triangulo,22280928,7eb5e38ab5f845f1f6fbe5826bc3aa557d277a7fc51c5e549f66bf86edb4909b,10.370882091234115,316.67059706269526,15.40516714058484,15.458265374512694,228,21,0.6428068890891818,1.5123531384098792,0.336991714189841,0.47666784457478145
test,test/triangulo/triangulo_0004.png,2,triangulo,22280929,b6d16f54d3dca6a9b62e227b79eb041aff64ad93dd3b58a0c3d42f4b3a39ff9a,8.7954597205093,281.2698648706329,17.05128540114524,15.43748493136613,200,0,0.08011574508430518,5.999122101917728,0.43052825994222776,0.46148448932561353
test,test/triangulo/triangulo_0005.png,2,triangulo,22280930,6486c8f3ea0ba72ceb93cfae3bcf2cc018d192b6ecee8c340c4a131ad8a9bf88,9.822438189462758,220.38481469545863,16.107812073332234,16.034880403896842,185,19,0.46010951377599013,6.445743212818721,0.3964492619828881,0.4481416690547564
test,test/triangulo/triangulo_0006.png,2,triangulo,22280931,ce9fc1fb5569aa896810e36a5080f507772fd7998f172769fa2f2a4de3e2c321,9.451877992796902,60.37580598966465,12.12239679491583,13.53271385261992,225,5,0.3833556831468387,0.01973483452584046,0.4058118414650118,0.47077924597764853
test,test/triangulo/triangulo_0007.png,2,triangulo,22280932,9873035e41abb5a7c6801a9f427156e4df7c1437a753ee0573cfeb470bb5e367,7.601179965768737,42.7046973232339,11.098001520379826,16.34470208472038,246,23,0.5698819787610235,4.57997174548646,0.33659413342757194,0.458572933129301
test,test/triangulo/triangulo_0008.png,2,triangulo,22280933,75339db2af413429acf7add0f4252aff21dedddae6d156f87c268892ee747a27,8.800931247700438,78.45828736347079,14.183669845773135,12.183615855274278,216,23,0.60325126565329,1.0312293963594232,0.3229487788244405,0.46918430127121213
test,test/triangulo/triangulo_0009.png,2,triangulo,22280934,bd173da0507c5145aa4394fd3755e02165d13daa37b3a44ac6f6c42bc52adb99,10.22274307372971,75.43250446765417,12.426640119976076,15.34306037371028,253,3,0.37350791991672916,3.930486828229613,0.41718247533213465,0.49098786574031833
test,test/triangulo/triangulo_0010.png,2,triangulo,22280935,f070a234b7bbe0bc5b818a9fa05b818190db5342d1429a70e2b01d558e6a8dc1,7.999966101875606,247.4784509769839,10.85036346157816,10.428927864234598,229,3,0.42563990330697726,2.3249890881032327,0.4352790103669807,0.46134865371546346
test,test/triangulo/triangulo_0011.png,2,triangulo,22280936,78dfc09916807a3b6834a31e45be8678d40845a3ab45caa789e756cd606c7826,9.38995348454611,236.5721887655499,11.604933328233095,14.038361470479252,238,9,0.0658965819935665,1.2189978509245245,0.3280966441820784,0.462175623847521
test,test/triangulo/triangulo_0012.png,2,triangulo,22280937,fa1bc86e84bd063c1f209914f79956f8a4043bd38dda0f1f16d694d01850bf1e,10.254291265395057,258.8940338372712,14.634369452353335,13.682187936393438,233,30,0.06498526605441104,6.912566911683969,0.38099203144560223,0.457144010316853
test,test/triangulo/triangulo_0013.png,2,triangulo,22280938,61c801f99c17a286960532a4648fc3746c27a8b31a10005da9790461dd8b9e81,10.302401529515944,116.58607158517678,15.685547228960022,14.755646398099547,232,16,0.01952684062309053,6.704183307186582,0.38117318603157924,0.4491208013255234
test,test/triangulo/triangulo_0014.png,2,triangulo,22280939,c6d4e3bea1de42e6dd82c5e7ba91b580e4dde206e3a83ece884809e8324fc02d,9.893337765715678,150.72311100603952,13.416067561984653,16.20093053578723,218,12,0.5647652111917543,4.007208653641583,0.36782988208142764,0.4836576420282159
test,test/triangulo/triangulo_0015.png,2,triangulo,22280940,49dce8d7b26873f0e9a36b97b85d68ee149ab5d3e181dc956b188c01195395c3,9.040570114203057,7.102285362875453,16.0234912752185,11.187120277058966,253,0,0.05290291154238124,1.593346973933257,0.32913513987524684,0.4669298785375184
test,test/triangulo/triangulo_0016.png,2,triangulo,22280941,d9f8c7621767ec4837a5f789a9fc50a0cb8d1a5e259ee0273e1db89a2063c8e9,7.223492259504607,341.82888361778106,9.916484797716867,9.240207332157448,196,4,0.18137190469402906,6.273794415131607,0.4326133633802224,0.4998383505595768
test,test/triangulo/triangulo_0017.png,2,triangulo,22280942,8674b8927a51a79ae2c6cedd24a639530cb05b64f9626f2ba36c6b6055f52a8d,7.0245607746570675,263.93627556556754,11.067763085048494,11.479157176422175,204,6,0.4668449458671939,3.742587126126218,0.35541144422351856,0.44120341210069725
test,test/triangulo/triangulo_0018.png,2,triangulo,22280943,aa432c1a6413212ddff7582c1b38130c5280ac8c3d2c5a1f1fcb6e95194ca614,7.918768806959514,323.93431655186384,16.14851893387196,16.89506883229513,237,19,0.5845457384452628,5.653280209676278,0.369257587288511,0.4850872314239847
test,test/triangulo/triangulo_0019.png,2,triangulo,22280944,c880400daef5c05d8d33ce9da82dd20a3b9bb516693b616fac237a54901e1832,9.081218239597817,213.60110477988093,11.909754421041693,13.961497280816074,217,7,0.23522034759192995,6.146898695864808,0.35003690714883057,0.5048247376654424
test,test/triangulo/triangulo_0020.png,2,triangulo,22280945,39cf0e73125df15ddcecef2a6044081438a5c3ae0cae911d804b8d8bcdf898a0,8.839927472251853,71.9275964353248,14.431844267542871,15.21378882635452,180,6,0.4554894722667027,1.2651998652645913,0.3767837403483469,0.4556452903628495
test,test/triangulo/triangulo_0021.png,2,triangulo,22280946,186847db327ab5d74b0df9b51e452c7827d0eebc2e88747828f9b448b3f8ff58,8.659679589100254,53.05706216006764,14.467499373594187,14.789056551797524,221,10,0.6475719733102413,2.9313144264474778,0.4266557332829607,0.45404763788110825
test,test/triangulo/triangulo_0022.png,2,triangulo,22280947,24fd042b81295f0fcd6a29f990360f4679bedd1865b11a10a0a9f9e8334c8c06,9.907222029503771,300.257961071917,14.308547404707193,15.319407577099785,251,22,0.14847971856075268,6.074485699770202,0.4310215375671168,0.485811685841381
test,test/triangulo/triangulo_0023.png,2,triangulo,22280948,108bc7b4f899d58141095815b0b50d6b6f10091c926bdd855e14a16e05b19647,9.895913457016357,124.30898837799592,15.943612472402789,15.306857161982343,192,25,0.25281710414555053,2.606164063269699,0.35369505275250096,0.43959337638169493
test,test/triangulo/triangulo_0024.png,2,triangulo,22280949,a8d2cda7bd70460a881f2684ea3d3797de225406a6f35ed68bcf3fdec6b6073d,8.522844136502124,336.6446519200186,14.090225798417915,13.290832697916024,235,28,0.24842591524227062,0.44438106844367886,0.4326673793520611,0.4484607782415569
test,test/triangulo/triangulo_0025.png,2,triangulo,22280950,872c6e0f2fcb304f9d0ab3c7a18fc88192409c32030660468371c7757440745c,7.239797052179902,8.871714664971323,15.511791990202678,18.798996619915737,240,17,0.06978159766021447,3.9846946708777904,0.3994824386978429,0.471367788917624
test,test/triangulo/triangulo_0026.png,2,triangulo,22280951,c413a4715cac9f49fab1f160effa4e2231feb24d3c4313e70ba00fd96fc14d41,9.251901351561994,267.1177017436325,15.505780631973437,16.749371960027787,209,19,0.33468116092400574,0.028503520474003063,0.3671393613559525,0.45654576553921816
test,test/triangulo/triangulo_0027.png,2,triangulo,22280952,48423cd98c745b374155d6fada9fa4e423616085cbc3d12144ff84a68c2315cd,8.95701979751538,16.47658241098842,12.678287674804583,13.877805185039763,185,10,0.12547198967965315,3.2670830803518163,0.41792779724645324,0.4727901365291167
test,test/triangulo/triangulo_0028.png,2,triangulo,22280953,858951d9001608a15720a501b47f5628b370d13a2dd35ad75de2caaa78119f81,7.702219428079125,51.42322131906023,13.577410580630719,12.677893959023649,192,27,0.1039975574443457,5.655021349334772,0.3500813733713463,0.48578316917533826
test,test/triangulo/triangulo_0029.png,2,triangulo,22280954,d73a22d785becc91ca0888370433537a2cdac4127321c0feeef9702c2805248d,8.158005081796071,201.09230314465583,14.510007494645935,15.625515450109937,215,14,0.0037496161765486315,6.560572319113884,0.3621827873502107,0.4569589522259986
test,test/triangulo/triangulo_0030.png,2,triangulo,22280955,2f6c1f908386d968dbf7c94136478370f3e89c000c075763d18e879b1717aa63,10.396725114963532,134.13563243084678,14.38435725782099,14.56778844222832,217,15,0.04407401845690928,1.6013166484196137,0.3891130689723402,0.4531132315319643
test,test/triangulo/triangulo_0031.png,2,triangulo,22280956,a94270e73e5318d087abb485780eeab49d779a8a1d2091392c0540d22a17643a,10.019580521988509,209.17513760320136,14.30264622889762,15.413452082513988,235,16,0.5897073266703822,1.504879758642348,0.398254751330252,0.4556398037589729
test,test/triangulo/triangulo_0032.png,2,triangulo,22280957,0cd0104211e950ee312773cc421adb0cc020a3b8eef0f624d41d84be1701adb5,9.666704094385153,25.464290039555245,15.766493080649369,12.36911847260628,232,5,0.6372184163819704,4.515949580458135,0.344920749490827,0.43277857805455267
test,test/triangulo/triangulo_0033.png,2,triangulo,22280958,de5632c8e92cabd6cc63eabab7b4f253b82ef2767b5509821cff7777e46f9ded,8.30434280352265,243.41141508652157,17.6590372763784,11.965396350635007,208,1,0.4393679104686432,2.734913362026044,0.3443642248364334,0.44841675153088795
test,test/triangulo/triangulo_0034.png,2,triangulo,22280959,058913521c57ab75eb2d34759c7737742619f4903db935442fd1469281f8d0fb,9.318889406329438,120.73222502903802,13.897548092001916,13.58856573844745,188,8,0.5702861675039491,2.3353673386520857,0.34759482883042014,0.49313230824857557
test,test/triangulo/triangulo_0035.png,2,triangulo,22280960,42d1bd0a399166a3fee4cfb96a46258dc4adea628fec453701d03cf4c8188fc8,9.740679477220107,156.81401024518755,15.337307050692864,16.15606119551767,230,3,0.4031003861195012,1.468949990670589,0.40690395039120403,0.4980867266603523
test,test/triangulo/triangulo_0036.png,2,triangulo,22280961,bbe7b01944bcb59b457bd1dbdf4d3738ff6bf0f75c38e7957136df33fde7a5b8,10.327386052121556,268.024278796302,15.461216582564031,14.746459118043845,249,25,0.04310144413628927,3.8993443053695125,0.425540219761948,0.4578237500602997
test,test/triangulo/triangulo_0037.png,2,triangulo,22280962,3ac169b98d49766f000bb7e4d139e4daaa35f02db100111955dccbd35318be9b,8.54651974501273,280.68147177102657,16.01555621205957,17.240961487567077,248,20,0.063066357269225,0.6590464941133393,0.4042313074071347,0.516958606641288
test,test/triangulo/triangulo_0038.png,2,triangulo,22280963,de7654961f830dbd85b0bc5fc5c43a936bb8bbc1ecd51662eb0379109cdacd16,9.617141195425601,104.5148877089678,13.219128912804354,14.253245161049295,241,17,0.3564995524160875,0.4359784383205808,0.38577834529319066,0.5074175873328366
test,test/triangulo/triangulo_0039.png,2,triangulo,22280964,edf4846d219d8e8a428229937d5e46138eeb3d9c9a61c3b7e13ae7aba32ae2b8,8.092802905656432,15.951923963935302,17.774161796059822,10.922440044311912,196,10,0.5785143706729515,0.5478258370736497,0.4370498415425146,0.47121465624982967
test,test/triangulo/triangulo_0040.png,2,triangulo,22280965,801f104dcd55de6efd0ba4479e6ce0c7db4daff6a8c78c165012168da9f512b4,7.978906710721036,154.6555428088383,14.306662071870509,10.625418639749995,194,21,0.37487980497029444,0.024982848643885114,0.4160129664427836,0.5145776026046331
test,test/triangulo/triangulo_0041.png,2,triangulo,22280966,4bc21a187e0a7462fc0bf690956557b63644a83cc9ca78e16d6cbd50195f37e4,8.048461410161332,212.78927410396994,14.782243864015292,14.269905581591797,209,18,0.4150907663397277,1.3995414091785527,0.3874492684023644,0.4731485049028882
test,test/triangulo/triangulo_0042.png,2,triangulo,22280967,d131b37d2ab411be472abc745a4ca483cf58cc4f6a4d6749fb66ee2a459c2630,10.419624276794494,79.07954506335841,12.345105846126872,12.997599055775751,220,8,0.6220111285482143,0.09948666253727889,0.33058330940388886,0.44712900528597377
test,test/triangulo/triangulo_0043.png,2,triangulo,22280968,012686736714c36dccea0ae6416fa11c7a47e195438c13d023e81b2a1ba47716,7.004375519697825,304.83091827697945,9.165270707765249,13.754716743660781,185,5,0.17476194665621939,2.6265808944934292,0.3244742622631533,0.495290613056746
test,test/triangulo/triangulo_0044.png,2,triangulo,22280969,2b234c2d31188034bf7b42d7474fd9e33ccda0e7a731113e28bb60b9fe47d51b,9.592772216312877,331.86804074951664,15.579548766646395,13.993431893182045,196,5,0.3942751238937257,2.9627194203551612,0.41049850245046454,0.4768026730908584
test,test/triangulo/triangulo_0045.png,2,triangulo,22280970,6b974ebc97389fd51eafb76e2f201318090d3a6c36f464b3d57efdd2c7437cf4,8.921925851092361,45.38872555554663,10.941609450020886,15.588982690394829,230,6,0.18183893707073268,1.324892483730399,0.4081796313807576,0.4502811885148959
test,test/triangulo/triangulo_0046.png,2,triangulo,22280971,1f2d015bab56702a0adf36baf7614a0eb9c868ddf1bb8d3f32c64ae23debddee,8.546521633330858,321.28944874205825,10.745454842914274,10.552978949000595,207,5,0.5263452391425342,3.493657470181421,0.3419915020282196,0.4990008698639517
test,test/triangulo/triangulo_0047.png,2,triangulo,22280972,4343505ef423957c13b7a76d16acd6ec063e5fe3592367cc37f0bc725066b54f,7.385852355180176,66.34780369126842,11.659925682785905,13.42578452036345,208,28,0.30054310459654227,6.239260056050913,0.42055252436368507,0.45885905555481216
test,test/triangulo/triangulo_0048.png,2,triangulo,22280973,5bf46b5216bae231ffd79fd3ba46f89e5397bd2ccca31d2f9995d437c53bfb56,8.510865084098915,46.15693723632161,15.390965407640333,12.814858974411717,236,11,0.563285497130324,5.700746778958066,0.35711623929503694,0.5178113435234246
test,test/triangulo/triangulo_0049.png,2,triangulo,22280974,f4d59925a3fd8f60e329e15b0cc0bbbff595f079d0c7e27ab1d366c52a19e4f6,8.334991014367937,202.58848704162236,11.834945076099848,15.070696625958236,184,13,0.19152167696113387,2.6486339452730414,0.37980411698543287,0.46129297708511124
test,test/triangulo/triangulo_0050.png,2,triangulo,22280975,44c490e32682ffa6550cd8b86cc5f04cf97684f4cd954045ef75602d3f69de89,10.3319678670041,358.51059760086,13.455487275381461,14.33302113252718,224,24,0.19418896842486671,5.67058152718932,0.38344751968559754,0.4899534591791025
test,test/triangulo/triangulo_0051.png,2,triangulo,22280976,2ce66203ac415bea0b184419f6e31beae2c9e31ab1a46c62eef233567d76a9a1,8.991104700103676,121.12832273695889,13.75649426236752,12.934250338911955,252,24,0.29785662466862817,1.7122226038843142,0.4375415457777224,0.4270714026327856
test,test/triangulo/triangulo_0052.png,2,triangulo,22280977,02d72de596c56724a204d4e8d887b7fbb62928d195065d118e198556990c01b9,9.981853207503054,90.00703396224546,14.172688280871952,15.737659332599712,204,18,0.6329724885817489,6.512352599754472,0.32579311302163705,0.5123872144669387
test,test/triangulo/triangulo_0053.png,2,triangulo,22280978,cad559eeb3038f6acce5f611156ec24efcc9b78f61b72041d206314d6b32202c,8.684146251642929,45.88252933228059,12.244074051171005,14.782659214457073,233,7,0.2674680488408384,4.6666028928674805,0.39089558720250106,0.4278205543625341
test,test/triangulo/triangulo_0054.png,2,triangulo,22280979,2b297e79d694e474b38155886e512993156be6996501403f93ae32f1fbc1c5a1,7.908629773472233,94.16686468248632,11.170150864754332,15.665395710499002,214,16,0.3094740837283231,1.1287379215644473,0.40016223054071276,0.42366740326785757
test,test/triangulo/triangulo_0055.png,2,triangulo,22280980,9a31943fe9749f5eb8ca5a5650fcc6ce9683556f272f465e6a49b7068f272112,9.878983961177362,200.45183907418465,11.689629637126998,16.271208874196866,189,28,0.38604885353584245,5.1930663728815265,0.40846977381008115,0.44128753563577505
test,test/triangulo/triangulo_0056.png,2,triangulo,22280981,ab596ffe94b2eca9cdca057c388bdf42b54a166e1a1dac30e81f4e3888da592e,7.4052073964292235,7.115693785072641,16.22064049952494,12.033415898984607,212,9,0.33498202905410573,0.15059542567787232,0.36097754869932885,0.4633028238812801
test,test/triangulo/triangulo_0057.png,2,triangulo,22280982,f8e670d2de0e80200618ce959f275a57e09a28e64d8e2e5a17f7017814411799,7.560016080349502,291.4787449833423,15.797650750897667,14.124631410635674,183,9,0.43840283958111287,3.4850513067250617,0.33101042218407106,0.5037514123660227
test,test/triangulo/triangulo_0058.png,2,triangulo,22280983,ee2cf07542091440ed943235d0a807b31c23241f60854504a7bc8c64957b9de7,7.776110960046335,34.6613704359817,15.853007595843334,14.525247573697985,207,15,0.1678842340257295,4.341079908501783,0.4233734284477333,0.4757861304697416
test,test/triangulo/triangulo_0059.png,2,triangulo,22280984,8d7b9cf0c6c0d7263ec3232aca20671caecb4408ee2b4bbe245cbd13a34e0e88,9.76194569113053,37.345464925132205,15.270708042694292,12.2263843927781,193,4,0.32033236417825434,4.938158516420314,0.41036406751104315,0.42809259663979093
test,test/cruz/cruz_0000.png,3,cruz,22290925,1efc1435489c23b4e060dee5e156fdb094bac76204f66352cf59d69b8807e57d,8.705185521916128,153.2678415431811,17.357513544167958,15.954584548194202,199,30,0.08616858464393136,2.5423623226349155,0.3931776573434722,0.5020008065271586
test,test/cruz/cruz_0001.png,3,cruz,22290926,c5d44f8332c5e771543967d2ebd07f359635da9c3422f1a03b563b2d13f0ac68,8.060245221494762,185.05266216727858,10.403678754815887,16.74620114721544,207,7,0.5032498418446449,5.838062236503294,0.3685748838643436,0.495833196377358
test,test/cruz/cruz_0002.png,3,cruz,22290927,262bf33f3b00c2bb83ff054f74fd083bace9323f0d303794f6fe06597967b08b,7.504188658474918,75.35736019803348,12.802375661928432,16.46425644805276,228,10,0.4328022768172741,6.379319385137597,0.40038815735241023,0.43232439344641727
test,test/cruz/cruz_0003.png,3,cruz,22290928,67d7526bda80c73c93faab6090431f5c7bcdf339e3ecbee1633079903751882e,9.555800723651426,60.0611220282646,13.090495988408556,14.968011848129365,188,29,0.05329947004214859,5.708840273214431,0.3791549544277384,0.4343698697445688
test,test/cruz/cruz_0004.png,3,cruz,22290929,35ba779a7378a1fd15e79e9f9bb1a2c8fb41ab858bcdbf6e41af1c735707971d,8.39748076334817,225.47021141558005,17.371616858515097,14.205387991551124,184,3,0.019579820814945508,5.223013301437172,0.36916478031289357,0.466762641244513
test,test/cruz/cruz_0005.png,3,cruz,22290930,ca4e1456a1ef62400539cd7a119c4312bc7dd1423e0b8595d8a583987c07caf5,8.007875660229377,177.21297710998405,10.583938923493122,10.158074883621005,182,10,0.2765862718743518,4.304287706670847,0.4170549857449019,0.4799465790109953
test,test/cruz/cruz_0006.png,3,cruz,22290931,0d9bb47a70677ce535c9358d649e277411ece8c14fc7f73897c7ca1b16deef7b,7.16890394719045,324.84484954311154,18.37215170876786,18.564020483917815,216,10,0.0014421531853951676,6.1981563852065555,0.42088418228481483,0.5195213599050988
test,test/cruz/cruz_0007.png,3,cruz,22290932,82bf0843b3662977a110df064813e5c3edfc8f3109252313ee8310d52ee7a9fb,7.557450126976407,25.694771046718017,14.878881948858336,13.42667519894361,236,23,0.12138319409365624,6.3630615253446665,0.3723634472740708,0.43804836777125267
test,test/cruz/cruz_0008.png,3,cruz,22290933,d1f97dfbc638b832ee2ff12fc824c3efca17289cbc8c76dd0b4d7755d61acf26,7.248039572324795,64.74287159684646,14.700781715044887,9.967882831320985,202,0,0.02540760815401809,2.2758497288133652,0.4251433518199087,0.5178721537099699
test,test/cruz/cruz_0009.png,3,cruz,22290934,8adeddbefedfa8b9079138b8c5ad03268134b462fa6d6f951ddc51e941830875,7.871093779710808,193.67842552685343,10.048714803084572,14.400219353301594,227,13,0.133519447277152,4.479314488395772,0.36998095610260967,0.45643930424373824
test,test/cruz/cruz_0010.png,3,cruz,22290935,64d4d595b53b293d01a019acf45daf2bfb1a3cbaabd3c77c73f885cd221fd3e1,9.939071144998842,321.30454934532827,14.30872972135916,16.109514590673307,245,15,0.046968545989233536,0.9592405290003516,0.4169383794499923,0.439830453573374
test,test/cruz/cruz_0011.png,3,cruz,22290936,2f49f6ac436651cb59581d46fe94e76c44174f71359c1a6dc29cd9a3d3c5a57d,10.049808656860204,2.430184213448028,13.240598723675362,15.157721597926514,238,26,0.0630951848133399,5.992131318363931,0.3772143382641383,0.512200547639276
test,test/cruz/cruz_0012.png,3,cruz,22290937,2112499d8d0b8f8ec6c929c92698fd54d9bddf7960be5290a3cdf382c3c51868,7.367762722929157,126.02436176734324,13.882920814166525,13.6411883512085,223,22,0.520847722578476,0.1977866944951523,0.36513196498800926,0.4317442320020721
test,test/cruz/cruz_0013.png,3,cruz,22290938,ef28df2eed9cc331fd88da0de0f078025b6cb7c40190a3962294b947b5ed7658,8.526842996141792,135.50205916268018,12.702663692469265,13.521781308714479,198,1,0.32987914073236674,6.19995174939831,0.40743902905463936,0.49662472499963467
test,test/cruz/cruz_0014.png,3,cruz,22290939,6ab943b4c3897a064570f984b0683a89939dce4dc1886c154e8c4029f42e84f0,8.529510586020042,102.00105802952258,15.608768549725827,12.67655773884138,221,24,0.2793354647233582,2.4644141340259655,0.4359357613949226,0.49281042038669987
test,test/cruz/cruz_0015.png,3,cruz,22290940,d939cc5347454310d2e9101b148bc4e3a18930e9a487e14561a03afe50445373,10.024531123226813,23.83278143680004,12.264327642011104,14.553605020449297,247,15,0.5593772792199483,0.07079053190621643,0.3551756578614997,0.43055262129210264
test,test/cruz/cruz_0016.png,3,cruz,22290941,b32daeac91058601cec3c4181e8627e3dc045113da4c395b4145cb972233e23c,9.427513565257863,5.88728295007293,13.320181607229863,12.751075812526919,206,7,0.3054957714369311,0.9701954958924925,0.3255485680400896,0.5115607934039439
test,test/cruz/cruz_0017.png,3,cruz,22290942,98ccfd79513b7359e86a5ec58f7f9997a8b3862220d41826459907ac119003c4,8.66756713421421,340.93282722460935,13.904311961875866,17.108331617075038,249,22,0.542959282625407,6.290804268800008,0.408139004593164,0.4297513214777476
test,test/cruz/cruz_0018.png,3,cruz,22290943,0e16953e422eabb6d28b387df99778fa0fbf186531173371754e20a95cbb67f3,8.830836465174567,213.13556089101834,16.739142649816202,17.04788720879607,197,4,0.1402522299811276,0.3555367569690596,0.4313372525448287,0.4781931103828375
test,test/cruz/cruz_0019.png,3,cruz,22290944,6e121b5032c19a4b6b2160c728080c79b0b665e439af691733753bb4c3fe4269,7.303470214068519,55.62543401561998,17.91404428189671,9.11556445449293,196,0,0.42281476272213075,3.838261175917859,0.4065442746177327,0.5195689399592668
test,test/cruz/cruz_0020.png,3,cruz,22290945,bd6196cd2a4d12ddfd7f678d3deaa8e25dd9137adb4db9fddd3554992d87172c,9.357683441106781,330.6561035660745,13.48112813720522,16.794106719237814,239,19,0.4280305484235399,3.540050645510643,0.4071579736278277,0.49215029454763903
test,test/cruz/cruz_0021.png,3,cruz,22290946,e96ef111f60a04dc1fde24e9c206d140ee18c7dad08c758de0e4515060ff0c1c,7.327401186382939,137.38112154276638,13.704154019510215,11.886445001665779,199,20,0.3984085073298341,2.6757268260300062,0.35212622211927563,0.5125346623059618
test,test/cruz/cruz_0022.png,3,cruz,22290947,7efac50f6fa00710d822626cd80d306ae95862a6347bc3e12fe4010eb9131509,8.658603833134617,10.939528627675633,13.205636966539027,12.964098560883992,251,18,0.35918384745275056,4.087411982497225,0.4292106259370347,0.4232252080696942
test,test/cruz/cruz_0023.png,3,cruz,22290948,53bda544ace015e39155c1470e2eaec4ff1fca0bbd482010bf48169c3bd994f0,8.653225476586574,9.124139372111312,14.354110540932108,11.968133898636138,205,11,0.18474632890816833,6.064498608855354,0.324185237112341,0.42992564983118003
test,test/cruz/cruz_0024.png,3,cruz,22290949,696bace9a2d9b8519ef8c669e80b395f0634d72c593afc0f5035cbd28099fa55,9.373394271297684,329.714010316503,13.724090028356224,15.620357850396065,253,28,0.5590700520678995,4.300562059084308,0.3674803492982328,0.516059796914316
test,test/cruz/cruz_0025.png,3,cruz,22290950,6c84093fa2928b66d71160953532f226223ba812994d9418f4de2195ceaf8b55,7.672575179169342,62.62152345455036,14.700769487131804,11.16573759283285,227,15,0.09916719801419656,3.1825162335521666,0.39978063817799014,0.5102244631835537
test,test/cruz/cruz_0026.png,3,cruz,22290951,1b57bdef017ae78cec8cfcf2e293fa9b2edab295eaab05b0c678aae1e0bb49a9,10.087193859604785,91.2208786710562,12.377063251706426,12.239645862297847,254,28,0.35820547245453394,4.691460574283972,0.334915529239097,0.4635587643606829
test,test/cruz/cruz_0027.png,3,cruz,22290952,fb795ec777c4924abde6ed981a9b4b1db560aca494cd1d4f5354dbda4dd645df,9.474764641676314,131.38212294251093,12.537705726010302,13.25629148424909,197,4,0.3628897075477313,1.455556069260744,0.413796556193837,0.5135905033244563
test,test/cruz/cruz_0028.png,3,cruz,22290953,94f209552f0e934a716d21cfa9868589283c924e87918fa7918dfa01df879485,8.194294830638725,296.9695633181128,11.936454838462685,10.391892628434992,243,21,0.3299047018746485,1.8212925865171976,0.40033446914849813,0.47504710713444487
test,test/cruz/cruz_0029.png,3,cruz,22290954,ae40255734cde62340769dda87fff9be1555f919b0c37b1605950aa7b561b9eb,9.000257125081308,156.46656908522067,15.984328687347773,14.747644648010896,185,15,0.07466471627208184,5.824434647811358,0.42621040078082223,0.46862139243702194
test,test/cruz/cruz_0030.png,3,cruz,22290955,5f26508cc89684bb9059c8d4ec663308b5800fdc1577a9508a30d382a7f6b623,9.597723607430467,277.01273430550225,14.269259353427476,14.501971469721356,182,17,0.07131633469826192,4.088167651330356,0.4016986511239329,0.4393271810057083
test,test/cruz/cruz_0031.png,3,cruz,22290956,c25da2fc5dc7a5289cbb1a01d31b93ca0e1798bc88d9c6af3923d9feea68b8e9,7.705495026357574,310.4691935582432,14.819675195535966,10.212022872240727,229,14,0.4387860732591264,2.549556407857171,0.36181485838497107,0.43987634135787324
test,test/cruz/cruz_0032.png,3,cruz,22290957,0601d705912ba920f832e5608662c18b2cf307f1585c360d5b7b6e7a718ec14e,9.854986313080799,259.37418843406414,14.834549343396167,12.973622920212865,225,16,0.5373862834264252,3.9939890488921286,0.3397107206986515,0.4746574936002712
test,test/cruz/cruz_0033.png,3,cruz,22290958,50aefb29305a7b526d61c2d322bebec2bfc22e0b33fc12fad933b8406fbc234e,7.077989208945771,325.1706031127409,12.768497716000166,14.23558121989391,214,28,0.44573091991015007,6.863774103300841,0.35256351628696336,0.45360937551319785
test,test/cruz/cruz_0034.png,3,cruz,22290959,0449dde4ac01155222000e2c0b726c5f208a87651fcf666b1b69ca25b753ceab,7.891795373749367,304.3950791803339,11.055662327030195,17.381735713607867,222,13,0.5160586821684269,0.4501316692596914,0.38150786637136325,0.43549789968002656
test,test/cruz/cruz_0035.png,3,cruz,22290960,180db51e788f755ae226bd8313271786d0c80b4f42e60971bc22b3f95ca7ac15,7.2535655457552615,342.6413768088252,17.807733795341868,10.235590773792309,214,7,0.06960281658897072,4.160992593843153,0.3276196109141862,0.44673482321545166
test,test/cruz/cruz_0036.png,3,cruz,22290961,ee5321064391628663c4d8693e831e96b37ce534d2de1e4375d55123335e44df,10.142947532600097,354.2950192872221,13.604231514247834,15.816416596127937,210,13,0.4613394800133242,4.273978276150554,0.41298632664776574,0.45259827541845166
test,test/cruz/cruz_0037.png,3,cruz,22290962,9e0e58f172da7f3092b781ba25d43df6d992d84aef35d3b8abc2e42d45748a8b,8.636037559981773,58.9043105998008,14.744996265209389,13.143247711482134,227,10,0.28998485290695986,1.0613586718180859,0.41783691065845435,0.5096910963588358
test,test/cruz/cruz_0038.png,3,cruz,22290963,ba989386d616ec3aa717907efdd480c45f45b695cf8a895d213a963e31c67ff8,7.459640284859844,20.360841656384117,11.656250155888703,10.86437839098028,188,17,0.5483074518100907,4.870752215607934,0.42070040252814145,0.43838970289434465
test,test/cruz/cruz_0039.png,3,cruz,22290964,29fd469df21ea467eb0b4390152517436b6486cb30c9ed0ab3fdb6ee758357c5,8.192006334774174,344.3886590678516,14.347767791279487,15.021055129098794,186,6,0.1726207877833799,0.451128339995413,0.3202784317572074,0.4560316243849659
test,test/cruz/cruz_0040.png,3,cruz,22290965,9c4c6a482b20d022b6de3e5698ee995bd01cf327fd74c4006599f91fbdd31ee5,8.497719273272038,324.9593688100543,14.588450893628249,14.021198016347203,214,21,0.5745273387079823,3.3267444491656923,0.33179400071232085,0.4937206947554413
test,test/cruz/cruz_0041.png,3,cruz,22290966,0ad7f27acd037144c0ec0019f2cac479d646ceaad148c3ac6894f31afa2e71f7,9.155917824357024,30.96978237871282,12.806852210409666,12.221038364436685,226,4,0.3674186822309323,6.554031001657976,0.40388346915896534,0.48018302021410963
test,test/cruz/cruz_0042.png,3,cruz,22290967,f5d6f252a9caabbd6b4cd4970a161f1ce554a961095a82895a042fa479fdf6f6,10.307047985761672,15.897758845693431,12.397942844142031,12.688597086092205,237,15,0.5814128766675378,1.2689753302345792,0.4107580087281575,0.4734435455373745
test,test/cruz/cruz_0043.png,3,cruz,22290968,5e8f045f4b77c5157db3e4d380e55e0a249d9d37fb741d7dcab1a7db95409cb0,8.833083543638823,238.00853713383225,14.278504161629376,14.540444607163122,232,14,0.05907735480396891,1.0139367723487684,0.35581496879311664,0.49742282632136553
test,test/cruz/cruz_0044.png,3,cruz,22290969,5ef1156c657e3da042feca5f54d6f1ed7418880c281e45adf146132fbce1cf56,7.75770005782762,321.2739170649596,16.654178963011468,16.29804726356895,212,16,0.03303613682688051,2.9107981844560213,0.3283143179557906,0.4946764745129615
test,test/cruz/cruz_0045.png,3,cruz,22290970,bc7cb1079d06794900ab71bfb31f47e7297263a0551ec0b3f0fb22b0f7f6e7ce,9.420290866485926,337.91825984397303,12.833808118458217,14.26432697093157,247,2,0.38926834737162425,3.3532340915892855,0.42723574476868936,0.44660885926685107
test,test/cruz/cruz_0046.png,3,cruz,22290971,20cbcd3d0d6c7936bc0e39a65d0dde84a48ab5ed7a978bb71b22352635e7c699,8.92849925180189,33.18974990320074,12.19228053803482,16.535934939023136,207,14,0.6498095552151775,1.7443057884842976,0.4072910403693036,0.42916964815607744
test,test/cruz/cruz_0047.png,3,cruz,22290972,bbdc2bc2bf9d4126b8cc29c3afa127a91e8ed71d7586a0873e519a6902aad0ec,8.089626782479053,209.4556056120025,14.637669476069087,13.395327229625021,199,13,0.024301126334496194,1.0539927864268144,0.3273632278310175,0.42526060380023395
test,test/cruz/cruz_0048.png,3,cruz,22290973,b23df2f2077a69f8a2342f665e49f942629ca811eb8c1d102643046b61a9edc5,7.836498376239461,226.1686769630182,15.517790578871077,12.649116016658247,236,1,0.4408769534169516,3.0474064196996102,0.4354309417152452,0.4767837524133944
test,test/cruz/cruz_0049.png,3,cruz,22290974,6ee7ff4bc090115257e9d1e6b08e0ecf2e47810918138da22dd4fcba0d5a6499,9.239744101081893,278.28680971971204,16.012516863572632,13.824390763094314,239,26,0.5741079066182078,3.725424305080622,0.38002451053760705,0.46647059602184526
test,test/cruz/cruz_0050.png,3,cruz,22290975,b544962f387de589258c02df2722adb47fa5696d3d61a6840caa77382ad22ae0,7.0830078026782815,33.99954403036823,17.78096300865836,13.680960556159297,201,30,0.21268107649751505,2.4815245166871054,0.3649377805452306,0.4897278528769042
test,test/cruz/cruz_0051.png,3,cruz,22290976,b0cb600137f751f367f89f4270ee058fff741bc62d86cf5fbdf7bd9dcb66bff0,8.319213990210331,342.11344993090614,13.264289152806407,17.090307081711074,183,3,0.030955045039786494,2.7173486396499817,0.33093879412405963,0.5028694794134261
test,test/cruz/cruz_0052.png,3,cruz,22290977,679e17568bcc75b820887c7dc9b4726ab7471903c369392ea4ac89f44c160454,9.870821669183702,197.9468311820504,12.317936689620765,15.196917193630973,221,15,0.07624215563348306,3.8428364099280357,0.3227745491501112,0.506027073733649
test,test/cruz/cruz_0053.png,3,cruz,22290978,bbd341913f3ba56c20339ec10d3c349e75b469035117ebce8e3773d55a44d167,10.437865160798252,334.4714282848178,14.533167829549239,13.181786888049546,188,7,0.13322008267883995,4.167976518841576,0.43600046260746383,0.49110489442923533
test,test/cruz/cruz_0054.png,3,cruz,22290979,9602040bac11dab304fb8fbfd6ce38b7b03e17af9a10eec70ebbbfd44b0c0e84,9.042808508943832,196.64636715160282,17.028471340864844,15.69860387254375,232,1,0.5146826428184724,0.8942778653353045,0.34004857593626847,0.4518604767180869
test,test/cruz/cruz_0055.png,3,cruz,22290980,c13edc1db8d29b1579e9d34791b0527afa3c37b5128f5bcdb36d80bb777107da,9.822439042042602,4.892767166455956,14.298277395361827,12.442554821653182,247,29,0.2564123119291604,0.9489914422521081,0.3583440090582148,0.4651730836231726
test,test/cruz/cruz_0056.png,3,cruz,22290981,2b147930b276b17ad63cad664f56411c88ade89ddc93bff5b9632611ac39e95c,9.050206633922706,170.8643466393428,13.856554825551465,12.093209172662565,232,22,0.5966042567874194,2.7448519031819383,0.4271074077148689,0.42909515048104696
test,test/cruz/cruz_0057.png,3,cruz,22290982,6bdddfae4c2b632297226f9bd03942af1efb52c5b0da92fb29ae9b14316d89e7,9.293953975442268,11.659774054703936,14.859054386846292,15.923636626268067,191,23,0.6094879877623063,2.438344306252355,0.3829881503093093,0.4948493269282448
test,test/cruz/cruz_0058.png,3,cruz,22290983,8abfbcff85a2b2ca3b71db76ecf71051ea5950eb7c07195ce3da594684476155,8.683588928565568,272.75971023623543,12.35494068000618,15.571161866409543,223,1,0.1813438744767266,0.7545860832548864,0.41987015799400856,0.4627395915116434
test,test/cruz/cruz_0059.png,3,cruz,22290984,c9096e41fb132c36df7f8b12ec8f1c05b0a35e4ddac1a95f4b8b5db49a3e56ae,8.192196582251905,338.9988502824173,16.115129338149966,15.295989390894148,190,6,0.5045911548345299,5.299194990245621,0.3554251703246354,0.5134308348739574
test,test/estrela/estrela_0000.png,4,estrela,22300925,4f3e27a6de2d880f1cd726fab140a99453bf968fdd318cc33be72af8005763ea,7.240427931761788,11.477450722335742,10.55181845574413,16.529551064806974,203,17,0.2968183113737355,3.4206041259401396,0.42127858369561766,0.43751597576216916
test,test/estrela/estrela_0001.png,4,estrela,22300926,3f7630898437a63a124ba95177acc73d24b8fd8b8fc968683b906e2155e84775,9.092215624770374,53.54245328131193,16.400384595901293,16.415856147320753,213,13,0.6484976201525676,6.428522992875715,0.4319531992368896,0.4872855632437625
test,test/estrela/estrela_0002.png,4,estrela,22300927,093985547156cec6f767fcdd8637b53e4ee96434b724b536466113fc97550063,8.729019995906771,303.68144988728966,11.204453663098445,11.441867662772282,189,2,0.38014414160254084,5.082275569135834,0.3495199111285729,0.480205082450515
test,test/estrela/estrela_0003.png,4,estrela,22300928,9d49715b0cc2210ce2823669e82dd80498d66e5efa7f8fb5709f902472216301,8.253430549611943,202.09121032511865,15.89291384788233,16.694552010496444,214,14,0.11819064468079626,0.7179603269293373,0.43682617657931594,0.448890825293773
test,test/estrela/estrela_0004.png,4,estrela,22300929,8e2b5c6ca86589c8140ac571cc87dcfa2aa40258e6382fe572ac1310e5da456c,9.12967289651802,153.90716246036268,16.511150388809416,11.9460538537738,225,25,0.14748673943049004,0.018986269298722602,0.43909581008498333,0.4533532168870344
test,test/estrela/estrela_0005.png,4,estrela,22300930,0cbed725fdbc9c138898c8804b127e0139a87d964dbaee4ac30c296c4bd2e387,8.1202051778716,227.14336727193287,11.98398958516388,10.179985982634243,237,18,0.08866147373772938,1.822479513257608,0.4053953811857541,0.4991598924486084
test,test/estrela/estrela_0006.png,4,estrela,22300931,202032933a025e1a46375a86b1328bbdb0c5419c5798f99186af73cf6bb008c4,9.22055035161936,113.96064728637631,11.395969684604932,16.580306187494376,198,19,0.06576171169736954,2.957482328952712,0.3884282334159094,0.44461634441163633
test,test/estrela/estrela_0007.png,4,estrela,22300932,05812c751d84218d0e733a6a9315efc70217fb4c461a7f62d07e5fd0f60c852a,7.588947392510502,16.457535673755732,10.652940223594186,10.394846157898463,204,25,0.6407469818776359,5.992405881173312,0.36355301341981006,0.47012356638024105
test,test/estrela/estrela_0008.png,4,estrela,22300933,ae730b26d04fdc1c2b821c43adb86c1db3bee374079fd897466e5308b8c62611,7.264755004401351,249.94652374815993,12.665944526009154,16.28797402559612,226,9,0.3525650267161294,4.920743420915012,0.4258584776361357,0.49484211339012824
test,test/estrela/estrela_0009.png,4,estrela,22300934,b8ffadfeb2978abfa00d7ee5b3d70d6229dbeae8e6f311071a6181c2ae248968,9.486773954707584,79.80005383348215,11.797656278470415,12.382790061051946,224,19,0.1451961884733135,3.077145240128924,0.38747456243736766,0.472464803122092
test,test/estrela/estrela_0010.png,4,estrela,22300935,bd93593e812b8d4d6bf4ab3c2afbbfbdb1f13ce4248d01ab82d798019f2feff7,8.400608386056863,76.0594565076621,15.967523853142843,11.895103200849405,242,26,0.247058247292903,5.762312912485477,0.38278423354514385,0.4490592574090309
test,test/estrela/estrela_0011.png,4,estrela,22300936,ee87a524a4d852e6371fba8a49e672c14ebfc796867f59e828d09f789f702639,10.228164154481975,338.6676088216364,13.028596723830162,15.086962833967771,223,17,0.14187265345932012,1.30885671619893,0.356308853134949,0.43282000034719387
test,test/estrela/estrela_0012.png,4,estrela,22300937,1499b3f9364d368234d56fc461067322c473480a1b0b2e17025e0062a5cfbf27,7.836726254361348,3.3477505059473334,15.06011414205346,16.01531134832788,226,27,0.52801004640462,2.053253793970166,0.4101689796885369,0.4537920318713161
test,test/estrela/estrela_0013.png,4,estrela,22300938,86f4dfcd42d87ae8f459bbb5b6b88f567106c4de9049ab9ef75c60215174cc51,8.704619031922011,180.34617218451004,15.60586061140425,12.627041891344277,180,10,0.5719199764143053,0.2893070619651448,0.3481506728564075,0.45064527716399755
test,test/estrela/estrela_0014.png,4,estrela,22300939,231530e166ffc3d2e3fb28b3e7e785fe907fd15bc055ffea5b8fd352ea712e4c,10.261745666783016,302.54034151707407,13.03928102461244,14.692935082659059,250,23,0.09167710742516726,6.498487987811507,0.38320343157604664,0.4333434509309777
test,test/estrela/estrela_0015.png,4,estrela,22300940,270dc1015d021e62d7fc7a0299d251847ec0518787d28edb8f12b39b03cdd031,9.378827629670212,86.27486727198652,15.539631067554811,12.23449080064643,241,15,0.027784180615970804,1.673646365444633,0.40519844263670535,0.48046758091235653
test,test/estrela/estrela_0016.png,4,estrela,22300941,cbfe23cec40900bf3c1d94fc28e35beb189ebb72a6330f2a3b06e941556099f4,9.26915874018951,108.83036404751199,12.45435799558821,12.548757247836207,209,25,0.6032682869741451,0.43788924556331976,0.3548856678568593,0.5191851507615668
test,test/estrela/estrela_0017.png,4,estrela,22300942,d0ac7fe3da627d7a5f3cc7fded6d751fa9a44e50342e8f0900a0496129f24cdf,7.264925258047562,45.664321018146616,15.13040863709914,12.543390048580074,236,9,0.31804147535421745,1.7364930695797447,0.3549064669232594,0.4255691933570545
test,test/estrela/estrela_0018.png,4,estrela,22300943,5846262378c969bf72e79d0ad53bfd658f334375ebc71ac44cb4f1b7222f7bc4,10.205003808011062,46.161210171384624,15.021843757740752,15.452724503744879,238,21,0.21881170912736295,5.977219114667312,0.3610642666863644,0.46280113919177146
test,test/estrela/estrela_0019.png,4,estrela,22300944,0b5a6871d09c889cf9cf075246a3b67888b1fdfedd0957f493e56656079fcb0d,8.322086813405745,210.33544105392184,11.599737171741896,17.516685256461614,227,24,0.4676779211563084,5.130827649123181,0.3839628285892163,0.5129777066375467
test,test/estrela/estrela_0020.png,4,estrela,22300945,815a77c0ae6665db2430fc44dc8d6acdb1e022bd7770b80713d085ccafa203c2,7.456648615655932,175.8486016313856,14.07940580940421,15.795246155572862,217,7,0.28194275785102274,2.9130152286924544,0.3585539805680873,0.42137029784744723
test,test/estrela/estrela_0021.png,4,estrela,22300946,81beb6b3fc8fae204f445ff6159dc09ccfe60b2b9cc26991052861b742964afd,9.88045699193923,38.00270691474518,13.025672438202587,13.912337342179415,202,21,0.13904849945853084,1.5352171966495431,0.33577719324262145,0.47192735073122727
test,test/estrela/estrela_0022.png,4,estrela,22300947,34a47f2f77b45e02b636b8cf4a279a2966174dcea66606bd7781098ec759a9e0,7.761623620722862,208.68080044172126,12.364013119911993,17.22109599888867,210,3,0.5348162618397249,2.0351976958363176,0.3606379736248723,0.45979412840420153
test,test/estrela/estrela_0023.png,4,estrela,22300948,b3910337fce2d02fef976a1fef469341640f12422412f9380ffc6e8f291eee75,7.271193271182225,62.29474327703543,15.809323941807758,13.406067512904873,199,1,0.25590566051742136,6.849854914492827,0.39286197848991217,0.427365670158872
test,test/estrela/estrela_0024.png,4,estrela,22300949,2a4869284e93ead18c1fde0be885fd454052c3fc9a04082e673e31607f474014,7.557959212951334,104.73355800257342,14.432994593171369,14.214867054631934,219,5,0.267754126670785,6.999186528549597,0.3234588649905732,0.4599895302991719
test,test/estrela/estrela_0025.png,4,estrela,22300950,7ad91c3a8262b1f52f01901ecfcefb891c434cb7eaead405caa0157991992acd,9.246471889314554,95.76549301198436,13.772663229534952,14.76989024048033,208,0,0.25804932290193067,5.414300877569877,0.4002821912985314,0.4592515889922542
test,test/estrela/estrela_0026.png,4,estrela,22300951,53a546017f24ab46e799019d9502606df785e7f987ecbd073da612333bba83b0,9.740785068025705,33.15547396997213,16.41483020332566,12.343457502338703,209,27,0.22067465729035443,2.465514226604648,0.3793785572495373,0.5010716182861789
test,test/estrela/estrela_0027.png,4,estrela,22300952,5c098588bc123f56087a8661905a2c5a4f12943734c892f439723493970d3520,7.635741137236799,351.3158313367855,14.0779178060401,17.209381308130823,181,3,0.1657950226365008,0.9355369350251294,0.3728718590712512,0.5059688337112218
test,test/estrela/estrela_0028.png,4,estrela,22300953,4712e9f1aca1e16ebd224ab7af6461e37c309ee93d15edbed42e9e6721dbc814,9.421447172374549,210.80070317795438,12.108131845768808,13.686228957394434,197,13,0.411282240734602,2.8287979332609288,0.38480157520153335,0.45754065142775824
test,test/estrela/estrela_0029.png,4,estrela,22300954,fd26adc95b7237a1ec0cc873a7684d57b47931f6ee1a1d2ad6e7c007a12925c8,7.131497552021043,6.4928358749310755,13.600408959266382,11.009806168595317,249,16,0.3957857534220324,6.705350483845765,0.33675897334624,0.5017079358949291
test,test/estrela/estrela_0030.png,4,estrela,22300955,7701f8979df8ada019961fa628f49d0b7c334599eb7de0783e818736e57e6980,9.417648013683799,168.73541375688222,16.618851527064912,14.829740643011199,200,20,0.28134762164981264,4.435479804383435,0.3951348581611024,0.49625221462564006
test,test/estrela/estrela_0031.png,4,estrela,22300956,49371dd19a52211d98cb2789c022af27d8ea6459ebead41eb31f04fa5e1c6c27,8.100263787613653,92.32561385006478,11.409687811248093,16.60595143110419,226,23,0.5854795239103505,3.1732821486545237,0.42577387490151264,0.439450320130597
test,test/estrela/estrela_0032.png,4,estrela,22300957,e34cb9497b985108873e1d1a7b20d8f787eaa4d25ac197a8a9125469ac1fde78,8.343940764985067,127.68672606617508,13.053910393761182,12.831236658954204,230,12,0.5110905522012985,2.7195437122385044,0.35851105599988664,0.5057134708552175
test,test/estrela/estrela_0033.png,4,estrela,22300958,a4b028cf7e99675460c7ca828a2ca4cc1a76535059940b9ee50abed56dbd4041,9.302458015720395,35.74219419205334,12.848937655130795,12.288986532310501,200,16,0.38198636938443936,6.532381362701829,0.4384334929780587,0.4306470829707446
test,test/estrela/estrela_0034.png,4,estrela,22300959,6562ecad7a511027dc340896d34aac4e26ca4fe573671538fea0e6abc34dd325,8.36546759511639,145.81129108003915,12.799750056363152,13.165903889737276,221,23,0.08492497954684544,1.2982254346852826,0.36811854173223013,0.49375101310002667
test,test/estrela/estrela_0035.png,4,estrela,22300960,6e532325ac887b9390653b1f1d2c73d2a907bc5d0ec634a0608e041f7742b5a1,9.513813076573408,36.539431307249764,12.962233229843415,11.502537516659126,223,1,0.5857562061360143,3.805717042714351,0.376400397197153,0.46890240080870815
test,test/estrela/estrela_0036.png,4,estrela,22300961,8f931178301b1f67fd9958c0fcadab3d4302c819404a19e03d8109b2351996b3,8.294269399854063,261.017156933843,14.927116733931975,16.736153061470315,220,3,0.5019985374823723,6.337509080640339,0.4113316773208141,0.4286870031019878
test,test/estrela/estrela_0037.png,4,estrela,22300962,f20b39e2006f38351e50e1a0cef650aec72ebc8cb6939b157fd29356cb7068e7,9.884749164149703,229.1629408009013,12.764443797535343,15.16146062040801,200,12,0.3884338988209625,0.49234902974914185,0.4279761686436974,0.42157295408579076
test,test/estrela/estrela_0038.png,4,estrela,22300963,bfbd01d610385a93ccee0c21a3fe8ca0d9994d8c32f2872b609a1043811218d3,7.947930432437261,326.3752695410877,15.57608588841543,12.960887023270608,203,27,0.5004180775385692,5.379346998139728,0.3510958801571627,0.43366223360374373
test,test/estrela/estrela_0039.png,4,estrela,22300964,6d9af881d0d3f6715db190dc5bf7b966c15f5d355c62e3580e2badd09155de4a,8.14023464605175,11.173691087833015,11.318377716653025,11.970689018437545,210,29,0.27422563053057564,2.229347489795364,0.3501252902556479,0.4293802517834715
test,test/estrela/estrela_0040.png,4,estrela,22300965,4865a3ae647d5601b8e52f7493b31c734e6b5a4a013357e3029b5f9f536808e2,8.204407113773389,94.037906203792,17.19565785101832,16.893703096989455,213,0,0.15079082948376246,3.2823391753089997,0.34048021100436876,0.44780659240752274
test,test/estrela/estrela_0041.png,4,estrela,22300966,25b29fcf79808e3c78983b890ec550aa4ce393e753aacc5351ba8500be02a5ae,7.0725850396247605,166.41692810589387,10.36818633101323,10.014713325682557,188,27,0.6063893638934825,1.8443641864439528,0.38881070651133975,0.4796903381930693
test,test/estrela/estrela_0042.png,4,estrela,22300967,9dc8e85601079757cab0b329d3b51a42680d8fa203617d4d84a55f363d870998,9.888722811634953,101.45179745317081,12.855289248606992,13.656577455063196,234,16,0.04535118234973811,4.3252384320507895,0.41105782771026456,0.43245465742817535
test,test/estrela/estrela_0043.png,4,estrela,22300968,fc771e3f75b246577a5d9a934770c20e9c7d1fcda7da8977bec7d1dd14c254c6,7.207595850739138,136.96433093568874,18.89541431055278,16.598567551314062,182,15,0.23178498710713258,4.678499971024862,0.4350999375686457,0.42718613065807015
test,test/estrela/estrela_0044.png,4,estrela,22300969,6b643a70e3e32809e7f1bfa0c740aff3a0161ea2f2e564f045be9e80d196f0ff,7.572354272735424,308.1815107611989,17.948060366568132,13.578034514743248,210,12,0.38372606547804744,5.288536372374618,0.42632212993351415,0.44198659740240775
test,test/estrela/estrela_0045.png,4,estrela,22300970,0694c950544afcb9632bddcded402db677053f4b94cf68a2f3ac59edf4575207,8.575896751803329,37.91043467730642,16.75009390692912,12.020179549660408,195,16,0.17752282835039024,2.726626720424659,0.3221761682564878,0.42334764348041254
test,test/estrela/estrela_0046.png,4,estrela,22300971,6c84ec67d428bcfdbebb3ff6b468089e025e8fb0e2214436ae39076d463c3409,9.645709981572447,332.8109168944935,12.854759663992386,12.915607583316547,220,10,0.6440554411270785,5.728420288890358,0.4044639816083709,0.46577260919136676
test,test/estrela/estrela_0047.png,4,estrela,22300972,cd5819c7176b2ca2da0ff72e8a947b4a6d6fd955e31f74ed84c7ca42053c2f7d,7.806667992876243,163.74640781060316,14.668748105386449,10.548350600613684,191,7,0.4506897562055368,5.211514425347648,0.36313269531840137,0.4845259934549785
test,test/estrela/estrela_0048.png,4,estrela,22300973,9d212ad89ecd645c3315f35c85840d88a43ea0c77096aad6eb61f6b7a0b9679f,7.695451299665941,303.88320995546707,13.211851316535538,13.929361564819665,184,3,0.5090833829645044,4.389225120594868,0.4217698220539621,0.5178736194669806
test,test/estrela/estrela_0049.png,4,estrela,22300974,51d3cf94527d593e46967ab6cebbcac618be6b9cc765cfea6262480c3b3b2d06,8.810019488057057,144.62534178645888,11.559521040349313,13.788766624688412,218,29,0.047095499826839714,1.7233674416962084,0.4033602015627395,0.5072938293386969
test,test/estrela/estrela_0050.png,4,estrela,22300975,f8c9d685a4cfb70d789c0c93911bc772888f55a23b6bf822cae2eb94783ff781,10.432427148538578,270.2539398788132,13.016477911272638,15.75588868966687,241,4,0.2083836464900016,4.2482448213274955,0.3692825760898689,0.504743716591679
test,test/estrela/estrela_0051.png,4,estrela,22300976,2feb4fed5c973d6de82c03c54bd452e4dcef1ee8743608d856e9204ef5948d27,8.731338026469155,262.9319331172514,17.12304594881423,11.262670600214586,223,7,0.5993941853678995,2.1899575747554954,0.39661114563080185,0.5161789864358055
test,test/estrela/estrela_0052.png,4,estrela,22300977,4083cbabb5366ccce3036f429dedb3b92a56c95c5dc83846a4ee7206f31bebc5,9.712214330802478,5.997522145980132,15.508026388149974,15.165849750108277,224,14,0.1611330940508338,5.414976183061992,0.41141585758131427,0.5118174879546873
test,test/estrela/estrela_0053.png,4,estrela,22300978,819b717599f6773bfae207bb781e89c8acdf3542486e95c8ab55edac6b8b20e2,8.894126537752303,71.41101701983986,14.108332347423277,14.358990889234613,184,15,0.480869733645567,5.21948142806537,0.41053320726840525,0.4618603508378198
test,test/estrela/estrela_0054.png,4,estrela,22300979,ec36f553db045a0afbbdc9be3c3ffbfb716fad8a869703648ea6c0d43acaa5b3,8.227621029121188,179.97044293105068,12.928112654437008,13.845573805182104,204,30,0.47295346885177136,4.968545097750365,0.3935719518341107,0.4614867495897337
test,test/estrela/estrela_0055.png,4,estrela,22300980,ef62bea6c10af5314ea8e9ab4ba70e085861faa1cbb1d5632b6987dadaaf4af1,7.5685078013679075,356.78613755270226,15.036283981685429,14.661089280570804,190,23,0.27163954954058633,4.077512796092679,0.40254178452566924,0.43137016607832396
test,test/estrela/estrela_0056.png,4,estrela,22300981,fe7a1cc5ceaae9a26af3ce1645b6857bec474c4fefa9ef455dccce68b889c256,8.155716080080403,343.91028570661695,15.794059211253302,15.053245582713531,190,29,0.4125542808934104,4.151572405273767,0.33408362943139586,0.4705528193113992
test,test/estrela/estrela_0057.png,4,estrela,22300982,55504c9c1c2e392e3b492666b2bba7444c12411c136808416b7ddc9b240cba58,9.447790628477048,238.85453295450492,14.501864490107032,14.538335323095382,222,21,0.3411271960138459,2.7621706195260503,0.3424860357074281,0.4537206931989247
test,test/estrela/estrela_0058.png,4,estrela,22300983,3f62571cd9166219d0602a2c62ca64897ce0cb9ec2a896720d4d875f23a8d888,8.840218476443601,240.56207631212087,14.711020580869985,14.778513453187792,239,1,0.2839407593415188,2.891852108641755,0.3770893418686142,0.45996954760932346
test,test/estrela/estrela_0059.png,4,estrela,22300984,6a3284252fb959974d0ca6d1423f9e2844f13746cf8b9e73d2c4ee016c2452e0,10.413252239762613,304.5076549838635,13.678446486503493,14.954843278032953,222,12,0.11576083349701154,0.9678893485537249,0.40750963073338187,0.47786940463679994
